"avg_type","id","pos","points","sd_pts","dropoff","floor","ceiling","points_vor","floor_vor","ceiling_vor","rank","floor_rank","ceiling_rank","pos_rank","tier","overall_ecr","pos_ecr","sd_ecr","adp","adp_sd","adp_diff","first_name","last_name","team","position","age","exp"
"average","13589","QB",344.747333333333,1.04138433507196,40.0826666666667,343.799,345.6728,67.184,72.4580000000001,60.1328,19,15,27,1,1,25.13,1.03,0.18,15.9525,8.47526216408673,3.0475,"Josh","Allen","BUF","QB",30,2
"average","14783","QB",304.664666666667,2.3482728404794,1.52866666666665,302.3546,306.068,27.1013333333333,31.0136000000001,20.528,50,49,57,2,1,54.4,5.83,1.53,60.435,12.5794385804773,-10.435,"Jalen","Hurts","PHI","QB",28,0
"average","13593","QB",303.136,4.49039508284073,2.15466666666669,300.1128,307.5648,25.5726666666666,28.7718,22.0248,52,51,52,3,1,30.08,2.6,0.96,37.535,11.5460501904331,14.465,"Lamar","Jackson","BAL","QB",29,2
"average","16581","QB",300.981333333333,2.86614817016377,5.85866666666669,298.1896,303.172,23.418,26.8486,17.6319999999999,56,56,61,4,1,50.5,5.44,2.12,55.9725,11.6775112395579,0.0274999999999963,"Jayden","Daniels","WAS","QB",26,-4
"average","16580","QB",295.122666666667,4.42089824960195,7.8293333333333,290.8008,298.4328,17.5593333333333,19.4598,12.8928,63,65,68,5,2,35.91,3.31,1.25,42.035,10.2938586059844,20.965,"Drake","Maye","NEP","QB",24,-4
"average","17032","QB",287.293333333333,3.9621248508008,0.348666666666702,284.818,291.199,9.72999999999996,13.477,5.65899999999993,77,75,86,6,2,96.45,13.1,2.78,95.7975,15.3579171357968,-18.7975,"Jaxson","Dart","NYG","QB",23,-5
"average","14777","QB",286.944666666667,3.49417019238232,2.98466666666667,284.2484,290.3414,9.38133333333326,12.9074,4.80139999999983,79,78,88,7,2,43.82,4.52,1.29,44.9775,10.7752270857741,34.0225,"Joe","Burrow","CIN","QB",30,0
"average","13116","QB",283.96,11.6248354827069,0.97733333333332,276.562,291.358,6.39666666666659,5.22099999999995,5.81799999999993,83,86,84,8,2,100.16,13.75,2.45,89.4225,16.6440084940497,-6.4225,"Patrick","Mahomes","KCC","QB",31,3
"average","12620","QB",282.982666666667,12.5375444698447,2.41266666666667,272.7408,294.9708,5.41933333333327,1.39980000000003,9.43079999999992,86,90,75,9,3,76.12,9.29,1.94,60.385,10.0619096100094,25.615,"Dak","Prescott","DAL","QB",33,4
"average","15237","QB",280.57,10.833065124885,0.620000000000005,272.635,291.193,3.0066666666666,1.29399999999993,5.65299999999991,90,91,87,10,3,76.25,9.36,2.02,75.34,12.0620334106651,14.66,"Trevor","Lawrence","JAC","QB",27,-1
"average","9431","QB",279.95,7.39633693121123,0.189999999999998,275.243,284.657,2.3866666666666,3.90200000000004,-0.883000000000152,91,88,97,11,3,103.69,14.59,2.79,77.5625,16.7212146314196,13.4375,"Matthew","Stafford","LAR","QB",38,11
"average","16579","QB",279.76,17.9887965133857,2.1966666666666,268.312,291.208,2.1966666666666,-3.029,5.66799999999989,93,97,85,12,3,65.34,7.48,2.02,67.7175,17.0627934040707,25.2825,"Caleb","Williams","CHI","QB",25,-4
"average","15698","QB",277.563333333333,8.52813187827988,0.973333333333358,271.341,285.93,0,0,0.389999999999986,94,94,93,13,3,94.72,12.31,2.09,85.415,9.76923871138381,8.58499999999999,"Brock","Purdy","SFO","QB",27,-2
"average","14779","QB",276.59,7.05692567624172,1.31,272.099,281.081,-0.973333333333358,0.757999999999981,-4.45900000000006,96,93,100,14,3,69.97,8.28,2.07,79.8925,20.4234808186558,16.1075,"Justin","Herbert","LAC","QB",28,0
"average","16582","QB",275.28,16.1220346110533,14.28,265.02,285.54,-2.28333333333336,-6.32100000000003,0,98,103,94,15,4,98.83,12.93,1.9,97.7275,20.4818961219414,0.272499999999994,"Bo","Nix","DEN","QB",26,-4
"average","12611","QB",261,10.5500331753033,0.379999999999995,254.286,267.714,-16.5633333333334,-17.0550000000001,-17.826,120,121,118,16,4,106.02,15.32,2.38,97.6925,14.8274026299281,22.3075,"Jared","Goff","DET","QB",32,4
"average","14059","QB",260.62,8.37214428924874,1.63,255.292,265.948,-16.9433333333334,-16.049,-19.5920000000001,121,119,123,17,5,153.44,23.33,2.03,125.7,9.81439758721849,-4.69999999999999,"Daniel","Jones","IND","QB",29,1
"average","13590","QB",258.99,18.0595071915044,5.81000000000003,247.497,270.483,-18.5733333333334,-23.844,-15.057,122,134,116,18,5,120.36,18.51,1.95,117.33,16.7334903711091,4.67,"Baker","Mayfield","TBB","QB",31,2
"average","17039","QB",253.18,8.68327127297082,6.01999999999998,247.654,258.706,-24.3833333333334,-23.687,-26.8340000000001,129,133,133,19,6,126.92,19.68,2.28,129.6525,15.6643789774763,-0.652500000000003,"Tyler","Shough","NOS","QB",27,-5
"average","14782","QB",247.16,1.10308657865102,3.78,246.458,247.862,-30.4033333333334,-24.883,-37.6780000000001,143,137,163,20,6,121.03,18.56,2.14,126.6075,22.0834455814757,16.3925,"Jordan","Love","GBP","QB",28,0
"average","16150","QB",243.38,16.2351716960431,2.07999999999998,233.048,253.712,-34.1833333333334,-38.293,-31.8280000000001,152,155,146,21,6,148.82,23.24,1.6,134.325,20.364486858254,17.675,"C.J.","Stroud","HOU","QB",25,-3
"average","14056","QB",241.3,15.5846334573515,3.03,231.382,251.218,-36.2633333333334,-39.959,-34.3220000000001,156,161,151,22,6,114.13,16.67,2.43,119.2975,21.0802186599191,36.7025,"Kyler","Murray","MIN","QB",29,1
"average","15694","QB",238.27,27.2518953469296,2.34,220.927,255.613,-39.2933333333334,-50.414,-29.927,161,184,138,23,7,135.34,20.4,3,135.14,20.5999550970384,25.86,"Malik","Willis","MIA","QB",27,-2
"average","13592","QB",235.93,20.9445028587456,2.72,222.601,249.259,-41.6333333333334,-48.74,-36.2810000000001,163,178,160,24,7,143.73,22.59,1.9,128.925,14.3722240798006,34.075,"Sam","Darnold","SEA","QB",29,2
"average","16148","QB",233.21,14.7219631843039,24.74,223.841,242.579,-44.3533333333334,-47.5,-42.9610000000001,167,174,175,25,8,186.85,26.09,1.46,117.595,4.005,49.405,"Bryce","Young","CAR","QB",25,-3
"average","17030","QB",208.47,8.4428549673674,1.54000000000002,203.097,213.843,-69.0933333333334,-68.244,-71.6970000000001,229,226,240,26,8,167.82,24.97,1.63,117.285,7.715,111.715,"Cam","Ward","TEN","QB",24,-5
"average","11150","QB",206.93,12.2612315857747,3.63999999999999,199.127,214.733,-70.6333333333334,-72.214,-70.8070000000001,234,244,234,27,9,242,28.34,1.55,132.4,NA,101.6,"Geno","Smith","NYJ","QB",36,7
"average","12616","QB",203.29,38.3676139471821,4.75,178.873,227.707,-74.2733333333334,-92.468,-57.8330000000001,246,317,203,28,9,213.94,26.85,1.97,127.85,NA,118.15,"Jacoby","Brissett","ARI","QB",34,4
"average","7836","QB",198.54,13.2087546725647,34.55,190.134,206.946,-79.0233333333334,-81.207,-78.5940000000001,258,291,255,29,10,236.65,28.33,1.63,123.215,6.715,134.785,"Aaron","Rodgers","PIT","QB",43,15
"average","17462","QB",163.99,14.0997092168598,44.56,155.017,172.963,-113.573333333333,-116.324,-112.577,360,375,351,30,11,272.18,30.7,2.48,139.785,21.538413938821,220.215,"Fernando","Mendoza","LVR","QB",23,-6
"average","16583","QB",119.43,21.7364624536745,5.91000000000001,105.597,133.263,-158.133333333333,-165.744,-152.277,379,384,386,31,12,296.64,32.67,1.91,170.39,NA,208.61,"Michael","Penix Jr.","ATL","QB",26,-4
"average","13113","QB",113.52,70.9369522886344,18.98,68.376,158.664,-164.043333333333,-202.965,-126.876,380,386,382,32,13,299.94,32.94,1.81,159.93,NA,220.07,"Deshaun","Watson","CLE","QB",31,3
"average","14778","QB",94.54,13.717871555019,8.69000000000001,85.81,103.27,-183.023333333333,-185.531,-182.27,381,385,388,33,14,282.04,31.37,2.03,154.4,NA,226.6,"Tua","Tagovailoa","ATL","QB",28,0
"average","17031","QB",85.85,69.0560482506782,50.39,41.903,129.797,-191.713333333333,-229.438,-155.743,382,387,387,34,15,303.84,34.37,3.6,161.7,NA,220.3,"Shedeur","Sanders","CLE","QB",24,-5
"average","10700","QB",35.46,4.12950360212944,11.09,32.832,38.088,-242.103333333333,-238.509,-247.452,383,388,390,35,16,297.21,32.83,2.09,164.69,NA,218.31,"Kirk","Cousins","LVR","QB",38,8
"average","16584","QB",24.37,22.6132748623458,1.09,9.979,38.761,-253.193333333333,-261.362,-246.779,384,404,389,36,17,327.58,37.67,3.84,NA,NA,NA,"J.J.","McCarthy","MIN","QB",23,-4
"average","12141","QB",23.28,NA,2.51,23.28,23.28,-254.283333333333,-248.061,-262.26,385,389,393,37,17,350.18,43,4.07,NA,NA,NA,"Marcus","Mariota","WAS","QB",33,5
"average","17463","QB",20.77,18.9928881426707,2.65000000000001,8.683,32.857,-256.793333333333,-262.658,-252.683,386,418,391,38,17,344.47,40.39,4.25,147.29,NA,238.71,"Ty","Simpson","LAR","QB",24,-6
"average","17466","QB",18.12,12.4733636201307,4.78,10.182,26.058,-259.443333333333,-261.159,-259.482,387,403,392,39,17,322.87,38.05,8.15,189.56,NA,197.44,"Carson","Beck","ARI","QB",25,-6
"average","16585","QB",13.34,NA,1.04,13.34,13.34,-264.223333333333,-258.001,-272.2,388,390,394,40,18,349.43,45.81,7.21,NA,NA,NA,"Joe","Milton","DAL","QB",26,-4
"average","15252","QB",12.3,NA,0.160000000000002,12.3,12.3,-265.263333333333,-259.041,-273.24,389,391,395,41,18,NA,53.78,4.78,NA,NA,NA,"Davis","Mills","HOU","QB",28,-1
"average","15697","QB",12.14,NA,0.0199999999999978,12.14,12.14,-265.423333333333,-259.201,-273.4,390,392,396,42,18,NA,NA,NA,NA,NA,NA,"Desmond","Ridder","FA","QB",27,-2
"average","14789","QB",12.12,NA,0.0200000000000014,12.12,12.12,-265.443333333333,-259.221,-273.42,391,393,397,43,18,NA,55,1.76,NA,NA,NA,"Tyler","Huntley","BAL","QB",28,0
"average","13119","QB",12.1,NA,0.0600000000000005,12.1,12.1,-265.463333333333,-259.241,-273.44,392,394,398,44,18,NA,66,14.61,NA,NA,NA,"Joshua","Dobbs","DET","QB",31,3
"average","15248","QB",12.04,NA,0.279999999999999,12.04,12.04,-265.523333333333,-259.301,-273.5,393,395,399,45,18,NA,89.67,14.97,NA,NA,NA,"Shane","Buechele","BUF","QB",28,-1
"average","14067","QB",11.76,NA,0.0399999999999991,11.76,11.76,-265.803333333333,-259.581,-273.78,394,396,400,46,18,353.67,52.15,10.07,NA,NA,NA,"Gardner","Minshew","ARI","QB",30,1
"average","16384","QB",11.72,NA,0.100000000000001,11.72,11.72,-265.843333333333,-259.621,-273.82,395,397,401,47,18,366.5,56.4,11.3,NA,NA,NA,"Tyson","Bagent","CHI","QB",26,-3
"average","14063","QB",11.62,NA,0.279999999999998,11.62,11.62,-265.943333333333,-259.721,-273.92,396,398,402,48,18,NA,54.14,5.22,NA,NA,NA,"Jarrett","Stidham","DEN","QB",30,1
"average","16149","QB",11.34,NA,0.24,11.34,11.34,-266.223333333333,-260.001,-274.2,397,399,403,49,18,NA,69.5,8.2,NA,NA,NA,"Will","Levis","TEN","QB",27,-3
"average","13595","QB",11.1,NA,0.340000000000002,11.1,11.1,-266.463333333333,-260.241,-274.44,398,400,404,50,18,NA,58.8,9.2,NA,NA,NA,"Mason","Rudolph","PIT","QB",31,2
"average","15702","QB",10.76,NA,0.4,10.76,10.76,-266.803333333333,-260.581,-274.78,399,401,406,51,18,NA,62.2,5.56,NA,NA,NA,"Tanner","McKee","PHI","QB",26,-3
"average","16152","QB",10.36,NA,0.279999999999999,10.36,10.36,-267.203333333333,-260.981,-275.18,400,402,407,52,18,348.27,44.63,13.5,NA,NA,NA,"Anthony","Richardson","IND","QB",24,-3
"average","15238","QB",10.08,1.49906637611548,0.4,9.126,11.034,-267.483333333333,-262.215,-274.506,401,412,405,53,18,347.32,39.81,2.9,NA,NA,NA,"Justin","Fields","KCC","QB",27,-1
"average","14358","QB",9.68,NA,0.0600000000000005,9.68,9.68,-267.883333333333,-261.661,-275.86,402,405,408,54,18,348,57.13,9.66,NA,NA,NA,"Jake","Browning","TBB","QB",30,1
"average","13115","QB",9.62,NA,0.16,9.62,9.62,-267.943333333333,-261.721,-275.92,403,406,409,55,18,NA,65.83,4.37,NA,NA,NA,"Mitchell","Trubisky","TEN","QB",32,3
"average","17702","QB",9.62,NA,0,9.62,9.62,-267.943333333333,-261.721,-275.92,403,406,409,55,18,NA,79.33,13.82,NA,NA,NA,"Behren","Morton","NEP","QB",24,-6
"average","14057","QB",9.46,NA,0.0199999999999978,9.46,9.46,-268.103333333333,-261.881,-276.08,404,407,410,56,18,NA,64.4,11.29,NA,NA,NA,"Drew","Lock","SEA","QB",30,1
"average","17035","QB",9.44,NA,0.140000000000001,9.44,9.44,-268.123333333333,-261.901,-276.1,405,408,411,57,18,365,45.22,5.69,NA,NA,NA,"Riley","Leonard","IND","QB",24,-5
"average","16868","QB",9.3,NA,0.0599999999999987,9.3,9.3,-268.263333333333,-262.041,-276.24,406,409,413,58,18,NA,94.33,16.74,NA,NA,NA,"Adrian","Martinez","SFO","QB",26,-3
"average","17465","QB",9.24,NA,0.0400000000000027,9.24,9.24,-268.323333333333,-262.101,-276.3,407,410,414,59,18,NA,67.33,5.85,NA,NA,NA,"Garrett","Nussmeier","KCC","QB",24,-6
"average","17654","QB",9.2,NA,0.0999999999999979,9.2,9.2,-268.363333333333,-262.141,-276.34,408,411,415,60,18,NA,86.5,0.5,NA,NA,NA,"Cole","Payton","PHI","QB",24,-6
"average","16586","QB",9.1,NA,1.77635683940025e-15,9.1,9.1,-268.463333333333,-262.241,-276.44,409,413,416,61,18,NA,54.44,4.42,NA,NA,NA,"Spencer","Rattler","NOS","QB",26,-4
"average","17033","QB",9.1,NA,0.199999999999998,9.1,9.1,-268.463333333333,-262.241,-276.44,409,413,416,62,18,NA,56.63,9.01,NA,NA,NA,"Jalen","Milroe","SEA","QB",24,-5
"average","10313","QB",8.9,NA,0.0400000000000009,8.9,8.9,-268.663333333333,-262.441,-276.64,410,414,417,63,18,NA,70.4,13.99,NA,NA,NA,"Andy","Dalton","PHI","QB",39,9
"average","15240","QB",8.86,NA,0.0200000000000014,8.86,8.86,-268.703333333333,-262.481,-276.68,411,415,418,64,18,NA,50.63,5.57,NA,NA,NA,"Trey","Lance","LAC","QB",26,-1
"average","17036","QB",8.84,NA,0.119999999999999,8.84,8.84,-268.723333333333,-262.501,-276.7,412,416,419,65,18,NA,67.17,13.21,NA,NA,NA,"Will","Howard","PIT","QB",25,-5
"average","17468","QB",8.84,NA,0,8.84,8.84,-268.723333333333,-262.501,-276.7,412,416,419,65,18,330,56,8.16,NA,NA,NA,"Drew","Allar","PIT","QB",22,-6
"average","15948","QB",8.72,NA,0.119999999999999,8.72,8.72,-268.843333333333,-262.621,-276.82,413,417,420,66,18,NA,NA,NA,NA,NA,NA,"Chris","Oladokun","KCC","QB",29,-2
"average","15692","QB",8.6,NA,0.100000000000001,8.6,8.6,-268.963333333333,-262.741,-276.94,414,419,421,67,18,NA,64.33,4.82,NA,NA,NA,"Kenny","Pickett","CAR","QB",28,-2
"average","17467","QB",8.5,NA,0.0199999999999996,8.5,8.5,-269.063333333333,-262.841,-277.04,415,420,422,68,18,345.62,42.63,5.46,NA,NA,NA,"Cade","Klubnik","NYJ","QB",23,-6
"average","13968","QB",8.48,NA,0.220000000000001,8.48,8.48,-269.083333333333,-262.861,-277.06,416,421,423,69,18,NA,69.6,17.17,NA,NA,NA,"Nick","Mullens","JAC","QB",31,3
"average","15241","QB",8.26,1.72534054609518,0.220000000000001,7.162,9.358,-269.303333333333,-264.179,-276.182,417,425,412,70,18,337.31,38.18,2.85,216.18,NA,200.82,"Mac","Jones","SFO","QB",28,-1
"average","13879","QB",8.04,NA,0.139999999999999,8.04,8.04,-269.523333333333,-263.301,-277.5,418,422,424,71,18,NA,64.8,19.75,NA,NA,NA,"Kyle","Allen","BUF","QB",30,2
"average","17040","QB",7.9,NA,0.0399999999999991,7.9,7.9,-269.663333333333,-263.441,-277.64,419,423,425,72,18,NA,79.2,11.07,NA,NA,NA,"Brady","Cook","NYJ","QB",25,-5
"average","17034","QB",7.86,NA,2.23,7.86,7.86,-269.703333333333,-263.481,-277.68,420,424,426,73,18,NA,50.46,5.87,NA,NA,NA,"Quinn","Ewers","MIA","QB",23,-5
"average","9064","QB",5.63,1.31521861300698,0.24,4.793,6.467,-271.933333333333,-266.548,-279.073,421,427,427,74,18,340.3,40.91,3.01,NA,NA,NA,"Joe","Flacco","CIN","QB",41,12
"average","12140","QB",5.39,0.806101730552665,0,4.877,5.903,-272.173333333333,-266.464,-279.637,422,426,428,75,18,355.08,40.89,2.53,NA,NA,NA,"Jameis","Winston","NYG","QB",32,5
"average","16162","RB",302,12.0996900786755,25.7566666666667,291.72,313.365,167.5,161.015,174.05,1,1,1,1,1,1.39,1.19,0.39,1.4825,0.29852763691156,-0.4825,"Jahmyr","Gibbs","DET","RB",24,-3
"average","16161","RB",276.243333333333,7.18815924512899,4.35666666666668,269.283,281.883,141.743333333333,138.578,142.568,2,2,3,2,1,2.72,1.88,0.48,2.305,0.394112927978771,-0.305,"Bijan","Robinson","ATL","RB",24,-3
"average","14802","RB",271.886666666667,14.3882255102335,13.7733333333333,261.896,286.061,137.386666666667,131.191,146.746,3,3,2,3,2,7.13,3.7,1.19,6.21,2.45399674001413,-3.21,"Jonathan","Taylor","IND","RB",27,0
"average","12626","RB",258.113333333333,12.8318756747926,4.38999999999999,248.464,270.649,123.613333333333,117.759,131.334,4,4,4,4,3,15.17,6.99,1.63,14.3175,7.74645846500193,-10.3175,"Derrick","Henry","BAL","RB",32,4
"average","13130","RB",253.723333333333,9.26610130169823,19.33,244.942,261.457,119.223333333333,114.237,122.142,5,5,5,5,4,10.58,5.08,2.01,8.1125,2.4965914263251,-3.1125,"Christian","McCaffrey","SFO","RB",30,3
"average","15715","RB",234.393333333333,6.06466267267466,2.36333333333334,228.778,239.668,99.8933333333333,98.073,100.353,7,8,9,6,4,10.17,4.62,1.2,9.6175,1.93324047909203,-2.6175,"James","Cook","BUF","RB",27,-2
"average","16167","RB",232.03,9.59545204771512,8.61333333333334,226.171,241.48,97.53,95.466,102.165,9,10,8,7,5,25.3,10.6,2.96,14.2,2.94300016989466,-5.2,"De'Von","Achane","MIA","RB",25,-3
"average","13604","RB",223.416666666667,4.58321211960927,6.66666666666666,220.085,227.915,88.9166666666667,89.38,88.6,11,11,10,8,6,16.94,7.72,2,14.6375,4.10919928331542,-3.6375,"Saquon","Barkley","PHI","RB",29,2
"average","14073","RB",216.75,9.40452018978107,1.06333333333333,210.765,222.735,82.25,80.06,83.42,12,13,14,9,6,36.91,14.31,2.99,30.275,9.6099232567175,-18.275,"Josh","Jacobs","GBP","RB",28,1
"average","16181","RB",215.686666666667,12.4598970033196,4.66333333333333,205.136,227.411,81.1866666666667,74.431,88.096,14,14,11,10,6,21.7,9.27,2.67,16.6475,2.72122559704263,-2.6475,"Chase","Brown","CIN","RB",26,-3
"average","15711","RB",211.023333333333,13.8260490861755,8.02333333333334,198.512,223.397,76.5233333333333,67.807,84.082,15,16,13,11,7,23.83,9.9,3.18,20.105,3.46647876093306,-5.105,"Kenneth","Walker III","KCC","RB",26,-2
"average","17042","RB",203,14.7078210486802,1.09999999999997,193.64,212.36,68.5,62.935,73.045,16,18,18,12,7,30.22,12.33,3.52,16.555,1.86006048288759,-0.555,"Ashton","Jeanty","LVR","RB",23,-5
"average","15710","RB",201.9,9.0509667991878,0.200000000000017,196.14,207.66,67.4,65.4350000000001,68.345,17,17,19,13,7,31.51,12.69,2.16,26.26,6.14307740468896,-9.26,"Kyren","Williams","LAR","RB",26,-2
"average","15256","RB",201.7,26.4457936163769,1.34999999999999,184.87,218.53,67.2,54.165,79.215,18,25,15,14,8,35.31,13.82,2.64,32.9575,5.210462431493,-14.9575,"Javonte","Williams","DAL","RB",26,-1
"average","15708","RB",200.35,28.2135605693433,2.5,182.395,218.305,65.85,51.69,78.99,20,27,16,15,8,41.95,16.18,1.95,38.66,4.41782186150596,-18.66,"Breece","Hall","NYJ","RB",25,-2
"average","17044","RB",197.85,13.930003589375,0.100000000000023,188.985,206.715,63.35,58.2800000000001,67.4,21,23,20,16,8,25.23,10.61,2.68,22.065,2.30227604774058,-1.065,"Omarion","Hampton","LAC","RB",23,-5
"average","17472","RB",197.75,12.5157900270019,3.09999999999999,189.785,205.715,63.25,59.08,66.4,22,22,23,17,8,47.38,18.23,2.58,32.0575,2.73905435323945,-10.0575,"Jeremiyah","Love","ARI","RB",21,-6
"average","15253","RB",194.65,4.31335136523792,5.25,191.905,197.395,60.15,61.2,58.08,24,19,28,18,9,48.38,18.62,2.72,41.7475,4.27294614405564,-17.7475,"Travis","Etienne","NOS","RB",27,-1
"average","14797","RB",189.4,17.1119841047144,2.50000000000003,178.51,200.29,54.9,47.805,60.975,28,33,26,19,9,49.92,19.13,3.05,43.745,10.0027233791603,-15.745,"D'Andre","Swift","CHI","RB",27,0
"average","17045","RB",186.9,15.556349186104,2.04999999999995,177,196.8,52.4,46.295,57.485,30,35,29,20,9,54.73,21.12,2.88,39.8175,7.38336771060469,-9.8175,"Cam","Skattebo","NYG","RB",24,-5
"average","17051","RB",184.85,10.3944696834423,4.15000000000001,178.235,191.465,50.35,47.53,52.15,32,34,33,21,10,54.23,21.06,3.27,53.52,5.26211459396315,-21.52,"Quinshon","Judkins","CLE","RB",23,-5
"average","16598","RB",180.7,18.6676190233248,10.6,168.82,192.58,46.2,38.1150000000001,53.265,35,41,31,22,11,56.15,21.71,3,49.4575,8.42501149850847,-14.4575,"Bucky","Irving","TBB","RB",24,-4
"average","17052","RB",170.1,9.47523086789974,5.30000000000004,164.07,176.13,35.6,33.365,36.815,42,45,41,23,11,60.69,23.24,3.28,56.6025,9.1382338966564,-14.6025,"Bhayshul","Tuten","JAC","RB",23,-5
"average","17473","RB",164.8,9.05096679918782,0.599999999999994,159.04,170.56,30.3,28.335,31.245,46,52,46,24,11,62.89,24.16,3.29,65.1125,7.61246798022823,-19.1125,"Jadarian","Price","SEA","RB",23,-6
"average","14071","RB",164.2,8.62670273047587,7,158.71,169.69,29.7,28.005,30.375,47,53,47,25,12,55.66,21.59,2.91,52.9225,5.35205743149305,-5.9225,"David","Montgomery","HOU","RB",29,1
"average","14800","RB",157.2,4.52548339959389,1.54999999999998,154.32,160.08,22.7,23.615,20.765,57,60,56,26,12,82.32,31.05,3.45,85.8425,15.548791552722,-28.8425,"J.K.","Dobbins","DEN","RB",28,0
"average","14823","RB",155.65,2.75771644662752,0.799999999999983,153.895,157.405,21.15,23.19,18.09,59,62,59,27,12,83.47,31.31,3.63,85.355,10.8638149376727,-26.355,"Rico","Dowdle","PIT","RB",28,0
"average","17043","RB",154.85,1.0606601717798,4.05000000000001,154.175,155.525,20.35,23.47,16.21,60,61,64,28,13,66.84,25.83,3.46,64.5725,4.87015079335333,-4.5725,"TreVeyon","Henderson","NEP","RB",24,-5
"average","15259","RB",150.8,4.52548339959389,5.05000000000001,147.92,153.68,16.3,17.2150000000001,14.365,64,69,66,29,13,74.92,28.61,3.12,77.5075,8.65168011140033,-13.5075,"Rhamondre","Stevenson","NEP","RB",28,-1
"average","14085","RB",145.75,2.89913780286484,2.5,143.905,147.595,11.25,13.2,8.28,76,77,79,30,14,78.01,29.88,3.1,79,10.9299473923711,-3,"Tony","Pollard","TEN","RB",29,1
"average","15742","RB",143.25,7.28319984622143,3.5,138.615,147.885,8.75,7.91000000000005,8.56999999999999,80,82,77,31,14,78.28,29.81,2.62,75.22,7.12722596807482,4.78,"Jaylen","Warren","PIT","RB",28,-2
"average","16597","RB",139.75,14.2128463018496,1.64999999999998,130.705,148.795,5.25,0,9.48000000000002,87,94,74,32,14,85.22,31.7,4.67,91.3375,5.2565881282444,-4.33750000000001,"Jonathon","Brooks","CAR","RB",23,-4
"average","17066","RB",138.1,6.92964645562815,1.25,133.69,142.51,3.60000000000002,2.98500000000004,3.19499999999999,89,89,90,33,14,102.71,37.12,3.7,105.5825,11.0624282483549,-16.5825,"Kyle","Monangai","CHI","RB",24,-5
"average","17256","RB",136.85,2.61629509039024,2.35000000000002,135.185,138.515,2.35000000000002,4.48000000000002,-0.799999999999983,92,87,96,34,14,90.86,33.45,3.24,103.075,10.9902536367456,-11.075,"Jacory","Croskey-Merritt","WAS","RB",25,-5
"average","15972","RB",134.5,4.66690475583121,1.94999999999999,131.53,137.47,0,0.825000000000045,-1.845,94,92,98,35,15,96.77,35.07,4.39,106.035,11.4199616899533,-12.035,"Jordan","Mason","MIN","RB",27,-2
"average","15261","RB",132.55,6.5760930650349,3,128.365,136.735,-1.94999999999999,-2.33999999999997,-2.57999999999998,97,96,99,36,15,97.05,35.36,4.24,94.0625,10.4156141801624,2.9375,"Chuba","Hubbard","CAR","RB",27,-1
"average","16593","RB",129.55,15.3442171517481,1.65000000000001,119.785,139.315,-4.94999999999999,-10.92,0,99,113,94,37,15,87.98,32.68,3.23,106.2075,6.25604257897914,-7.2075,"Blake","Corum","LAR","RB",26,-4
"average","15255","RB",127.9,3.67695526217004,3.30000000000001,125.56,130.24,-6.59999999999999,-5.14499999999997,-9.07499999999999,102,101,104,38,16,115.6,40.03,2.56,116.0925,3.5732434495847,-14.0925,"Kenneth","Gainwell","TBB","RB",27,-1
"average","15721","RB",124.6,2.96984848098348,0.199999999999989,122.71,126.49,-9.90000000000001,-7.99499999999996,-12.825,106,106,110,39,16,113.7,39.69,3.88,126.6075,5.21043844124465,-20.6075,"Rachaad","White","WAS","RB",27,-2
"average","13319","RB",124.4,3.1112698372208,2.15000000000001,122.42,126.38,-10.1,-8.28499999999997,-12.935,107,107,111,40,16,119.05,41.42,3.74,117.8675,4.72599923296651,-10.8675,"Aaron","Jones","MIN","RB",32,3
"average","17068","RB",122.25,29.6277741317163,14.85,103.395,141.105,-12.25,-27.31,1.78999999999999,112,144,91,41,17,111.09,38.99,3.99,100.21,7.16827036320478,11.79,"RJ","Harvey","DEN","RB",25,-5
"average","16169","RB",107.4,2.26274169979694,4.05,105.96,108.84,-27.1,-24.745,-30.475,138,135,140,42,18,141.02,48.49,6.78,131.96,2.75234445518725,6.03999999999999,"Zach","Charbonnet","SEA","RB",25,-3
"average","15749","RB",103.35,7.00035713374682,0.450000000000003,98.895,107.805,-31.15,-31.81,-31.51,146,150,144,43,18,152.71,52.2,5.83,146.82,14.7952897910112,-0.819999999999993,"Isiah","Pacheco","DET","RB",27,-2
"average","17053","RB",102.9,5.37401153701777,3,99.48,106.32,-31.6,-31.225,-32.995,148,149,147,44,18,132.08,45.45,5.11,136.615,5.03993303526942,11.385,"Woody","Marks","HOU","RB",26,-5
"average","16165","RB",99.9,7.63675323681472,11,95.04,104.76,-34.6,-35.665,-34.555,153,152,153,45,19,156.97,52.75,7.24,149.8825,9.57905625570702,3.11750000000001,"Tyjae","Spears","TEN","RB",25,-3
"average","16174","RB",88.9,39.315137033972,0.599999999999994,63.88,113.92,-45.6,-66.825,-25.395,171,222,128,46,19,116.8,40.87,4.64,137.865,10.6210016006025,33.135,"Chris","Rodriguez","JAC","RB",26,-3
"average","13146","RB",88.3,0,4.40000000000001,88.3,88.3,-46.2,-42.405,-51.015,172,165,189,47,20,215.85,67.25,8.69,180.44,NA,-8.44,"James","Conner","ARI","RB",31,3
"average","15738","RB",83.9,NA,1.8,83.9,83.9,-50.6,-46.805,-55.415,177,172,196,48,20,246.07,73.53,7.34,235.45,NA,-58.45,"Malik","Davis","DAL","RB",28,-2
"average","13132","RB",82.1,0.282842712474623,2.40000000000001,81.92,82.28,-52.4,-48.785,-57.035,179,179,202,49,20,173.44,58.17,7.79,149.3075,15.7262064322582,29.6925,"Alvin","Kamara","NOS","RB",31,3
"average","14086","RB",79.7,6.36396103067893,0.149999999999991,75.65,83.75,-54.8,-55.055,-55.565,186,197,197,50,20,249.47,75.26,10.08,186.41,NA,-0.409999999999997,"Justice","Hill","BAL","RB",29,1
"average","15716","RB",79.55,4.73761543394987,1.5,76.535,82.565,-54.95,-54.17,-56.75,188,194,200,51,20,149.08,50.49,4.62,156.095,21.3686177606321,31.905,"Brian","Robinson","ATL","RB",27,-2
"average","17482","RB",78.05,42.2142748368369,0.40000000000002,51.185,104.915,-56.45,-79.52,-34.4,192,285,152,52,20,155.03,51.34,9.46,135.0825,11.0696575714879,56.9175,"Mike","Washington Jr.","LVR","RB",23,-6
"average","15712","RB",77.65,16.3341666454092,0.84999999999998,67.255,88.045,-56.85,-63.45,-51.27,195,218,191,53,21,129.05,44.61,4.09,145.3025,9.59288896787615,49.6975,"Tyler","Allgeier","ARI","RB",26,-2
"average","14805","RB",76.8,NA,0.850000000000009,76.8,76.8,-57.7,-53.905,-62.515,198,193,219,54,21,NA,146,12.3,NA,NA,NA,"AJ","Dillon","CAR","RB",28,0
"average","16596","RB",75.95,32.7390439689371,0.649999999999991,55.115,96.785,-58.55,-75.59,-42.53,199,260,173,55,21,158.49,53.49,6.65,154.813333333333,17.1837235649191,44.1866666666667,"Braelon","Allen","NYJ","RB",22,-4
"average","16164","RB",75.3,28.4256926036992,1.80000000000001,57.21,93.39,-59.2,-73.495,-45.925,203,251,177,56,21,142.5,48.1,3.66,149.8975,14.5397668052139,53.1025,"Tank","Bigsby","PHI","RB",25,-3
"average","16604","RB",73.5,NA,0.75,73.5,73.5,-61,-57.205,-65.815,205,203,225,57,21,169.04,55.06,11.52,147.2825,9.98120327165017,57.7175,"MarShawn","Lloyd","GBP","RB",25,-4
"average","13133","RB",72.75,0.353553390593264,2.15000000000001,72.525,72.975,-61.75,-58.18,-66.34,207,206,228,58,21,255.9,76.31,9.52,207.77,NA,-0.77000000000001,"Samaje","Perine","CIN","RB",31,3
"average","17485","RB",72.75,41.5071680556503,0,46.335,99.165,-61.75,-84.37,-40.15,207,298,167,58,21,214.81,66.49,12.84,155.763333333333,16.4983682694852,51.2366666666667,"Kaelon","Black","SFO","RB",25,-6
"average","14095","RB",70.6,14.0007142674936,2.3,61.69,79.51,-63.9,-69.015,-59.805,213,230,210,59,21,263.67,78.32,7.71,NA,NA,NA,"Ty","Johnson","BUF","RB",29,1
"average","17047","RB",68.3,25.1730014102411,0.999999999999986,52.28,84.32,-66.2,-78.425,-54.995,218,275,195,60,22,172.57,57.63,5.63,170.02,8.57000000000001,47.98,"Dylan","Sampson","CLE","RB",22,-5
"average","16747","RB",67.3,57.2756492761104,0.550000000000011,30.85,103.75,-67.2,-99.855,-35.565,220,335,156,61,22,158.12,53.38,8.53,144.6625,11.602776338015,75.3375,"Tyrone","Tracy","NYG","RB",27,-4
"average","16178","RB",66.75,4.59619407771256,5.09999999999999,63.825,69.675,-67.75,-66.88,-69.64,222,223,231,62,22,144.37,49.23,7.08,147.4175,9.70130500242106,74.5825,"Keaton","Mitchell","LAC","RB",24,-3
"average","15254","RB",61.65,1.34350288425444,0.900000000000006,60.795,62.505,-72.85,-69.91,-76.81,242,234,252,63,22,234.31,71.37,12.47,205.76,NA,36.24,"Najee","Harris","NYG","RB",28,-1
"average","16385","RB",60.75,30.0520382004283,3.34999999999999,41.625,79.875,-73.75,-89.08,-59.44,245,308,206,64,23,281.85,83.43,8.49,NA,NA,NA,"Emari","Demercado","KCC","RB",27,-3
"average","17055","RB",57.4,55.4371716450253,3.35,22.12,92.68,-77.1,-108.585,-46.635,250,363,181,65,23,250.65,74.99,8.67,189.86,25.08,60.14,"Jordan","James","SFO","RB",22,-5
"average","17652","RB",54.05,50.9823989235501,6.05,21.605,86.495,-80.45,-109.1,-52.82,260,368,193,66,24,274.24,81.44,8.12,NA,NA,NA,"Adam","Randall","BAL","RB",22,-6
"average","16773","RB",48,31.6783837971573,0.200000000000003,27.84,68.16,-86.5,-102.865,-71.155,281,344,237,67,24,319.52,96.17,6.74,NA,NA,NA,"Jawhar","Jordan","HOU","RB",27,-4
"average","16387","RB",47.8,37.7595021153616,1.99999999999999,23.77,71.83,-86.7,-106.935,-67.485,282,356,229,68,24,256.52,76.6,7.04,NA,NA,NA,"Chris","Brooks","GBP","RB",26,-3
"average","16757","RB",45.8,28.1428498912246,1.3,27.89,63.71,-88.7,-102.815,-75.605,289,343,248,69,24,189.51,61.65,6.98,173.41,11.21,115.59,"Kimani","Vidal","LAC","RB",25,-4
"average","17069","RB",44.5,NA,0.399999999999999,44.5,44.5,-90,-86.205,-94.815,296,303,289,70,24,209.1,65.15,9.62,193.79,NA,102.21,"Jaydon","Blue","DAL","RB",22,-5
"average","17049","RB",44.1,0,3.84999999999999,44.1,44.1,-90.4,-86.605,-95.215,298,304,290,71,24,292.09,87.73,10.37,NA,NA,NA,"Brashard","Smith","KCC","RB",23,-5
"average","16432","RB",40.25,52.9622979108724,0.45000000000001,6.545,73.955,-94.25,-124.16,-65.36,313,382,224,72,24,202.88,64.55,9.15,NA,NA,NA,"Emanuel","Wilson","SEA","RB",27,-3
"average","17477","RB",39.8,25.597265478953,0.649999999999999,23.51,56.09,-94.7,-107.195,-83.225,314,358,263,73,25,147.9,50.23,6.99,139.175,7.3997854698633,174.825,"Jonah","Coleman","DEN","RB",23,-6
"average","16610","RB",39.15,14.3542676580869,1.55,30.015,48.285,-95.35,-100.69,-91.03,315,337,277,74,25,218.37,66.83,6.16,210.67,NA,104.33,"Jaylen","Wright","MIA","RB",23,-4
"average","11367","RB",37.6,NA,3,37.6,37.6,-96.9,-93.105,-101.715,318,320,316,75,25,325.5,107.45,21.2,NA,NA,NA,"Kyle","Juszczyk","SFO","RB",35,7
"average","16608","RB",34.6,NA,1.1,34.6,34.6,-99.9,-96.105,-104.715,324,326,326,76,25,228.65,69.65,9.12,NA,NA,NA,"George","Holani","SEA","RB",27,-4
"average","17046","RB",33.5,NA,1.4,33.5,33.5,-101,-97.205,-105.815,326,329,327,77,25,251.95,76.39,12.62,NA,NA,NA,"Devin","Neal","NOS","RB",23,-5
"average","16599","RB",32.1,NA,0.699999999999999,32.1,32.1,-102.4,-98.605,-107.215,331,330,332,78,25,362,113.5,10.5,NA,NA,NA,"Frank","Gore Jr.","BUF","RB",24,-4
"average","16175","RB",31.4,NA,0.0999999999999979,31.4,31.4,-103.1,-99.305,-107.915,333,334,335,79,25,325.08,101.67,11.56,NA,NA,NA,"Roschon","Johnson","CHI","RB",25,-3
"average","16752","RB",31.3,2.9698484809835,1.3,29.41,33.19,-103.2,-101.295,-106.125,334,340,329,80,25,254.42,75.94,7.66,NA,NA,NA,"Isaiah","Davis","NYJ","RB",24,-4
"average","15713","RB",30,NA,0.300000000000001,30,30,-104.5,-100.705,-109.315,336,338,339,81,26,282.56,85.27,12.21,NA,NA,NA,"Jerome","Ford","FA","RB",27,-2
"average","17474","RB",29.7,12.4450793488832,0.100000000000001,21.78,37.62,-104.8,-108.925,-101.695,337,367,315,82,26,182.52,60.05,6.53,178.75,NA,158.25,"Emmett","Johnson","KCC","RB",23,-6
"average","17063","RB",29.6,0,0.25,29.6,29.6,-104.9,-101.105,-109.715,338,339,341,83,26,293.08,94.44,14.06,NA,NA,NA,"Phil","Mafah","DAL","RB",24,-5
"average","16166","RB",29.35,3.18198051533946,0.25,27.325,31.375,-105.15,-103.38,-107.94,340,346,336,84,26,197.04,63.49,8.07,205.52,NA,134.48,"Sean","Tucker","TBB","RB",25,-3
"average","17059","RB",29.1,NA,0.600000000000001,29.1,29.1,-105.4,-101.605,-110.215,341,342,345,85,26,237.26,71.59,8.43,NA,NA,NA,"Ollie","Gordon","MIA","RB",22,-5
"average","17061","RB",28.5,6.0811183182043,1,24.63,32.37,-106,-106.075,-106.945,342,352,331,86,26,284.92,85.13,8.18,NA,NA,NA,"LeQuint","Allen","JAC","RB",22,-5
"average","14076","RB",27.5,NA,0.399999999999999,27.5,27.5,-107,-103.205,-111.815,343,345,348,87,26,NA,145,9,NA,NA,NA,"Trayveon","Williams","DET","RB",29,1
"average","13404","RB",27.1,NA,1.3,27.1,27.1,-107.4,-103.605,-112.215,346,347,350,88,26,338.38,102.44,6.18,NA,NA,NA,"Austin","Ekeler","FA","RB",31,3
"average","16603","RB",25.8,NA,0.100000000000001,25.8,25.8,-108.7,-104.905,-113.515,349,350,354,89,26,190.65,61.49,6.24,169.235,9.43499999999999,179.765,"Ray","Davis","BUF","RB",27,-4
"average","17060","RB",25.8,NA,0,25.8,25.8,-108.7,-104.905,-113.515,349,350,354,89,26,271.72,80.08,6.67,NA,NA,NA,"DJ","Giddens","IND","RB",23,-5
"average","16688","RB",25.7,0,1.6,25.7,25.7,-108.8,-105.005,-113.615,350,351,355,90,26,302.63,91.12,8.41,NA,NA,NA,"Isaac","Guerendo","SFO","RB",26,-4
"average","15263","RB",24.1,NA,1.1,24.1,24.1,-110.4,-106.605,-115.215,352,355,357,91,26,NA,136,2,NA,NA,NA,"Elijah","Mitchell","FA","RB",28,-1
"average","17486","RB",23,NA,0.5,23,23,-111.5,-107.705,-116.315,353,359,361,92,26,326.83,98.43,5.97,NA,NA,NA,"Jam","Miller","NEP","RB",22,-6
"average","14811","RB",22.5,NA,0.399999999999999,22.5,22.5,-112,-108.205,-116.815,354,361,363,93,26,NA,138,21,NA,NA,NA,"Salvon","Ahmed","CHI","RB",28,0
"average","15717","RB",22.1,NA,0.100000000000001,22.1,22.1,-112.4,-108.605,-117.215,355,364,364,94,26,349,107.54,7.84,NA,NA,NA,"Dameon","Pierce","PHI","RB",26,-2
"average","16168","RB",22,NA,0.899999999999999,22,22,-112.5,-108.705,-117.315,356,365,365,95,26,NA,NA,NA,NA,NA,NA,"Israel","Abanikanda","DAL","RB",24,-3
"average","16176","RB",21.1,NA,0.200000000000003,21.1,21.1,-113.4,-109.605,-118.215,359,369,367,96,26,NA,NA,NA,NA,NA,NA,"Deuce","Vaughn","HOU","RB",25,-3
"average","16864","RB",20.9,NA,1.8,20.9,20.9,-113.6,-109.805,-118.415,361,370,368,97,27,NA,NA,NA,NA,NA,NA,"Carlos","Washington","MIA","RB",28,-3
"average","17057","RB",20.9,NA,0,20.9,20.9,-113.6,-109.805,-118.415,361,370,368,97,27,NA,123.67,10.96,NA,NA,NA,"Donovan","Edwards","MIA","RB",23,-5
"average","16171","RB",19.1,11.3137084989848,0.300000000000001,11.9,26.3,-115.4,-118.805,-113.015,364,377,352,98,27,275.3,81.83,9.44,NA,NA,NA,"Kendre","Miller","NOS","RB",24,-3
"average","17058","RB",18.8,NA,0.400000000000002,18.8,18.8,-115.7,-111.905,-120.515,366,371,370,99,27,300.26,91.5,8.03,NA,NA,NA,"Tahj","Brooks","CIN","RB",24,-5
"average","17475","RB",18.4,14.4249783362056,1,9.22,27.58,-116.1,-121.485,-111.735,367,379,347,100,27,247.43,74.78,11.78,NA,NA,NA,"Seth","McGowan","IND","RB",25,-6
"average","17476","RB",17.4,NA,0.399999999999999,17.4,17.4,-117.1,-113.305,-121.915,371,372,373,101,27,202.16,64.04,8.39,180.37,NA,190.63,"Nicholas","Singleton","TEN","RB",22,-6
"average","12325","RB",17,NA,0.350000000000001,17,17,-117.5,-113.705,-122.315,372,373,374,102,27,324.5,136.4,19.64,NA,NA,NA,"Michael","Burton","CLE","RB",34,5
"average","17478","RB",16.65,12.2329473145273,0.349999999999998,8.865,24.435,-117.85,-121.84,-114.88,373,380,356,103,27,204.43,64.29,9.09,189.43,NA,183.57,"Kaytron","Allen","WAS","RB",23,-6
"average","14319","RB",16.3,NA,1.2,16.3,16.3,-118.2,-114.405,-123.015,374,374,375,104,27,NA,130,33.42,NA,NA,NA,"Andrew","Beck","NYJ","RB",30,1
"average","17481","RB",15.1,8.9095454429505,2.8,9.43,20.77,-119.4,-121.275,-118.545,375,378,369,105,27,238.69,71.79,8.01,194.29,NA,180.71,"Demond","Claiborne","MIN","RB",23,-6
"average","16601","RB",12.3,NA,4.2,12.3,12.3,-122.2,-118.405,-127.015,376,376,383,106,28,315.49,97.48,6.25,NA,NA,NA,"Will","Shipley","PHI","RB",24,-4
"average","17056","RB",8.1,NA,4.5,8.1,8.1,-126.4,-122.605,-131.215,377,381,384,107,28,297.21,89.19,6.9,NA,NA,NA,"Trevor","Etienne","CAR","RB",22,-5
"average","17048","RB",3.6,NA,0,3.6,3.6,-130.9,-127.105,-135.715,378,383,385,108,28,274.72,82.06,10.19,NA,NA,NA,"Kaleb","Johnson","PIT","RB",23,-5
"average","16211","WR",232.733333333333,11.0006060439111,13.0033333333334,222.88,242.68,111.583333333333,110.055,113.205,6,6,6,1,1,4.43,2.21,0.88,5.94,1.73992815943648,0.0600000000000005,"Puka","Nacua","LAR","WR",25,-3
"average","16185","WR",219.73,13.0391602490344,5.25333333333333,210.659,232.574,98.58,97.834,103.099,8,9,7,2,1,6.04,3.1,0.9,7.8025,1.32382731124569,0.1975,"Jaxon","Smith-Njigba","SEA","WR",24,-3
"average","15281","WR",214.476666666667,1.34967897417621,11.42,213.487,215.8,93.3266666666667,100.662,86.325,10,7,12,3,2,2.48,1.19,0.44,4.69,1.09036691072317,5.31,"Ja'Marr","Chase","CIN","WR",26,-1
"average","15287","WR",203.056666666667,0.890299575049502,21.4033333333333,202.193,203.75,81.9066666666667,89.368,74.275,13,12,17,4,3,6.93,3.75,0.75,10.1425,2.23184200829718,2.8575,"Amon-Ra","St. Brown","DET","WR",27,-1
"average","16194","WR",181.653333333333,14.7319561950656,1.90000000000001,172.156,196.186,60.5033333333333,59.331,66.711,23,21,22,5,3,30.93,14.71,4.12,30.095,8.02236405307064,-7.095,"Rashee","Rice","KCC","WR",26,-3
"average","14832","WR",179.753333333333,11.0981545012373,0.75333333333333,172.201,190.696,58.6033333333333,59.376,61.221,25,20,25,6,3,10.46,5.73,1.42,15.3875,3.65810999697931,9.6125,"CeeDee","Lamb","DAL","WR",27,0
"average","15762","WR",179,28.0014285349873,0.403333333333336,161.18,196.82,57.85,48.355,67.345,26,32,21,7,3,19.66,10.1,2.06,25.1675,5.04455833051814,0.832499999999996,"George","Pickens","DAL","WR",25,-2
"average","15751","WR",178.596666666667,15.4053572932708,4.23333333333332,165.309,192.939,57.4466666666667,52.484,63.464,27,26,24,8,3,16.79,8.74,1.85,20.3925,5.44206475062545,6.6075,"Drake","London","ATL","WR",25,-2
"average","14836","WR",174.363333333333,5.44757132429979,1.66666666666666,169.884,179.559,53.2133333333334,57.059,50.0840000000001,29,24,34,9,3,11.55,6.48,1.96,17.7825,3.63213693987438,11.2175,"Justin","Jefferson","MIN","WR",27,0
"average","14104","WR",172.696666666667,12.2431627177512,2.19666666666669,163.679,184.694,51.5466666666667,50.854,55.219,31,28,30,10,4,15.02,8.05,2.24,24.81,2.34570884808836,6.19,"A.J.","Brown","NEP","WR",29,1
"average","15754","WR",170.5,12.104854398133,2.5,161.73,182.385,49.35,48.905,52.91,33,29,32,11,4,24.92,12.2,2.77,33.385,4.8697972237045,-0.384999999999998,"Chris","Olave","NOS","WR",26,-2
"average","15290","WR",168,10.6066017177982,4.15000000000001,161.25,174.75,46.85,48.425,45.275,34,31,35,12,4,15.05,8.21,1.75,25.665,4.57758396973775,8.335,"Nico","Collins","HOU","WR",27,-1
"average","16615","WR",163.85,8.5559920523572,1.24999999999997,158.405,169.295,42.7,45.58,39.82,36,36,38,13,4,28.16,13.56,4.2,33.885,3.86635163946582,2.115,"Malik","Nabers","NYG","WR",23,-4
"average","16190","WR",162.6,13.8592929112563,4.15000000000003,153.78,171.42,41.45,40.955,41.945,38,38,37,14,5,32,15.13,3.71,37.81,7.94267587151836,0.189999999999998,"Zay","Flowers","BAL","WR",26,-3
"average","17081","WR",158.45,3.60624458405141,1.5,156.155,160.745,37.3,43.33,31.27,40,37,45,15,5,38.85,18.06,3.93,44.7,7.4514293930762,-4.7,"Emeka","Egbuka","TBB","WR",24,-5
"average","17071","WR",156.95,7.70746391493337,0.449999999999989,152.045,161.855,35.8,39.22,32.38,41,39,43,16,5,39.16,18.16,3.32,43.2775,7.46852185844026,-2.2775,"Tetairoa","McMillan","CAR","WR",23,-5
"average","14835","WR",156.5,18.2433549546129,0.149999999999977,144.89,168.11,35.35,32.065,38.635,43,47,39,17,5,33.26,15.51,2.95,40.2925,7.47890825923142,2.7075,"Tee","Higgins","CIN","WR",27,0
"average","11675","WR",156.35,15.9099025766973,1.75,146.225,166.475,35.2,33.4,37.0000000000001,44,44,40,18,5,46.97,22.02,4.16,52.07,10.049064633089,-8.07000000000001,"Davante","Adams","LAR","WR",34,6
"average","15756","WR",154.6,7.778174593052,4.45000000000002,149.65,159.55,33.45,36.825,30.075,45,42,48,19,5,48.23,22.5,4.81,55.3775,14.102943620039,-10.3775,"Jameson","Williams","DET","WR",25,-2
"average","15282","WR",150.15,1.62634559672907,3.09999999999999,149.115,151.185,29,36.29,21.7100000000001,49,43,53,20,6,33.14,15.53,3.45,39.34,6.59346646309815,9.66,"DeVonta","Smith","PHI","WR",28,-1
"average","14109","WR",147.05,7.990306627408,1,141.965,152.135,25.9,29.14,22.66,51,50,50,21,6,48.96,23.01,3.64,55.38,8.35198180074645,-4.38,"Terry","McLaurin","WAS","WR",31,1
"average","15753","WR",146.05,1.06066017177984,0.350000000000023,145.375,146.725,24.9,32.55,17.2500000000001,53,46,62,22,6,48.92,23.08,3.75,51.625,8.25585095553451,1.37499999999999,"Garrett","Wilson","NYJ","WR",26,-2
"average","16627","WR",145.7,8.20243866176395,0.0499999999999545,140.48,150.92,24.55,27.655,21.445,54,55,54,23,6,43.25,20.23,3.49,47.8775,3.26718820241504,6.1225,"Ladd","McConkey","LAC","WR",25,-4
"average","16616","WR",145.65,7.99030662740797,2.90000000000003,140.565,150.735,24.5,27.74,21.26,55,54,55,24,6,55.18,25.45,3.87,63.625,11.1242112079913,-8.62499999999999,"Rome","Odunze","CHI","WR",24,-4
"average","15768","WR",142.75,25.385133444597,3.90000000000001,126.595,158.905,21.6,13.77,29.43,58,73,49,25,6,90.14,37.93,6.76,81.14,20.0169378277498,-23.14,"Alec","Pierce","IND","WR",26,-2
"average","13635","WR",138.85,2.47487373415292,1.54999999999998,137.275,140.425,17.7,24.45,10.95,62,58,70,26,6,57.9,26.38,5.15,60.325,7.20000520833145,1.675,"D.J.","Moore","BUF","WR",29,2
"average","15284","WR",137.3,0.989949493661171,0.600000000000023,136.67,137.93,16.15,23.845,8.45500000000004,65,59,78,27,6,43.15,20.12,4.04,53.7375,7.29873405118997,11.2625,"Jaylen","Waddle","DEN","WR",28,-1
"average","17070","WR",136.7,11.3137084989848,0.0999999999999659,129.5,143.9,15.55,16.675,14.425,67,70,65,28,6,56.33,25.87,4.34,68.3925,7.81742724622366,-1.3925,"Luther","Burden","CHI","WR",23,-5
"average","15789","WR",136.6,9.4752308678997,0.5,130.57,142.63,15.45,17.745,13.155,68,68,67,29,6,51.95,24.25,3.96,66.58,9.90455450790191,1.42,"Christian","Watson","GBP","WR",27,-2
"average","11671","WR",136.1,15.1320851173921,0.850000000000023,126.47,145.73,14.95,13.645,16.2550000000001,70,74,63,30,7,57.7,26.41,4.02,68.5425,9.9915373566834,1.4575,"Mike","Evans","SFO","WR",33,6
"average","13630","WR",135.25,3.18198051533946,0.399999999999977,133.225,137.275,14.1,20.4,7.80000000000004,72,63,81,31,7,84.46,36.08,4.28,86.3875,15.7272619597309,-14.3875,"Courtland","Sutton","DEN","WR",31,2
"average","14102","WR",134.85,3.60624458405139,1.30000000000001,132.555,137.145,13.7,19.73,7.67000000000004,73,64,82,32,7,78.97,34.08,3.47,84.6175,12.7247718545363,-11.6175,"DK","Metcalf","PIT","WR",29,1
"average","16614","WR",133.55,11.5258405333407,4.75,126.215,140.885,12.4,13.39,11.41,75,76,69,33,7,74.17,32.39,3.52,78.605,8.84042278400756,-3.605,"Marvin","Harrison Jr.","ARI","WR",24,-4
"average","16618","WR",128.8,14.7078210486802,1.95000000000002,119.44,138.16,7.65000000000002,6.615,8.68500000000003,82,84,76,34,7,76.63,33.2,4.16,82.9275,8.22914751052623,-0.927499999999995,"Brian","Thomas Jr.","JAC","WR",24,-4
"average","16192","WR",126.85,11.1015764646288,5.7,119.785,133.915,5.7,6.95999999999999,4.44000000000003,84,83,89,35,8,71.03,31.24,4.66,79.56,10.1793737528396,4.44,"Parker","Washington","JAC","WR",24,-3
"average","16188","WR",121.15,13.0814754519511,5.24999999999999,112.825,129.475,0,0,0,94,94,94,36,8,88,37.36,3.84,101.7175,14.5687480158729,-7.7175,"Quentin","Johnston","LAC","WR",25,-3
"average","16186","WR",115.9,10.6066017177982,0.0500000000000114,109.15,122.65,-5.24999999999999,-3.67500000000001,-6.82499999999996,100,99,101,37,8,99.63,41.37,5.16,108.0125,15.2960180684386,-8.0125,"Jordan","Addison","MIN","WR",24,-3
"average","16620","WR",115.85,9.6873629022557,3.79999999999998,109.685,122.015,-5.3,-3.14000000000001,-7.45999999999997,101,98,103,38,9,121.14,48.32,5.49,124.345,20.7373509639009,-23.345,"Xavier","Worthy","KCC","WR",23,-4
"average","16206","WR",112.05,11.1015764646288,1.80000000000001,104.985,119.115,-9.09999999999998,-7.84000000000002,-10.36,104,105,107,39,9,99.33,41.18,5.04,97.49,14.4409366039741,6.51,"Michael","Wilson","ARI","WR",26,-3
"average","13163","WR",110.25,14.2128463018496,0.449999999999989,101.205,119.295,-10.9,-11.62,-10.18,108,114,106,40,9,90.83,38.25,4.5,94.8975,10.2774811481218,13.1025,"Chris","Godwin","TBB","WR",30,3
"average","17075","WR",109.8,13.717871555019,0.25,101.07,118.53,-11.35,-11.755,-10.945,109,115,108,41,9,129.34,51.1,6.63,121.81,16.6050760311418,-12.81,"Matthew","Golden","GBP","WR",23,-5
"average","16184","WR",109.55,8.98025612106916,0.849999999999994,103.835,115.265,-11.6,-8.99000000000002,-14.21,110,110,115,42,9,104.45,43,4.75,116.77,17.5648042972303,-6.77000000000001,"Jayden","Reed","GBP","WR",26,-3
"average","17497","WR",108.7,17.819090885901,0.200000000000017,97.36,120.04,-12.45,-15.465,-9.43499999999996,113,117,105,43,9,77.88,33.68,3.81,85.015,12.5279377792197,27.985,"Carnell","Tate","TEN","WR",21,-6
"average","14127","WR",108.5,2.26274169979695,0.699999999999989,107.06,109.94,-12.65,-5.765,-19.535,114,102,121,44,9,115.55,46.52,5.74,122.14,21.2638378473878,-8.13999999999999,"Jakobi","Meyers","JAC","WR",30,1
"average","14136","WR",107.8,6.22253967444162,0.75,103.84,111.76,-13.35,-8.98500000000001,-17.715,115,109,117,45,9,139.67,54.31,11.18,120.025,15.2987131811797,-5.02500000000001,"Deebo","Samuel","SFO","WR",30,1
"average","14842","WR",107.05,4.59619407771257,0.300000000000011,104.125,109.975,-14.1,-8.70000000000002,-19.4999999999999,116,108,120,46,9,105.76,43.22,4.92,115.195,17.0869855445599,0.805000000000007,"Michael","Pittman","PIT","WR",29,0
"average","15779","WR",106.75,14.2128463018496,1.25,97.705,115.795,-14.4,-15.12,-13.68,117,116,112,47,9,128.13,50.69,5.72,128.4375,15.9152260037362,-11.4375,"Romeo","Doubs","NEP","WR",26,-2
"average","16080","WR",105.5,15.6977705423413,3.3,95.51,115.49,-15.65,-17.315,-13.985,118,123,114,48,9,139.67,54.66,4.87,133.955,19.6161980261212,-15.955,"Rashid","Shaheed","SEA","WR",28,-2
"average","17514","WR",102.2,11.7379725676967,1.75,94.73,109.67,-18.95,-18.095,-19.805,123,124,124,49,9,132.04,51.86,13.45,123.145,6.33851914882333,-0.144999999999996,"De'Zhaun","Stribling","SFO","WR",24,-6
"average","15757","WR",100.45,5.44472221513641,0.450000000000003,96.985,103.915,-20.7,-15.84,-25.56,124,118,130,50,10,121.8,48.67,5.1,124.3625,13.719235355879,-0.362499999999997,"Wan'Dale","Robinson","TEN","WR",25,-2
"average","13629","WR",100,15.556349186104,3.90000000000001,90.1,109.9,-21.15,-22.725,-19.575,125,129,122,51,10,193.99,71.79,10.29,165.596666666667,32.7877785496703,-40.5966666666667,"Calvin","Ridley","TEN","WR",32,2
"average","17499","WR",96.1,4.66690475583122,0.249999999999986,93.13,99.07,-25.05,-19.695,-30.405,130,126,139,52,10,112.12,45.35,6.12,119.5825,13.2939767846194,10.4175,"Makai","Lemon","PHI","WR",22,-6
"average","15293","WR",95.85,14.7785317267988,0.0499999999999972,86.445,105.255,-25.3,-26.38,-24.22,131,142,126,53,10,213.91,78.07,10.4,142.125,11.225,-11.125,"Rashod","Bateman","BAL","WR",27,-1
"average","16809","WR",95.8,16.8291413922398,0.100000000000009,85.09,106.51,-25.35,-27.735,-22.965,132,145,125,54,10,136.25,53.43,5.71,137.445,15.3604516535159,-5.44499999999999,"Jalen","Coker","CAR","WR",25,-4
"average","17501","WR",95.7,8.9095454429505,0.649999999999991,90.03,101.37,-25.45,-22.795,-28.105,133,130,135,55,10,130.12,51.53,9.04,126.2825,8.04821835874251,6.7175,"KC","Concepcion","CLE","WR",22,-6
"average","16187","WR",95.05,13.0814754519511,0.0999999999999943,86.725,103.375,-26.1,-26.1,-26.1,134,140,132,56,10,113.88,45.91,5.17,114.0375,13.5915605708101,19.9625,"Josh","Downs","IND","WR",25,-3
"average","12186","WR",94.95,5.86898628384834,2.35000000000002,91.215,98.685,-26.2,-21.61,-30.79,135,128,141,57,10,111.97,45.23,9.56,111.555,11.0762504937366,23.445,"Stefon","Diggs","WAS","WR",33,5
"average","16287","WR",92.6,4.3840620433566,0.0999999999999943,89.81,95.39,-28.55,-23.015,-34.085,140,131,150,58,10,169.17,63.58,8.88,153.176666666667,18.596423192527,-13.1766666666666,"Tre","Tucker","LVR","WR",25,-3
"average","15761","WR",92.5,8.9095454429505,1.79999999999998,86.83,98.17,-28.65,-25.995,-31.305,141,139,142,59,10,143.72,55.98,4.56,129.74,13.3686897887065,11.26,"Khalil","Shakir","BUF","WR",26,-2
"average","14833","WR",90.7,4.3840620433566,0.0500000000000114,87.91,93.49,-30.45,-24.915,-35.9849999999999,144,138,158,60,10,179.16,66.68,8.18,144,20,0,"Jerry","Jeudy","CLE","WR",27,0
"average","17500","WR",90.65,11.667261889578,3.2,83.225,98.075,-30.5,-29.6,-31.4,145,147,143,61,11,161.34,60.8,9.43,147.9825,14.4590946725582,-2.98250000000002,"Denzel","Boston","CLE","WR",23,-6
"average","16628","WR",87.45,2.89913780286484,1.8,85.605,89.295,-33.7,-27.22,-40.18,151,143,168,62,11,172.97,64.96,8.76,146.636666666667,23.1872239726008,4.36333333333334,"Jalen","McMillan","TBB","WR",25,-4
"average","17517","WR",85.65,28.9206673505298,0.950000000000003,67.245,104.055,-35.5,-45.58,-25.42,154,169,129,63,11,221.47,80.97,16.84,147.915,13.9695713964316,6.08499999999998,"Ja'Kobi","Lane","BAL","WR",22,-6
"average","11222","WR",84.7,18.1019335983756,1.05,73.18,96.22,-36.45,-39.645,-33.255,157,159,149,64,11,212.16,77.94,19.16,146.8625,15.4447958468217,10.1375,"Keenan","Allen","IND","WR",34,7
"average","15786","WR",83.65,5.44472221513643,0.900000000000006,80.185,87.115,-37.5,-32.64,-42.3599999999999,158,151,172,65,11,188.44,69.81,10.44,149.7475,18.0937770725186,8.2525,"Jalen","Nailor","LVR","WR",27,-2
"average","14860","WR",82.75,27.0821897194448,0.149999999999991,65.515,99.985,-38.4,-47.31,-29.49,159,173,136,66,11,171.77,64.51,9.72,162.4,18.9638884901453,-3.40000000000001,"Jauan","Jennings","MIN","WR",29,0
"average","16193","WR",82.6,16.6877200360025,4.85000000000001,71.98,93.22,-38.55,-40.845,-36.255,160,163,159,67,11,176.97,66.25,10.67,173.94,17.74,-13.94,"Kayshon","Boutte","HOU","WR",24,-3
"average","16788","WR",77.75,7.56604255869605,0.950000000000003,72.935,82.565,-43.4,-39.89,-46.91,165,160,182,68,11,259.23,93.29,12.09,168.6,NA,-3.59999999999999,"Devaughn","Vele","NOS","WR",29,-4
"average","13164","WR",76.8,20.2232539419353,1.2,63.93,89.67,-44.35,-48.895,-39.805,166,181,166,69,12,234.53,84.6,8.7,162.466666666667,8.13279096552278,3.53333333333333,"Cooper","Kupp","SEA","WR",33,3
"average","16204","WR",75.6,24.8901586977665,1.89999999999999,59.76,91.44,-45.55,-53.065,-38.035,170,191,164,70,12,212.61,77.49,11.09,161.563333333333,15.0109078857861,8.4366666666667,"Tank","Dell","HOU","WR",27,-3
"average","17353","WR",73.7,NA,0.150000000000006,73.7,73.7,-47.45,-39.125,-55.775,174,158,198,71,12,356.33,146.78,12.01,NA,NA,NA,"Jahdae","Walker","CHI","WR",24,-5
"average","16626","WR",73.55,15.0613744392735,2.75,63.965,83.135,-47.6,-48.86,-46.34,175,180,180,72,12,170.3,64.09,8.37,174.67,11.37,0.329999999999984,"Adonai","Mitchell","NYJ","WR",24,-4
"average","17074","WR",70.8,NA,0.999999999999986,70.8,70.8,-50.35,-42.025,-58.675,176,164,205,73,12,192.62,71.28,13.49,154.67,20.1007578629928,21.33,"Travis","Hunter","JAC","WR",23,-5
"average","16195","WR",69.8,NA,1.2,69.8,69.8,-51.35,-43.025,-59.675,178,166,209,74,12,194.91,71.56,10.86,174,17,4,"Dontayvion","Wicks","PHI","WR",25,-3
"average","17498","WR",68.6,6.36396103067893,0.850000000000009,64.55,72.65,-52.55,-48.275,-56.825,181,175,201,75,12,138.86,52.98,10.5,129.275,20.9836799680132,51.725,"Jordyn","Tyson","NOS","WR",22,-6
"average","15787","WR",67.75,19.4454364826301,0.149999999999991,55.375,80.125,-53.4,-57.45,-49.35,183,204,186,76,12,252.68,90.92,11.74,NA,NA,NA,"Tyquan","Thornton","KCC","WR",26,-2
"average","16191","WR",67.6,NA,0.700000000000003,67.6,67.6,-53.55,-45.225,-61.875,184,168,216,77,12,313.25,116.79,13.56,NA,NA,NA,"Cedric","Tillman","CLE","WR",26,-3
"average","16751","WR",67.6,NA,0,67.6,67.6,-53.55,-45.225,-61.875,184,168,216,77,12,NA,158.5,43.5,160.4,NA,23.6,"Bub","Means","NOS","WR",25,-4
"average","17503","WR",66.9,0.424264068711924,2.15000000000001,66.63,67.17,-54.25,-46.195,-62.305,185,171,218,78,12,241.26,87.02,11.06,167.5,NA,17.5,"Germie","Bernard","PIT","WR",23,-6
"average","17080","WR",64.75,7.99030662740797,0.349999999999994,59.665,69.835,-56.4,-53.16,-59.64,191,192,208,79,12,208.5,75.94,10.09,180.77,NA,10.23,"Jaylin","Noel","HOU","WR",24,-5
"average","17098","WR",64.75,35.7088924499206,0,42.025,87.475,-56.4,-70.8,-42,191,236,171,79,12,257.09,92.53,9.97,NA,NA,NA,"Tory","Horton","SEA","WR",24,-5
"average","12785","WR",64.4,NA,0.100000000000009,64.4,64.4,-56.75,-48.425,-65.075,193,176,222,80,12,304.83,126.67,31.41,NA,NA,NA,"Demarcus","Robinson","SFO","WR",32,4
"average","16684","WR",64.3,0,0.299999999999997,64.3,64.3,-56.85,-48.525,-65.175,194,177,223,81,13,208.59,76.37,10.45,152.27,0.570000000000007,41.73,"Malik","Washington","MIA","WR",25,-4
"average","17599","WR",64,6.50538238691623,0.5,59.86,68.14,-57.15,-52.965,-61.335,196,190,215,82,13,224.49,81.97,19.25,191.27,NA,4.72999999999999,"Caleb","Douglas","MIA","WR",23,-6
"average","17512","WR",63.5,29.5570634535977,1.04999999999999,44.69,82.31,-57.65,-68.135,-47.165,197,225,183,83,13,231.18,83.92,13.76,185.71,NA,11.29,"Antonio","Williams","WAS","WR",22,-6
"average","14122","WR",62.45,11.8086832458153,0.100000000000009,54.935,69.965,-58.7,-57.89,-59.51,200,205,207,84,13,269.21,96.84,9.75,181.6,15.4,18.4,"Darius","Slayton","NYG","WR",29,1
"average","16619","WR",62.35,43.3456456867354,0.300000000000004,34.765,89.935,-58.8,-78.06,-39.54,201,273,165,85,13,220.67,80.16,12.16,190.22,NA,10.78,"Troy","Franklin","DEN","WR",23,-4
"average","17502","WR",62.05,17.4655374953077,1.14999999999999,50.935,73.165,-59.1,-61.89,-56.31,202,213,199,86,13,193,71.26,12.22,167.83,NA,34.17,"Omar","Cooper Jr.","NYJ","WR",23,-6
"average","16639","WR",60.9,NA,0.850000000000009,60.9,60.9,-60.25,-51.925,-68.575,204,186,230,87,13,279.88,100.48,10.79,NA,NA,NA,"Xavier","Legette","CAR","WR",25,-4
"average","17506","WR",60.05,28.6378246380552,0.799999999999997,41.825,78.275,-61.1,-71,-51.2,206,240,190,88,13,256.23,92.13,12.55,188.12,NA,17.88,"Chris","Bell","MIA","WR",22,-6
"average","17157","WR",59.25,15.76848122046,1.74999999999999,49.215,69.285,-61.9,-63.61,-60.19,208,219,212,89,13,206.82,76.01,8.06,170.235,18.135,37.765,"Isaac","TeSlaa","DET","WR",24,-5
"average","16778","WR",57.5,NA,1.2,57.5,57.5,-63.65,-55.325,-71.975,212,199,241,90,13,194.22,71.66,9.75,180.915,21.015,31.085,"Ryan","Flournoy","DAL","WR",27,-4
"average","15755","WR",56.3,NA,1.00000000000001,56.3,56.3,-64.85,-56.525,-73.175,216,201,243,91,13,284.24,103.9,18.99,NA,NA,NA,"Jahan","Dotson","ATL","WR",26,-2
"average","17073","WR",55.3,53.3158513014657,2.19999999999999,21.37,89.23,-65.85,-91.455,-40.245,217,316,169,92,13,249.49,90.69,13.95,NA,NA,NA,"Elic","Ayomanor","TEN","WR",23,-5
"average","13633","WR",53.1,48.3661038331599,7.105427357601e-15,22.32,83.88,-68.05,-90.505,-45.595,224,312,176,93,13,269.34,96.65,11.54,NA,NA,NA,"Christian","Kirk","SFO","WR",30,2
"average","15788","WR",53.1,NA,0.100000000000001,53.1,53.1,-68.05,-59.725,-76.375,224,209,251,94,13,294.36,107,16.15,NA,NA,NA,"Jalen","Tolbert","MIA","WR",27,-2
"average","17072","WR",53.1,NA,0,53.1,53.1,-68.05,-59.725,-76.375,224,209,251,94,13,190.21,70.27,9.11,181.59,NA,42.41,"Tre","Harris","LAC","WR",24,-5
"average","14105","WR",53,44.6891485709898,0.700000000000003,24.56,81.44,-68.15,-88.265,-48.035,225,306,184,95,14,287.74,103.71,8.68,NA,NA,NA,"Marquise","Brown","PHI","WR",29,1
"average","17520","WR",52.3,17.6776695296637,0.499999999999993,41.05,63.55,-68.85,-71.775,-65.925,228,243,226,96,14,247.65,89.2,12.37,206.5,NA,21.5,"Ted","Hurst","TBB","WR",22,-6
"average","16617","WR",51.8,NA,0.300000000000004,51.8,51.8,-69.35,-61.025,-77.675,230,211,254,97,14,245.89,89.05,10.89,185.09,NA,44.91,"Keon","Coleman","BUF","WR",23,-4
"average","17171","WR",51.5,37.1938166904124,0.150000000000006,27.83,75.17,-69.65,-84.995,-54.305,231,300,194,98,14,249.51,90.06,12.84,NA,NA,NA,"Chimere","Dike","TEN","WR",25,-5
"average","16207","WR",51.35,20.8596500450031,0.749999999999993,38.075,64.625,-69.8,-74.75,-64.85,232,257,221,99,14,278.56,101.16,12.74,NA,NA,NA,"Andrei","Iosivas","CIN","WR",27,-3
"average","16342","WR",50.6,NA,0.25,50.6,50.6,-70.55,-62.225,-78.875,233,215,256,100,14,284.46,106.38,21.06,NA,NA,NA,"Demario","Douglas","NEP","WR",26,-3
"average","16201","WR",50.35,28.4964032818179,0.149999999999999,32.215,68.485,-70.8,-80.61,-60.99,235,290,214,101,14,290.88,110.24,23.02,202.22,NA,32.78,"Xavier","Hutchinson","HOU","WR",26,-3
"average","17507","WR",50.2,NA,0.650000000000006,50.2,50.2,-70.95,-62.625,-79.275,236,216,259,102,14,237.04,85.38,11.42,190.8,NA,45.2,"Zachariah","Branch","ATL","WR",22,-6
"average","17706","WR",49.55,30.1934595566656,1.45,30.335,68.765,-71.6,-82.49,-60.71,237,295,213,103,14,316.22,119.92,19.98,NA,NA,NA,"Malik","Benson","LVR","WR",24,-6
"average","14974","WR",48.1,NA,0.650000000000006,48.1,48.1,-73.05,-64.725,-81.375,243,220,260,104,14,220.43,79.96,8.85,NA,NA,NA,"Darnell","Mooney","NYG","WR",29,0
"average","14315","WR",47.45,37.1231060122937,2.15,23.825,71.075,-73.7,-89,-58.4,244,307,204,105,14,319.44,129.64,21.25,NA,NA,NA,"Ashton","Dulin","IND","WR",29,1
"average","15981","WR",45.3,NA,1.2,45.3,45.3,-75.85,-67.525,-84.175,248,224,264,106,14,296.35,111.11,20.94,NA,NA,NA,"KaVontae","Turpin","DAL","WR",30,-2
"average","17511","WR",44.1,NA,0.100000000000001,44.1,44.1,-77.05,-68.725,-85.375,249,228,267,107,14,246.4,89.51,13.63,191,NA,58,"Malachi","Fields","NYG","WR",23,-6
"average","17082","WR",44,NA,0.200000000000003,44,44,-77.15,-68.825,-85.475,251,229,268,108,14,205.65,75.22,10.78,208.63,NA,42.37,"Pat","Bryant","DEN","WR",24,-5
"average","16189","WR",43.8,NA,0.599999999999994,43.8,43.8,-77.35,-69.025,-85.675,253,231,270,109,14,274.84,98.97,9.35,NA,NA,NA,"Marvin","Mims","DEN","WR",24,-3
"average","15319","WR",43.2,23.6173664916307,0.400000000000006,28.17,58.23,-77.95,-84.655,-71.245,254,299,238,110,14,310.58,112.48,13.58,NA,NA,NA,"Joshua","Palmer","BUF","WR",27,-1
"average","16621","WR",42.8,22.0617315730203,2.99999999999999,28.76,56.84,-78.35,-84.065,-72.635,256,297,242,111,15,316,125.19,22.2,NA,NA,NA,"Devontez","Walker","BAL","WR",25,-4
"average","17096","WR",39.8,NA,2.00000000000001,39.8,39.8,-81.35,-73.025,-89.675,265,249,276,112,15,337.71,127.77,14.01,NA,NA,NA,"Savion","Williams","GBP","WR",25,-5
"average","13289","WR",37.8,NA,0.299999999999997,37.8,37.8,-83.35,-75.025,-91.675,271,258,279,113,15,284.27,103.79,12.34,NA,NA,NA,"Mack","Hollins","NEP","WR",33,3
"average","17078","WR",37.5,NA,0.399999999999999,37.5,37.5,-83.65,-75.325,-91.975,273,259,281,114,15,259.01,93.21,11.48,NA,NA,NA,"Jack","Bech","LVR","WR",24,-5
"average","16635","WR",37.1,32.6683332908185,0.5,16.31,57.89,-84.05,-96.515,-71.585,275,327,239,115,15,313.43,115.24,15.34,NA,NA,NA,"Luke","McCaffrey","WAS","WR",25,-4
"average","17518","WR",36.6,NA,2.9,36.6,36.6,-84.55,-76.225,-92.875,276,265,285,116,15,229.91,84.1,20.22,163.16,NA,112.84,"Cyrus","Allen","KCC","WR",23,-6
"average","15292","WR",33.7,NA,2.3,33.7,33.7,-87.45,-79.125,-95.775,284,280,292,117,15,341.25,133.62,18.02,NA,NA,NA,"Dyami","Brown","WAS","WR",27,-1
"average","17134","WR",31.4,NA,0.199999999999999,31.4,31.4,-89.75,-81.425,-98.075,292,292,297,118,15,273.6,99.62,14.86,NA,NA,NA,"Kyle","Williams","NEP","WR",24,-5
"average","15301","WR",31.2,NA,1.3,31.2,31.2,-89.95,-81.625,-98.275,295,293,299,119,15,337.81,127.8,17.62,NA,NA,NA,"Tutu","Atwell","MIA","WR",27,-1
"average","13418","WR",29.9,NA,2.1,29.9,29.9,-91.25,-82.925,-99.575,305,296,304,120,16,303.31,109.89,14.74,NA,NA,NA,"Kendrick","Bourne","ARI","WR",31,3
"average","15752","WR",27.8,NA,0.400000000000002,27.8,27.8,-93.35,-85.025,-101.675,311,301,314,121,16,316.52,117.79,18.87,NA,NA,NA,"Treylon","Burks","WAS","WR",26,-2
"average","13066","WR",27.4,NA,2.1,27.4,27.4,-93.75,-85.425,-102.075,312,302,320,122,16,328.62,122.52,16.68,NA,NA,NA,"Kalif","Raymond","CHI","WR",32,4
"average","17519","WR",25.3,NA,1.7,25.3,25.3,-95.85,-87.525,-104.175,317,305,325,123,16,299.28,109.08,15.75,NA,NA,NA,"Bryce","Lance","NOS","WR",24,-6
"average","17542","WR",23.6,NA,1,23.6,23.6,-97.55,-89.225,-105.875,319,309,328,124,16,343.8,133.89,20.48,NA,NA,NA,"Colbie","Young","CIN","WR",24,-6
"average","17505","WR",22.6,NA,0.700000000000003,22.6,22.6,-98.55,-90.225,-106.875,320,310,330,125,16,265.15,95.83,10.82,NA,NA,NA,"Elijah","Sarratt","BAL","WR",23,-6
"average","17184","WR",21.9,NA,0.199999999999996,21.9,21.9,-99.25,-90.925,-107.575,321,313,333,126,16,346,130.74,14.5,NA,NA,NA,"Jaylin","Lane","WAS","WR",24,-5
"average","17076","WR",21.7,NA,0.300000000000004,21.7,21.7,-99.45,-91.125,-107.775,322,314,334,127,16,295.54,108.72,12.57,NA,NA,NA,"Isaiah","Bond","CLE","WR",22,-5
"average","17521","WR",21.4,NA,1.2,21.4,21.4,-99.75,-91.425,-108.075,323,315,337,128,16,327,128.35,18.45,NA,NA,NA,"Zavion","Thomas","CHI","WR",22,-6
"average","14592","WR",20.2,NA,0.200000000000003,20.2,20.2,-100.95,-92.625,-109.275,325,318,338,129,16,320.03,116.51,8.93,NA,NA,NA,"Olamide","Zaccheaus","ATL","WR",29,1
"average","16633","WR",20,NA,0.299999999999997,20,20,-101.15,-92.825,-109.475,327,319,340,130,16,335.73,126.94,16.21,NA,NA,NA,"Jordan","Whittington","LAR","WR",26,-4
"average","17508","WR",19.7,NA,0.200000000000003,19.7,19.7,-101.45,-93.125,-109.775,328,321,342,131,16,289.04,105.07,12.12,NA,NA,NA,"Skyler","Bell","BUF","WR",24,-6
"average","16629","WR",19.5,NA,0.199999999999996,19.5,19.5,-101.65,-93.325,-109.975,329,322,343,132,16,306.71,118.35,23.9,NA,NA,NA,"Roman","Wilson","PIT","WR",25,-4
"average","17529","WR",19.3,NA,0.600000000000001,19.3,19.3,-101.85,-93.525,-110.175,330,323,344,133,16,311.79,114.06,15.71,NA,NA,NA,"Brenen","Thompson","LAC","WR",23,-6
"average","17254","WR",18.7,NA,1.4,18.7,18.7,-102.45,-94.125,-110.775,332,324,346,134,16,311.11,115,17.22,NA,NA,NA,"Konata","Mumpfield","LAR","WR",24,-5
"average","11679","WR",17.3,NA,1.2,17.3,17.3,-103.85,-95.525,-112.175,335,325,349,135,17,314,128.63,22.18,NA,NA,NA,"Odell","Beckham","NYG","WR",34,6
"average","17079","WR",16.1,NA,2,16.1,16.1,-105.05,-96.725,-113.375,339,328,353,136,17,309.35,112.11,11.68,NA,NA,NA,"Tez","Johnson","TBB","WR",24,-5
"average","17528","WR",16.1,NA,0,16.1,16.1,-105.05,-96.725,-113.375,339,328,353,136,17,327.59,123.48,20.28,NA,NA,NA,"Kevin","Coleman","MIA","WR",23,-6
"average","17205","WR",14.1,NA,0.299999999999999,14.1,14.1,-107.05,-98.725,-115.375,344,331,358,137,17,377,158.29,14.63,NA,NA,NA,"KeAndre","Lambert-Smith","LAC","WR",25,-5
"average","17086","WR",13.8,NA,0.100000000000001,13.8,13.8,-107.35,-99.025,-115.675,345,332,359,138,17,318.65,119.85,19.17,NA,NA,NA,"Jalen","Royals","KCC","WR",23,-5
"average","15109","WR",13.7,NA,0.999999999999998,13.7,13.7,-107.45,-99.125,-115.775,347,333,360,139,17,326.64,123.17,21.52,NA,NA,NA,"Nick","Westbrook-Ikhine","IND","WR",29,0
"average","16630","WR",12.7,NA,1.4,12.7,12.7,-108.45,-100.125,-116.775,348,336,362,140,17,316.6,133.67,25.86,NA,NA,NA,"Isaiah","Williams","NYJ","WR",25,-4
"average","17234","WR",11.3,NA,3,11.3,11.3,-109.85,-101.525,-118.175,351,341,366,141,17,363.33,156.17,22.59,NA,NA,NA,"Jimmy","Horn","CAR","WR",24,-5
"average","17087","WR",8.3,NA,0.200000000000001,8.3,8.3,-112.85,-104.525,-121.175,357,348,371,142,17,326.53,124.83,19.84,NA,NA,NA,"Dont'e","Thornton","LVR","WR",24,-5
"average","16858","WR",8.1,NA,1.7,8.1,8.1,-113.05,-104.725,-121.375,358,349,372,143,17,NA,184.2,25.28,NA,NA,NA,"Mason","Tipton","NOS","WR",26,-4
"average","14108","WR",6.4,NA,0.0999999999999996,6.4,6.4,-114.75,-106.425,-123.075,362,353,376,144,17,353.43,137.23,18.99,NA,NA,NA,"Greg","Dortch","DET","WR",28,1
"average","15785","WR",6.3,NA,0.6,6.3,6.3,-114.85,-106.525,-123.175,363,354,377,145,17,NA,173,40.66,NA,NA,NA,"Bo","Melton","GBP","WR",27,-2
"average","17541","WR",5.7,NA,0.8,5.7,5.7,-115.45,-107.125,-123.775,365,357,378,146,17,295.5,129.55,29.39,NA,NA,NA,"Barion","Brown","NOS","WR",23,-6
"average","16299","WR",4.9,NA,0.5,4.9,4.9,-116.25,-107.925,-124.575,368,360,379,147,18,NA,182.8,12.14,NA,NA,NA,"Derius","Davis","LAC","WR",26,-3
"average","16428","WR",4.4,NA,0.3,4.4,4.4,-116.75,-108.425,-125.075,369,362,380,148,18,334.5,154.86,17.6,NA,NA,NA,"Xavier","Smith","LAR","WR",29,-3
"average","13776","WR",4.1,NA,0,4.1,4.1,-117.05,-108.725,-125.375,370,366,381,149,18,NA,172.67,16.96,NA,NA,NA,"Justin","Watson","HOU","WR",30,2
"average","16641","TE",148.33,5.30138661106695,1.46000000000001,143.609,153.149,41.58,48.604,35.707,37,30,42,1,1,17.31,1.1,0.47,31.94,11.6789383079114,5.06,"Brock","Bowers","LVR","TE",24,-4
"average","15794","TE",146.87,14.7514643340924,10.4333333333333,133.511,160.061,40.12,38.506,42.619,39,40,36,2,2,24.36,2.14,0.52,34.5625,9.36376092977603,4.4375,"Trey","McBride","ARI","TE",27,-2
"average","17104","TE",136.436666666667,13.5787345998563,11.2366666666667,126.091,149.671,29.6866666666667,31.086,32.229,48,48,44,3,3,38.08,3.2,0.92,51.1625,10.9613146451509,-3.16249999999999,"Colston","Loveland","CHI","TE",22,-5
"average","17102","TE",125.2,3.42308340535255,2.66333333333333,121.85,127.745,18.45,26.845,10.303,61,57,73,4,3,59.42,4.53,1.02,64.4575,11.4385933903605,-3.4575,"Tyler","Warren","IND","TE",24,-5
"average","13299","TE",122.536666666667,13.3397538707929,0.409999999999997,113.469,135.69,15.7866666666667,18.464,18.248,66,67,58,5,3,91.9,8.66,2.56,100.02,12.5208406267311,-34.02,"George","Kittle","SFO","TE",33,3
"average","16222","TE",122.126666666667,18.389402745422,1.02666666666667,107.448,139.848,15.3766666666667,12.443,22.406,69,80,51,6,3,62.24,4.68,0.99,74.28,9.47257356793813,-5.28,"Tucker","Kraft","GBP","TE",26,-3
"average","13671","TE",121.1,11.0308657865101,1.12666666666668,114.08,128.12,14.35,19.075,10.678,71,66,72,7,3,117.12,13.02,3.31,115.7625,4.94714248329275,-44.7625,"Mark","Andrews","BAL","TE",31,2
"average","13674","TE",119.973333333333,15.6067976642658,3.57666666666665,108.862,135.322,13.2233333333333,13.857,17.88,74,72,60,8,4,111.63,12.09,2.55,93.53,14.5715510499054,-19.53,"Dallas","Goedert","PHI","TE",31,2
"average","16214","TE",116.396666666667,9.57005921263465,1.82000000000001,108.939,125.679,9.64666666666668,13.934,8.23699999999998,78,71,80,9,4,80.1,6.87,1.97,89.585,20.8346652240923,-11.585,"Sam","LaPorta","DET","TE",25,-3
"average","17103","TE",114.576666666667,15.0179104183416,2.17666666666666,101.373,128.373,7.82666666666667,6.36799999999998,10.931,81,85,71,10,4,88.7,8.43,2.1,87.7375,9.66832036860591,-6.73750000000001,"Harold","Fannin","CLE","TE",22,-5
"average","11244","TE",112.4,7.21248916810278,1.57666666666667,107.81,116.99,5.65000000000001,12.805,-0.451999999999998,85,79,95,11,4,106.76,11.55,1.84,110.0275,16.2427635810536,-25.0275,"Travis","Kelce","KCC","TE",37,7
"average","15329","TE",110.823333333333,7.27713084486828,4.07333333333334,104.347,117.442,4.07333333333334,9.342,0,88,81,94,12,5,89.93,8.68,1.55,86.05,12.212194724946,1.95,"Kyle","Pitts","ATL","TE",26,-1
"average","16213","TE",106.75,18.4554869889689,0.75,95.005,118.495,0,0,1.053,94,94,92,13,5,101.7,10.56,2.97,120.7375,17.1878276332409,-26.7375,"Dalton","Kincaid","BUF","TE",27,-3
"average","15798","TE",106,27.86000717875,6.59999999999999,88.27,123.73,-0.75,-6.735,6.28799999999997,95,104,83,14,5,116.67,13.05,3.78,116.6725,13.5567278039356,-21.6725,"Isaiah","Likely","NYG","TE",26,-2
"average","12676","TE",99.4,9.19238815542512,1.75,93.55,105.25,-7.34999999999999,-1.45500000000001,-12.192,103,95,109,15,6,152.16,17.75,2.49,142.62,9.193962692985,-39.62,"Hunter","Henry","NEP","TE",32,4
"average","16269","TE",97.65,19.4454364826301,2.95,85.275,110.025,-9.09999999999999,-9.73,-7.417,105,111,102,16,6,156.67,18.38,2.53,154.79,8.27181157103247,-49.79,"Brenton","Strange","JAC","TE",26,-3
"average","15799","TE",94.7,6.92964645562815,3.95,90.29,99.11,-12.05,-4.715,-18.332,111,100,119,17,6,134.29,15.66,2.32,130.2575,14.1513716208006,-19.2575,"Jake","Ferguson","DAL","TE",27,-2
"average","14861","TE",90.75,20.1525432638166,5.25,77.925,103.575,-16,-17.08,-13.867,119,122,113,18,7,143.89,16.68,3.19,142.6725,11.6514706689757,-23.6725,"Juwan","Johnson","NOS","TE",30,0
"average","17107","TE",85.5,3.53553390593274,0.599999999999994,83.25,87.75,-21.25,-11.755,-29.692,126,115,137,19,7,185.29,21.73,6.14,153.53,26.63,-27.53,"Terrance","Ferguson","LAR","TE",23,-5
"average","17543","TE",84.9,1.27279220613579,2.15000000000001,84.09,85.71,-21.85,-10.915,-31.732,127,112,145,20,7,208.92,24.57,5.02,145.613333333333,11.5109291062402,-18.6133333333333,"Kenyon","Sadiq","NYJ","TE",21,-6
"average","13772","TE",82.75,13.5057395206631,2.64999999999999,74.155,91.345,-24,-20.85,-26.097,128,127,131,21,7,186.84,21.54,3.37,148.886666666667,14.7007150241824,-20.8866666666667,"Dalton","Schultz","HOU","TE",30,2
"average","16723","TE",80.1,15.556349186104,0.400000000000006,70.2,90,-26.65,-24.805,-27.442,136,136,134,22,7,195.52,22.76,2.79,155.84,23.4868303523485,-19.84,"AJ","Barner","SEA","TE",24,-4
"average","15331","TE",79.7,1.97989898732232,0.950000000000003,78.44,80.96,-27.05,-16.565,-36.482,137,120,161,23,8,233.09,27.42,4.28,158.335,33.835,-21.335,"Pat","Freiermuth","PIT","TE",28,-1
"average","14138","TE",78.75,4.45477272147526,1.64999999999999,75.915,81.585,-28,-19.09,-35.857,139,125,157,24,8,220.7,25.43,3.3,147.11,17.81,-8.11000000000001,"T.J.","Hockenson","MIN","TE",29,1
"average","12263","TE",77.1,8.20243866176395,1.75000000000001,71.88,82.32,-29.65,-23.125,-35.122,142,132,154,25,8,261.13,32.39,8.03,NA,NA,NA,"Darren","Waller","CAR","TE",34,5
"average","15802","TE",75.35,27.3650324319194,0.649999999999991,57.935,92.765,-31.4,-37.07,-24.677,147,154,127,26,8,245.25,29.26,3.07,204.93,NA,-57.93,"Cade","Otton","TBB","TE",27,-2
"average","15797","TE",74.7,15.1320851173921,0.25,65.07,84.33,-32.05,-29.935,-33.112,149,148,148,27,8,213.49,24.96,5.02,161.865,29.865,-12.865,"Greg","Dulcich","MIA","TE",26,-2
"average","15889","TE",74.45,9.12167747730647,3.39999999999999,68.645,80.255,-32.3,-26.36,-37.187,150,141,162,28,8,169.76,19.85,2.98,155.41,NA,-5.41,"Chigoziem","Okonkwo","WAS","TE",27,-2
"average","13192","TE",71.05,7.56604255869606,5.5,66.235,75.865,-35.7,-28.77,-41.577,155,146,170,29,9,245.43,29.8,5.4,158.91,34.51,-3.91,"David","Njoku","LAC","TE",30,3
"average","17099","TE",65.55,25.9508188695463,1.90000000000001,49.035,82.065,-41.2,-45.97,-35.377,162,170,155,30,9,189.71,22.61,5.02,161.26,NA,0.740000000000009,"Oronde","Gadsden","LAC","TE",23,-5
"average","13672","TE",63.65,11.8086832458153,1.45,56.135,71.165,-43.1,-38.87,-46.277,164,157,179,31,9,267.9,33.16,4.14,NA,NA,NA,"Mike","Gesicki","CIN","TE",31,2
"average","13189","TE",62.2,5.23259018078046,0.349999999999994,58.87,65.53,-44.55,-36.135,-51.912,168,153,192,32,9,262.15,32.73,3.38,201.45,NA,-33.45,"Evan","Engram","DEN","TE",32,3
"average","17105","TE",61.85,8.55599205235723,1.50000000000001,56.405,67.295,-44.9,-38.6,-50.147,169,156,188,33,9,236.95,28.16,3.89,181.06,NA,-12.06,"Gunnar","Helm","TEN","TE",24,-5
"average","14871","TE",60.35,22.8395490323255,6.05,45.815,74.885,-46.4,-49.19,-42.557,173,182,174,34,10,259.13,31.98,3.7,161.66,NA,11.34,"Colby","Parkinson","LAR","TE",27,0
"average","15626","TE",54.3,NA,0.349999999999994,54.3,54.3,-52.45,-40.705,-63.142,180,162,220,35,10,NA,78.6,11.64,NA,NA,NA,"Brock","Wright","DET","TE",28,-1
"average","16649","TE",53.95,21.2839141137151,2.10000000000001,40.405,67.495,-52.8,-54.6,-49.947,182,195,187,36,10,273.19,34.48,5.08,NA,NA,NA,"Theo","Johnson","NYG","TE",25,-4
"average","17106","TE",51.85,25.809397513309,0.549999999999997,35.425,68.275,-54.9,-59.58,-49.167,187,208,185,37,10,280.14,36.02,4.4,NA,NA,NA,"Mason","Taylor","NYJ","TE",22,-5
"average","14143","TE",51.3,9.61665222413705,0.0999999999999943,45.18,57.42,-55.45,-49.825,-60.022,189,183,211,38,10,318.32,43.44,5.06,NA,NA,NA,"Dawson","Knox","BUF","TE",30,1
"average","15873","TE",51.2,NA,3.55,51.2,51.2,-55.55,-43.805,-66.242,190,167,227,39,11,354.92,55.44,7.21,NA,NA,NA,"Daniel","Bellinger","TEN","TE",26,-2
"average","12678","TE",47.65,37.1231060122938,3.2,24.025,71.275,-59.1,-70.98,-46.167,202,239,178,40,11,316.81,44.02,6.52,NA,NA,NA,"Tyler","Higbee","LAR","TE",33,4
"average","16212","TE",44.45,2.89913780286485,0.550000000000004,42.605,46.295,-62.3,-52.4,-71.147,209,187,236,41,11,302.45,40.3,5.33,NA,NA,NA,"Michael","Mayer","LVR","TE",25,-3
"average","17593","TE",43.9,NA,0.499999999999993,43.9,43.9,-62.85,-51.105,-73.542,210,185,244,42,11,336,62,14.3,NA,NA,NA,"Marlin","Klein","HOU","TE",24,-6
"average","16216","TE",43.4,5.51543289325507,1,39.89,46.91,-63.35,-55.115,-70.532,211,198,233,43,11,290.21,37.75,5.41,NA,NA,NA,"Darnell","Washington","PIT","TE",25,-3
"average","16483","TE",42.4,NA,0.300000000000004,42.4,42.4,-64.35,-52.605,-75.042,214,188,246,44,11,NA,97.4,6.44,NA,NA,NA,"Ben","Sims","MIA","TE",26,-3
"average","16219","TE",42.1,NA,2,42.1,42.1,-64.65,-52.905,-75.342,215,189,247,45,12,NA,82.6,10.19,NA,NA,NA,"Davis","Allen","LAR","TE",25,-3
"average","14870","TE",40.1,NA,1,40.1,40.1,-66.65,-54.905,-77.342,219,196,253,46,12,371.4,63.14,9.49,NA,NA,NA,"Adam","Trautman","DEN","TE",29,0
"average","15795","TE",39.1,25.7386868351903,0.300000000000004,22.72,55.48,-67.65,-72.285,-61.962,221,245,217,47,12,273.66,37.11,11.17,NA,NA,NA,"Charlie","Kolar","LAC","TE",27,-2
"average","16645","TE",38.8,4.66690475583122,0.299999999999997,35.83,41.77,-67.95,-59.175,-75.672,223,207,250,48,12,318.08,44.03,7.97,NA,NA,NA,"Erick","All","CIN","TE",26,-4
"average","16215","TE",38.5,NA,0.0999999999999943,38.5,38.5,-68.25,-56.505,-78.942,226,200,257,49,12,351.83,55.17,6.75,NA,NA,NA,"Luke","Musgrave","GBP","TE",26,-3
"average","17108","TE",38.4,NA,3.40000000000001,38.4,38.4,-68.35,-56.605,-79.042,227,202,258,50,12,303.11,40.29,5.48,NA,NA,NA,"Elijah","Arroyo","SEA","TE",23,-5
"average","15804","TE",35,NA,0.25,35,35,-71.75,-60.005,-82.442,238,210,261,51,12,NA,103,16,NA,NA,NA,"Grant","Calcaterra","PHI","TE",28,-2
"average","14209","TE",34.75,19.3040151263927,0.349999999999994,22.465,47.035,-72,-72.54,-70.407,239,247,232,52,12,361.2,58.2,7.48,NA,NA,NA,"Josh","Oliver","MIN","TE",29,1
"average","14867","TE",34.4,0.707106781186548,0.350000000000001,33.95,34.85,-72.35,-61.055,-82.592,240,212,262,53,12,316.77,42.64,4.74,NA,NA,NA,"Cole","Kmet","CHI","TE",27,0
"average","17605","TE",34.05,19.3040151263927,1.05,21.765,46.335,-72.7,-73.24,-71.107,241,250,235,54,12,330.67,63.91,8.22,NA,NA,NA,"Will","Kacmarek","MIA","TE",23,-6
"average","17591","TE",33,NA,1.4,33,33,-73.75,-62.005,-84.442,245,214,265,55,12,362.2,65.4,7.55,NA,NA,NA,"Nate","Boerkircher","JAC","TE",25,-6
"average","15796","TE",31.6,NA,2.15,31.6,31.6,-75.15,-63.405,-85.842,247,217,272,56,13,NA,80.17,15.44,NA,NA,NA,"Jeremy","Ruckert","NYJ","TE",26,-2
"average","17544","TE",29.45,19.4454364826301,0.650000000000002,17.075,41.825,-77.3,-77.93,-75.617,252,271,249,57,13,281.13,37.07,7.18,152.82,NA,99.18,"Eli","Stowers","PHI","TE",23,-6
"average","16474","TE",28.8,NA,0.399999999999999,28.8,28.8,-77.95,-66.205,-88.642,255,221,274,58,13,NA,95.5,23.08,NA,NA,NA,"Nate","Adkins","DEN","TE",27,-3
"average","14137","TE",28.4,23.9002092041053,0.449999999999999,13.19,43.61,-78.35,-81.815,-73.832,256,294,245,59,13,350.7,53.96,5.83,NA,NA,NA,"Noah","Fant","NOS","TE",29,1
"average","15332","TE",27.95,6.01040764008566,0.400000000000002,24.125,31.775,-78.8,-70.88,-85.667,257,238,269,60,13,338.25,53.81,8.75,NA,NA,NA,"Tommy","Tremble","CAR","TE",26,-1
"average","12677","TE",27.55,4.87903679018718,1.25,24.445,30.655,-79.2,-70.56,-86.787,259,235,273,61,13,352,54.46,9.11,NA,NA,NA,"Austin","Hooper","ATL","TE",32,4
"average","17109","TE",26.3,NA,0.200000000000003,26.3,26.3,-80.45,-68.705,-91.142,261,227,278,62,13,353.81,53.95,7.1,NA,NA,NA,"Mitchell","Evans","CAR","TE",23,-5
"average","15337","TE",26.1,8.76812408671319,0.499999999999996,20.52,31.68,-80.65,-74.485,-85.762,262,256,271,63,13,326.2,45.09,5.13,NA,NA,NA,"Noah","Gray","KCC","TE",27,-1
"average","14984","TE",25.6,NA,0.0500000000000007,25.6,25.6,-81.15,-69.405,-91.842,263,232,280,64,13,NA,112.8,18.96,NA,NA,NA,"Charlie","Woerner","ATL","TE",29,0
"average","17607","TE",25.55,10.5358910396796,0.349999999999998,18.845,32.255,-81.2,-76.16,-85.187,264,263,266,65,13,317.69,44.97,8.74,192.82,NA,71.18,"Eli","Raridon","NEP","TE",22,-6
"average","14239","TE",25.2,NA,1,25.2,25.2,-81.55,-69.805,-92.242,266,233,282,66,13,NA,70,4.24,NA,NA,NA,"Foster","Moreau","HOU","TE",29,1
"average","16644","TE",24.2,NA,0.200000000000003,24.2,24.2,-82.55,-70.805,-93.242,267,237,286,67,13,354.71,55.62,8.43,NA,NA,NA,"Ben","Sinnott","WAS","TE",24,-4
"average","17213","TE",24,NA,0.199999999999996,24,24,-82.75,-71.005,-93.442,268,241,287,68,13,364,60.9,6.44,NA,NA,NA,"Jackson","Hawes","BUF","TE",26,-5
"average","16643","TE",23.8,1.97989898732233,3.5527136788005e-15,22.54,25.06,-82.95,-72.465,-92.382,269,246,283,69,13,328.26,47.25,7.16,NA,NA,NA,"Ja'Tavion","Sanders","CAR","TE",23,-4
"average","16796","TE",23.8,NA,0.650000000000002,23.8,23.8,-82.95,-71.205,-93.642,270,242,288,70,13,NA,115,20.72,NA,NA,NA,"Devin","Culp","TBB","TE",26,-4
"average","16333","TE",23.15,2.75771644662754,0.149999999999995,21.395,24.905,-83.6,-73.61,-92.537,272,253,284,71,13,363,57.86,6.36,NA,NA,NA,"Elijah","Higgins","ARI","TE",26,-3
"average","15344","TE",23,9.05096679918781,0.800000000000001,17.24,28.76,-83.75,-77.765,-88.682,274,269,275,72,13,330.25,58.67,14.01,NA,NA,NA,"John","Bates","WAS","TE",29,-1
"average","15800","TE",22.2,NA,0.700000000000003,22.2,22.2,-84.55,-72.805,-95.242,277,248,291,73,14,NA,140,16,NA,NA,NA,"Connor","Heyward","LVR","TE",27,-2
"average","12680","TE",21.5,NA,0.5,21.5,21.5,-85.25,-73.505,-95.942,278,252,293,74,14,NA,NA,NA,NA,NA,NA,"Nick","Vannett","SEA","TE",33,4
"average","15334","TE",21,NA,0.399999999999999,21,21,-85.75,-74.005,-96.442,279,254,294,75,14,NA,129.75,6.18,NA,NA,NA,"Hunter","Long","JAC","TE",28,-1
"average","14146","TE",20.6,NA,0.850000000000001,20.6,20.6,-86.15,-74.405,-96.842,280,255,295,76,14,371.33,78,18.93,NA,NA,NA,"Drew","Sample","CIN","TE",30,1
"average","16642","TE",19.75,0.777817459305201,0.449999999999999,19.255,20.245,-87,-75.75,-97.197,283,262,296,77,14,359.5,82.4,19,NA,NA,NA,"Cade","Stover","HOU","TE",26,-4
"average","16221","TE",19.3,NA,0.5,19.3,19.3,-87.45,-75.705,-98.142,285,261,298,78,14,379.5,66.88,5.21,NA,NA,NA,"Luke","Schoonmaker","DAL","TE",28,-3
"average","16249","TE",18.8,NA,0.300000000000001,18.8,18.8,-87.95,-76.205,-98.642,286,264,300,79,14,NA,NA,NA,NA,NA,NA,"Zack","Kuntz","DAL","TE",27,-3
"average","16220","TE",18.5,NA,0.199999999999999,18.5,18.5,-88.25,-76.505,-98.942,287,266,301,80,14,NA,120.5,5.22,NA,NA,NA,"Will","Mallory","IND","TE",27,-3
"average","17545","TE",18.3,NA,1,18.3,18.3,-88.45,-76.705,-99.142,288,267,302,81,14,NA,88.43,30.57,NA,NA,NA,"Jack","Endries","CIN","TE",22,-6
"average","15991","TE",17.3,NA,0.199999999999999,17.3,17.3,-89.45,-77.705,-100.142,290,268,305,82,14,NA,121.25,17.63,NA,NA,NA,"Tanner","Conner","NYG","TE",28,-2
"average","17660","TE",17.3,NA,0,17.3,17.3,-89.45,-77.705,-100.142,290,268,305,82,14,NA,83.83,14.85,NA,NA,NA,"Bauer","Sharp","TBB","TE",23,-6
"average","16765","TE",17.1,NA,0.100000000000001,17.1,17.1,-89.65,-77.905,-100.342,291,270,306,83,14,NA,NA,NA,NA,NA,NA,"Tanner","McLachlan","FA","TE",27,-4
"average","17644","TE",17.1,NA,0,17.1,17.1,-89.65,-77.905,-100.342,291,270,306,83,14,351.6,62.56,7.79,NA,NA,NA,"Tanner","Koziol","JAC","TE",23,-6
"average","14370","TE",17,NA,0.100000000000001,17,17,-89.75,-78.005,-100.442,293,272,307,84,14,382.67,80.5,19.77,NA,NA,NA,"Tanner","Hudson","CIN","TE",32,2
"average","15905","TE",16.9,NA,0.399999999999999,16.9,16.9,-89.85,-78.105,-100.542,294,274,308,85,14,NA,111.25,9.81,NA,NA,NA,"Teagan","Quitoriano","ARI","TE",26,-2
"average","16447","TE",16.9,NA,0,16.9,16.9,-89.85,-78.105,-100.542,294,274,308,85,14,NA,NA,NA,NA,NA,NA,"Travis","Vokolek","ARI","TE",28,-3
"average","17548","TE",16.5,NA,0.199999999999999,16.5,16.5,-90.25,-78.505,-100.942,297,276,309,86,14,332.14,48.76,8.49,NA,NA,NA,"Justin","Joly","DEN","TE",22,-6
"average","17699","TE",16.5,NA,0,16.5,16.5,-90.25,-78.505,-100.942,297,276,309,86,14,NA,NA,NA,NA,NA,NA,"Dallen","Bentley","DEN","TE",26,-6
"average","13919","TE",16.3,NA,0.0500000000000007,16.3,16.3,-90.45,-78.705,-101.142,299,277,310,87,14,NA,NA,NA,NA,NA,NA,"Anthony","Firkser","FA","TE",31,2
"average","16036","TE",16.25,0.0707106781186532,0.149999999999999,16.205,16.295,-90.5,-78.8,-101.147,300,278,311,88,14,284.05,36.68,5.64,193.06,NA,106.94,"Jake","Tonges","SFO","TE",27,-2
"average","17243","TE",16.1,NA,0.300000000000001,16.1,16.1,-90.65,-78.905,-101.342,301,279,312,89,14,NA,89.75,19.12,NA,NA,NA,"Thomas","Fidone","NYG","TE",24,-5
"average","16646","TE",15.8,NA,0.0999999999999996,15.8,15.8,-90.95,-79.205,-101.642,302,281,313,90,14,NA,96.67,35.12,NA,NA,NA,"Jaheim","Bell","PIT","TE",25,-4
"average","17651","TE",15.7,NA,0.0999999999999996,15.7,15.7,-91.05,-79.305,-101.742,303,282,317,91,14,NA,81.6,11.24,NA,NA,NA,"Josh","Cuevas","BAL","TE",23,-6
"average","17566","TE",15.6,NA,0.100000000000001,15.6,15.6,-91.15,-79.405,-101.842,304,283,318,92,14,NA,91,9.83,NA,NA,NA,"Joe","Royer","CLE","TE",24,-6
"average","14341","TE",15.5,NA,0.4,15.5,15.5,-91.25,-79.505,-101.942,306,284,319,93,14,NA,NA,NA,NA,NA,NA,"Donald","Parham","PIT","TE",29,1
"average","16218","TE",15.1,NA,0.199999999999999,15.1,15.1,-91.65,-79.905,-102.342,307,286,321,94,14,NA,89.2,10.3,NA,NA,NA,"Payne","Durham","TBB","TE",26,-3
"average","15970","TE",14.9,NA,0.0999999999999996,14.9,14.9,-91.85,-80.105,-102.542,308,287,322,95,14,NA,122.75,15.56,NA,NA,NA,"Lucas","Krull","DEN","TE",28,-2
"average","17655","TE",14.8,NA,0.200000000000001,14.8,14.8,-91.95,-80.205,-102.642,309,288,323,96,14,NA,94,26.03,NA,NA,NA,"Seydou","Traore","MIA","TE",24,-6
"average","15925","TE",14.6,NA,3.35,14.6,14.6,-92.15,-80.405,-102.842,310,289,324,97,15,NA,NA,NA,NA,NA,NA,"John","FitzPatrick","GBP","TE",26,-2
"average","16312","TE",14.6,NA,0,14.6,14.6,-92.15,-80.405,-102.842,310,289,324,97,15,NA,92,23.49,NA,NA,NA,"Josh","Whyle","GBP","TE",27,-3
"average","17547","TE",11.25,10.5358910396796,0,4.545,17.955,-95.5,-90.46,-99.487,316,311,303,98,15,321.56,46.28,10.68,NA,NA,NA,"Max","Klare","LAR","TE",23,-6
"robust","13589","QB",344.7555,1.47073919999994,39.7669999999999,343.799,345.6728,67.958,72.4580000000001,60.1328,17,15,27,1,1,25.13,1.03,0.18,15.9525,8.47526216408673,1.0475,"Josh","Allen","BUF","QB",30,2
"robust","14783","QB",304.9885,0.177912000000091,2.35450000000003,302.3546,306.068,28.191,31.0136000000001,20.528,50,49,57,2,1,54.4,5.83,1.53,60.435,12.5794385804773,-10.435,"Jalen","Hurts","PHI","QB",28,0
"robust","13593","QB",302.634,1.67237279999998,1.43799999999999,300.1128,307.5648,25.8365,28.7718,22.0248,52,51,52,3,1,30.08,2.6,0.96,37.535,11.5460501904331,14.465,"Lamar","Jackson","BAL","QB",29,2
"robust","16581","QB",301.196,2.19424800000003,5.71200000000005,298.1896,303.172,24.3985,26.8486,17.6319999999999,56,56,61,4,1,50.5,5.44,2.12,55.9725,11.6775112395579,0.0274999999999963,"Jayden","Daniels","WAS","QB",26,-4
"robust","16580","QB",295.484,3.07194720000009,8.70149999999995,290.8008,298.4328,18.6865,19.4598,12.8928,62,65,68,5,2,35.91,3.31,1.25,42.035,10.2938586059844,19.965,"Drake","Maye","NEP","QB",24,-4
"robust","17032","QB",286.7825,0.711647999999943,0.0880000000000791,284.818,291.199,9.98500000000001,13.477,5.65899999999993,77,75,86,6,2,96.45,13.1,2.78,95.7975,15.3579171357968,-18.7975,"Jaxson","Dart","NYG","QB",23,-5
"robust","14777","QB",286.6945,2.79321839999994,2.73449999999997,284.2484,290.3414,9.89699999999993,12.9074,4.80139999999983,78,78,88,7,2,43.82,4.52,1.29,44.9775,10.7752270857741,33.0225,"Joe","Burrow","CIN","QB",30,0
"robust","13116","QB",283.96,12.186972,1.601,276.562,291.358,7.16249999999997,5.22099999999995,5.81799999999993,83,86,84,8,2,100.16,13.75,2.45,89.4225,16.6440084940497,-6.4225,"Patrick","Mahomes","KCC","QB",31,3
"robust","12620","QB",282.359,12.7622207999998,2.40899999999999,272.7408,294.9708,5.56149999999997,1.39980000000003,9.43079999999992,86,90,75,9,3,76.12,9.29,1.94,60.385,10.0619096100094,25.615,"Dak","Prescott","DAL","QB",33,4
"robust","9431","QB",279.95,7.75399799999994,0.189999999999998,275.243,284.657,3.15249999999997,3.90200000000004,-0.883000000000152,90,88,97,10,3,103.69,14.59,2.79,77.5625,16.7212146314196,12.4375,"Matthew","Stafford","LAR","QB",38,11
"robust","16579","QB",279.76,18.858672,0.149999999999977,268.312,291.208,2.96249999999998,-3.029,5.66799999999989,91,97,85,11,3,65.34,7.48,2.02,67.7175,17.0627934040707,23.2825,"Caleb","Williams","CHI","QB",25,-4
"robust","15237","QB",279.61,6.7458300000001,2.8125,272.635,291.193,2.8125,1.29399999999993,5.65299999999991,92,91,87,12,3,76.25,9.36,2.02,75.34,12.0620334106651,16.66,"Trevor","Lawrence","JAC","QB",27,-1
"robust","15698","QB",276.7975,5.20392600000007,0.207499999999982,271.341,285.93,0,0,0.389999999999986,94,94,93,13,3,94.72,12.31,2.09,85.415,9.76923871138381,8.58499999999999,"Brock","Purdy","SFO","QB",27,-2
"robust","14779","QB",276.59,7.39817399999997,1.31,272.099,281.081,-0.207499999999982,0.757999999999981,-4.45900000000006,95,93,100,14,3,69.97,8.28,2.07,79.8925,20.4234808186558,15.1075,"Justin","Herbert","LAC","QB",28,0
"robust","16582","QB",275.28,16.90164,14.28,265.02,285.54,-1.51749999999998,-6.32100000000003,0,97,103,94,15,4,98.83,12.93,1.9,97.7275,20.4818961219414,-0.727500000000006,"Bo","Nix","DEN","QB",26,-4
"robust","12611","QB",261,11.0601960000001,0.379999999999995,254.286,267.714,-15.7975,-17.0550000000001,-17.826,119,121,118,16,4,106.02,15.32,2.38,97.6925,14.8274026299281,21.3075,"Jared","Goff","DET","QB",32,4
"robust","14059","QB",260.62,8.77699200000002,1.63,255.292,265.948,-16.1775,-16.049,-19.5920000000001,121,119,123,17,4,153.44,23.33,2.03,125.7,9.81439758721849,-4.69999999999999,"Daniel","Jones","IND","QB",29,1
"robust","13590","QB",258.99,18.932802,5.81000000000003,247.497,270.483,-17.8075,-23.844,-15.057,122,134,116,18,5,120.36,18.51,1.95,117.33,16.7334903711091,4.67,"Baker","Mayfield","TBB","QB",31,2
"robust","17039","QB",253.18,9.10316400000002,6.01999999999998,247.654,258.706,-23.6175,-23.687,-26.8340000000001,128,133,133,19,5,126.92,19.68,2.28,129.6525,15.6643789774763,-1.6525,"Tyler","Shough","NOS","QB",27,-5
"robust","14782","QB",247.16,1.156428,3.78,246.458,247.862,-29.6375,-24.883,-37.6780000000001,142,137,163,20,6,121.03,18.56,2.14,126.6075,22.0834455814757,15.3925,"Jordan","Love","GBP","QB",28,0
"robust","16150","QB",243.38,17.020248,2.07999999999998,233.048,253.712,-33.4175,-38.293,-31.8280000000001,151,155,146,21,6,148.82,23.24,1.6,134.325,20.364486858254,16.675,"C.J.","Stroud","HOU","QB",25,-3
"robust","14056","QB",241.3,16.338252,3.03,231.382,251.218,-35.4975,-39.959,-34.3220000000001,154,161,151,22,6,114.13,16.67,2.43,119.2975,21.0802186599191,34.7025,"Kyler","Murray","MIN","QB",29,1
"robust","15694","QB",238.27,28.569702,2.34,220.927,255.613,-38.5275,-50.414,-29.927,160,184,138,23,6,135.34,20.4,3,135.14,20.5999550970384,24.86,"Malik","Willis","MIA","QB",27,-2
"robust","13592","QB",235.93,21.957306,2.72,222.601,249.259,-40.8675,-48.74,-36.2810000000001,162,178,160,24,7,143.73,22.59,1.9,128.925,14.3722240798006,33.075,"Sam","Darnold","SEA","QB",29,2
"robust","16148","QB",233.21,15.433866,24.74,223.841,242.579,-43.5875,-47.5,-42.9610000000001,166,174,175,25,8,186.85,26.09,1.46,117.595,4.005,48.405,"Bryce","Young","CAR","QB",25,-3
"robust","17030","QB",208.47,8.85112200000002,1.54000000000002,203.097,213.843,-68.3275,-68.244,-71.6970000000001,227,226,240,26,8,167.82,24.97,1.63,117.285,7.715,109.715,"Cam","Ward","TEN","QB",24,-5
"robust","11150","QB",206.93,12.854142,3.63999999999999,199.127,214.733,-69.8675,-72.214,-70.8070000000001,233,244,234,27,8,242,28.34,1.55,132.4,NA,100.6,"Geno","Smith","NYJ","QB",36,7
"robust","12616","QB",203.29,40.222938,4.75,178.873,227.707,-73.5075,-92.468,-57.8330000000001,244,317,203,28,9,213.94,26.85,1.97,127.85,NA,116.15,"Jacoby","Brissett","ARI","QB",34,4
"robust","7836","QB",198.54,13.847484,34.55,190.134,206.946,-78.2575,-81.207,-78.5940000000001,256,291,255,29,10,236.65,28.33,1.63,123.215,6.715,132.785,"Aaron","Rodgers","PIT","QB",43,15
"robust","17462","QB",163.99,14.781522,44.56,155.017,172.963,-112.8075,-116.324,-112.577,357,375,351,30,11,272.18,30.7,2.48,139.785,21.538413938821,217.215,"Fernando","Mendoza","LVR","QB",23,-6
"robust","16583","QB",119.43,22.787562,5.91000000000001,105.597,133.263,-157.3675,-165.744,-152.277,379,384,386,31,12,296.64,32.67,1.91,170.39,NA,208.61,"Michael","Penix Jr.","ATL","QB",26,-4
"robust","13113","QB",113.52,74.367216,18.98,68.376,158.664,-163.2775,-202.965,-126.876,380,386,382,32,13,299.94,32.94,1.81,159.93,NA,220.07,"Deshaun","Watson","CLE","QB",31,3
"robust","14778","QB",94.54,14.38122,8.69000000000001,85.81,103.27,-182.2575,-185.531,-182.27,381,385,388,33,13,282.04,31.37,2.03,154.4,NA,226.6,"Tua","Tagovailoa","ATL","QB",28,0
"robust","17031","QB",85.85,72.395358,50.39,41.903,129.797,-190.9475,-229.438,-155.743,382,387,387,34,14,303.84,34.37,3.6,161.7,NA,220.3,"Shedeur","Sanders","CLE","QB",24,-5
"robust","10700","QB",35.46,4.329192,11.09,32.832,38.088,-241.3375,-238.509,-247.452,383,388,390,35,15,297.21,32.83,2.09,164.69,NA,218.31,"Kirk","Cousins","LVR","QB",38,8
"robust","16584","QB",24.37,23.706774,1.09,9.979,38.761,-252.4275,-261.362,-246.779,384,404,389,36,15,327.58,37.67,3.84,NA,NA,NA,"J.J.","McCarthy","MIN","QB",23,-4
"robust","12141","QB",23.28,NA,2.51,23.28,23.28,-253.5175,-248.061,-262.26,385,389,393,37,15,350.18,43,4.07,NA,NA,NA,"Marcus","Mariota","WAS","QB",33,5
"robust","17463","QB",20.77,19.911318,2.65000000000001,8.683,32.857,-256.0275,-262.658,-252.683,386,418,391,38,15,344.47,40.39,4.25,147.29,NA,238.71,"Ty","Simpson","LAR","QB",24,-6
"robust","17466","QB",18.12,13.076532,4.78,10.182,26.058,-258.6775,-261.159,-259.482,387,403,392,39,16,322.87,38.05,8.15,189.56,NA,197.44,"Carson","Beck","ARI","QB",25,-6
"robust","16585","QB",13.34,NA,1.04,13.34,13.34,-263.4575,-258.001,-272.2,388,390,394,40,16,349.43,45.81,7.21,NA,NA,NA,"Joe","Milton","DAL","QB",26,-4
"robust","15252","QB",12.3,NA,0.160000000000002,12.3,12.3,-264.4975,-259.041,-273.24,389,391,395,41,16,NA,53.78,4.78,NA,NA,NA,"Davis","Mills","HOU","QB",28,-1
"robust","15697","QB",12.14,NA,0.0199999999999978,12.14,12.14,-264.6575,-259.201,-273.4,390,392,396,42,16,NA,NA,NA,NA,NA,NA,"Desmond","Ridder","FA","QB",27,-2
"robust","14789","QB",12.12,NA,0.0200000000000014,12.12,12.12,-264.6775,-259.221,-273.42,391,393,397,43,16,NA,55,1.76,NA,NA,NA,"Tyler","Huntley","BAL","QB",28,0
"robust","13119","QB",12.1,NA,0.0600000000000005,12.1,12.1,-264.6975,-259.241,-273.44,392,394,398,44,16,NA,66,14.61,NA,NA,NA,"Joshua","Dobbs","DET","QB",31,3
"robust","15248","QB",12.04,NA,0.279999999999999,12.04,12.04,-264.7575,-259.301,-273.5,393,395,399,45,16,NA,89.67,14.97,NA,NA,NA,"Shane","Buechele","BUF","QB",28,-1
"robust","14067","QB",11.76,NA,0.0399999999999991,11.76,11.76,-265.0375,-259.581,-273.78,394,396,400,46,16,353.67,52.15,10.07,NA,NA,NA,"Gardner","Minshew","ARI","QB",30,1
"robust","16384","QB",11.72,NA,0.100000000000001,11.72,11.72,-265.0775,-259.621,-273.82,395,397,401,47,16,366.5,56.4,11.3,NA,NA,NA,"Tyson","Bagent","CHI","QB",26,-3
"robust","14063","QB",11.62,NA,0.279999999999998,11.62,11.62,-265.1775,-259.721,-273.92,396,398,402,48,16,NA,54.14,5.22,NA,NA,NA,"Jarrett","Stidham","DEN","QB",30,1
"robust","16149","QB",11.34,NA,0.24,11.34,11.34,-265.4575,-260.001,-274.2,397,399,403,49,16,NA,69.5,8.2,NA,NA,NA,"Will","Levis","TEN","QB",27,-3
"robust","13595","QB",11.1,NA,0.340000000000002,11.1,11.1,-265.6975,-260.241,-274.44,398,400,404,50,16,NA,58.8,9.2,NA,NA,NA,"Mason","Rudolph","PIT","QB",31,2
"robust","15702","QB",10.76,NA,0.4,10.76,10.76,-266.0375,-260.581,-274.78,399,401,406,51,16,NA,62.2,5.56,NA,NA,NA,"Tanner","McKee","PHI","QB",26,-3
"robust","16152","QB",10.36,NA,0.279999999999999,10.36,10.36,-266.4375,-260.981,-275.18,400,402,407,52,16,348.27,44.63,13.5,NA,NA,NA,"Anthony","Richardson","IND","QB",24,-3
"robust","15238","QB",10.08,1.571556,0.4,9.126,11.034,-266.7175,-262.215,-274.506,401,412,405,53,16,347.32,39.81,2.9,NA,NA,NA,"Justin","Fields","KCC","QB",27,-1
"robust","14358","QB",9.68,NA,0.0600000000000005,9.68,9.68,-267.1175,-261.661,-275.86,402,405,408,54,16,348,57.13,9.66,NA,NA,NA,"Jake","Browning","TBB","QB",30,1
"robust","13115","QB",9.62,NA,0.16,9.62,9.62,-267.1775,-261.721,-275.92,403,406,409,55,16,NA,65.83,4.37,NA,NA,NA,"Mitchell","Trubisky","TEN","QB",32,3
"robust","17702","QB",9.62,NA,0,9.62,9.62,-267.1775,-261.721,-275.92,403,406,409,55,16,NA,79.33,13.82,NA,NA,NA,"Behren","Morton","NEP","QB",24,-6
"robust","14057","QB",9.46,NA,0.0199999999999978,9.46,9.46,-267.3375,-261.881,-276.08,404,407,410,56,16,NA,64.4,11.29,NA,NA,NA,"Drew","Lock","SEA","QB",30,1
"robust","17035","QB",9.44,NA,0.140000000000001,9.44,9.44,-267.3575,-261.901,-276.1,405,408,411,57,16,365,45.22,5.69,NA,NA,NA,"Riley","Leonard","IND","QB",24,-5
"robust","16868","QB",9.3,NA,0.0599999999999987,9.3,9.3,-267.4975,-262.041,-276.24,406,409,413,58,16,NA,94.33,16.74,NA,NA,NA,"Adrian","Martinez","SFO","QB",26,-3
"robust","17465","QB",9.24,NA,0.0400000000000027,9.24,9.24,-267.5575,-262.101,-276.3,407,410,414,59,16,NA,67.33,5.85,NA,NA,NA,"Garrett","Nussmeier","KCC","QB",24,-6
"robust","17654","QB",9.2,NA,0.0999999999999979,9.2,9.2,-267.5975,-262.141,-276.34,408,411,415,60,16,NA,86.5,0.5,NA,NA,NA,"Cole","Payton","PHI","QB",24,-6
"robust","16586","QB",9.1,NA,1.77635683940025e-15,9.1,9.1,-267.6975,-262.241,-276.44,409,413,416,61,16,NA,54.44,4.42,NA,NA,NA,"Spencer","Rattler","NOS","QB",26,-4
"robust","17033","QB",9.1,NA,0.199999999999998,9.1,9.1,-267.6975,-262.241,-276.44,409,413,416,62,16,NA,56.63,9.01,NA,NA,NA,"Jalen","Milroe","SEA","QB",24,-5
"robust","10313","QB",8.9,NA,0.0400000000000009,8.9,8.9,-267.8975,-262.441,-276.64,410,414,417,63,16,NA,70.4,13.99,NA,NA,NA,"Andy","Dalton","PHI","QB",39,9
"robust","15240","QB",8.86,NA,0.0200000000000014,8.86,8.86,-267.9375,-262.481,-276.68,411,415,418,64,16,NA,50.63,5.57,NA,NA,NA,"Trey","Lance","LAC","QB",26,-1
"robust","17036","QB",8.84,NA,0.119999999999999,8.84,8.84,-267.9575,-262.501,-276.7,412,416,419,65,16,NA,67.17,13.21,NA,NA,NA,"Will","Howard","PIT","QB",25,-5
"robust","17468","QB",8.84,NA,0,8.84,8.84,-267.9575,-262.501,-276.7,412,416,419,65,16,330,56,8.16,NA,NA,NA,"Drew","Allar","PIT","QB",22,-6
"robust","15948","QB",8.72,NA,0.119999999999999,8.72,8.72,-268.0775,-262.621,-276.82,413,417,420,66,16,NA,NA,NA,NA,NA,NA,"Chris","Oladokun","KCC","QB",29,-2
"robust","15692","QB",8.6,NA,0.100000000000001,8.6,8.6,-268.1975,-262.741,-276.94,414,419,421,67,16,NA,64.33,4.82,NA,NA,NA,"Kenny","Pickett","CAR","QB",28,-2
"robust","17467","QB",8.5,NA,0.0199999999999996,8.5,8.5,-268.2975,-262.841,-277.04,415,420,422,68,16,345.62,42.63,5.46,NA,NA,NA,"Cade","Klubnik","NYJ","QB",23,-6
"robust","13968","QB",8.48,NA,0.220000000000001,8.48,8.48,-268.3175,-262.861,-277.06,416,421,423,69,16,NA,69.6,17.17,NA,NA,NA,"Nick","Mullens","JAC","QB",31,3
"robust","15241","QB",8.26,1.808772,0.220000000000001,7.162,9.358,-268.5375,-264.179,-276.182,417,425,412,70,16,337.31,38.18,2.85,216.18,NA,200.82,"Mac","Jones","SFO","QB",28,-1
"robust","13879","QB",8.04,NA,0.139999999999999,8.04,8.04,-268.7575,-263.301,-277.5,418,422,424,71,16,NA,64.8,19.75,NA,NA,NA,"Kyle","Allen","BUF","QB",30,2
"robust","17040","QB",7.9,NA,0.0399999999999991,7.9,7.9,-268.8975,-263.441,-277.64,419,423,425,72,16,NA,79.2,11.07,NA,NA,NA,"Brady","Cook","NYJ","QB",25,-5
"robust","17034","QB",7.86,NA,2.23,7.86,7.86,-268.9375,-263.481,-277.68,420,424,426,73,16,NA,50.46,5.87,NA,NA,NA,"Quinn","Ewers","MIA","QB",23,-5
"robust","9064","QB",5.63,1.378818,0.24,4.793,6.467,-271.1675,-266.548,-279.073,421,427,427,74,16,340.3,40.91,3.01,NA,NA,NA,"Joe","Flacco","CIN","QB",41,12
"robust","12140","QB",5.39,0.845082000000001,0,4.877,5.903,-271.4075,-266.464,-279.637,422,426,428,75,16,355.08,40.89,2.53,NA,NA,NA,"Jameis","Winston","NYG","QB",32,5
"robust","16162","RB",301.6125,14.38122,24.8975,291.72,313.365,167.1125,161.015,174.05,1,1,1,1,1,1.39,1.19,0.39,1.4825,0.29852763691156,-0.4825,"Jahmyr","Gibbs","DET","RB",24,-3
"robust","16161","RB",276.715,6.18244199999994,6.32250000000005,269.283,281.883,142.215,138.578,142.568,2,2,3,2,1,2.72,1.88,0.48,2.305,0.394112927978771,-0.305,"Bijan","Robinson","ATL","RB",24,-3
"robust","14802","RB",270.3925,6.61239599999997,13.3099999999999,261.896,286.061,135.8925,131.191,146.746,3,3,2,3,2,7.13,3.7,1.19,6.21,2.45399674001413,-3.21,"Jonathan","Taylor","IND","RB",27,0
"robust","12626","RB",257.0825,9.10316400000006,2.98500000000001,248.464,270.649,122.5825,117.759,131.334,4,4,4,4,2,15.17,6.99,1.63,14.3175,7.74645846500193,-10.3175,"Derrick","Henry","BAL","RB",32,4
"robust","13130","RB",254.0975,10.274418,19.5825,244.942,261.457,119.5975,114.237,122.142,5,5,5,5,3,10.58,5.08,2.01,8.1125,2.4965914263251,-3.1125,"Christian","McCaffrey","SFO","RB",30,3
"robust","15715","RB",234.515,7.88743199999999,3.76750000000004,228.778,239.668,100.015,98.073,100.353,7,8,9,6,3,10.17,4.62,1.2,9.6175,1.93324047909203,-2.6175,"James","Cook","BUF","RB",27,-2
"robust","16167","RB",230.7475,1.200906,7.7475,226.171,241.48,96.2475,95.466,102.165,9,10,8,7,4,25.3,10.6,2.96,14.2,2.94300016989466,-5.2,"De'Von","Achane","MIA","RB",25,-3
"robust","13604","RB",223,2.74280999999995,6.25,220.085,227.915,88.5,89.38,88.6,11,11,10,8,5,16.94,7.72,2,14.6375,4.10919928331542,-3.6375,"Saquon","Barkley","PHI","RB",29,2
"robust","14073","RB",216.75,9.85928999999999,1.48250000000002,210.765,222.735,82.25,80.06,83.42,12,13,14,9,5,36.91,14.31,2.99,30.275,9.6099232567175,-18.275,"Josh","Jacobs","GBP","RB",28,1
"robust","16181","RB",215.2675,14.618436,4.19499999999999,205.136,227.411,80.7675,74.431,88.096,14,14,11,10,5,21.7,9.27,2.67,16.6475,2.72122559704263,-2.6475,"Chase","Brown","CIN","RB",26,-3
"robust","15711","RB",211.0725,20.059578,8.07249999999999,198.512,223.397,76.5725,67.807,84.082,15,16,13,11,6,23.83,9.9,3.18,20.105,3.46647876093306,-5.105,"Kenneth","Walker III","KCC","RB",26,-2
"robust","17042","RB",203,15.41904,1.09999999999997,193.64,212.36,68.5,62.935,73.045,16,18,18,12,6,30.22,12.33,3.52,16.555,1.86006048288759,-0.555,"Ashton","Jeanty","LVR","RB",23,-5
"robust","15710","RB",201.9,9.48863999999999,0.200000000000017,196.14,207.66,67.4,65.4350000000001,68.345,18,17,19,13,6,31.51,12.69,2.16,26.26,6.14307740468896,-8.26,"Kyren","Williams","LAR","RB",26,-2
"robust","15256","RB",201.7,27.72462,1.34999999999999,184.87,218.53,67.2,54.165,79.215,19,25,15,14,7,35.31,13.82,2.64,32.9575,5.210462431493,-13.9575,"Javonte","Williams","DAL","RB",26,-1
"robust","15708","RB",200.35,29.57787,2.5,182.395,218.305,65.85,51.69,78.99,20,27,16,15,7,41.95,16.18,1.95,38.66,4.41782186150596,-18.66,"Breece","Hall","NYJ","RB",25,-2
"robust","17044","RB",197.85,14.60361,0.100000000000023,188.985,206.715,63.35,58.2800000000001,67.4,21,23,20,16,7,25.23,10.61,2.68,22.065,2.30227604774058,-1.065,"Omarion","Hampton","LAC","RB",23,-5
"robust","17472","RB",197.75,13.12101,3.09999999999999,189.785,205.715,63.25,59.08,66.4,22,22,23,17,7,47.38,18.23,2.58,32.0575,2.73905435323945,-10.0575,"Jeremiyah","Love","ARI","RB",21,-6
"robust","15253","RB",194.65,4.52192999999997,5.25,191.905,197.395,60.15,61.2,58.08,23,19,28,18,8,48.38,18.62,2.72,41.7475,4.27294614405564,-18.7475,"Travis","Etienne","NOS","RB",27,-1
"robust","14797","RB",189.4,17.93946,2.50000000000003,178.51,200.29,54.9,47.805,60.975,28,33,26,19,8,49.92,19.13,3.05,43.745,10.0027233791603,-15.745,"D'Andre","Swift","CHI","RB",27,0
"robust","17045","RB",186.9,16.3086,2.04999999999995,177,196.8,52.4,46.295,57.485,30,35,29,20,8,54.73,21.12,2.88,39.8175,7.38336771060469,-9.8175,"Cam","Skattebo","NYG","RB",24,-5
"robust","17051","RB",184.85,10.89711,4.15000000000001,178.235,191.465,50.35,47.53,52.15,32,34,33,21,9,54.23,21.06,3.27,53.52,5.26211459396315,-21.52,"Quinshon","Judkins","CLE","RB",23,-5
"robust","16598","RB",180.7,19.57032,10.6,168.82,192.58,46.2,38.1150000000001,53.265,35,41,31,22,10,56.15,21.71,3,49.4575,8.42501149850847,-14.4575,"Bucky","Irving","TBB","RB",24,-4
"robust","17052","RB",170.1,9.93342,5.30000000000004,164.07,176.13,35.6,33.365,36.815,42,45,41,23,10,60.69,23.24,3.28,56.6025,9.1382338966564,-14.6025,"Bhayshul","Tuten","JAC","RB",23,-5
"robust","17473","RB",164.8,9.48864000000001,0.599999999999994,159.04,170.56,30.3,28.335,31.245,46,52,46,24,10,62.89,24.16,3.29,65.1125,7.61246798022823,-19.1125,"Jadarian","Price","SEA","RB",23,-6
"robust","14071","RB",164.2,9.04385999999999,7,158.71,169.69,29.7,28.005,30.375,47,53,47,25,11,55.66,21.59,2.91,52.9225,5.35205743149305,-5.9225,"David","Montgomery","HOU","RB",29,1
"robust","14800","RB",157.2,4.74431999999998,1.54999999999998,154.32,160.08,22.7,23.615,20.765,57,60,56,26,11,82.32,31.05,3.45,85.8425,15.548791552722,-28.8425,"J.K.","Dobbins","DEN","RB",28,0
"robust","14823","RB",155.65,2.89106999999998,0.799999999999983,153.895,157.405,21.15,23.19,18.09,59,62,59,27,11,83.47,31.31,3.63,85.355,10.8638149376727,-26.355,"Rico","Dowdle","PIT","RB",28,0
"robust","17043","RB",154.85,1.11194999999998,4.05000000000001,154.175,155.525,20.35,23.47,16.21,60,61,64,28,12,66.84,25.83,3.46,64.5725,4.87015079335333,-4.5725,"TreVeyon","Henderson","NEP","RB",24,-5
"robust","15259","RB",150.8,4.74431999999998,5.05000000000001,147.92,153.68,16.3,17.2150000000001,14.365,64,69,66,29,12,74.92,28.61,3.12,77.5075,8.65168011140033,-13.5075,"Rhamondre","Stevenson","NEP","RB",28,-1
"robust","14085","RB",145.75,3.03933,2.5,143.905,147.595,11.25,13.2,8.28,76,77,79,30,13,78.01,29.88,3.1,79,10.9299473923711,-3,"Tony","Pollard","TEN","RB",29,1
"robust","15742","RB",143.25,7.63538999999999,3.5,138.615,147.885,8.75,7.91000000000005,8.56999999999999,80,82,77,31,13,78.28,29.81,2.62,75.22,7.12722596807482,4.78,"Jaylen","Warren","PIT","RB",28,-2
"robust","16597","RB",139.75,14.90013,1.64999999999998,130.705,148.795,5.25,0,9.48000000000002,87,94,74,32,13,85.22,31.7,4.67,91.3375,5.2565881282444,-4.33750000000001,"Jonathon","Brooks","CAR","RB",23,-4
"robust","17066","RB",138.1,7.26473999999999,1.25,133.69,142.51,3.60000000000002,2.98500000000004,3.19499999999999,89,89,90,33,13,102.71,37.12,3.7,105.5825,11.0624282483549,-16.5825,"Kyle","Monangai","CHI","RB",24,-5
"robust","17256","RB",136.85,2.74281000000001,2.35000000000002,135.185,138.515,2.35000000000002,4.48000000000002,-0.799999999999983,93,87,96,34,13,90.86,33.45,3.24,103.075,10.9902536367456,-10.075,"Jacory","Croskey-Merritt","WAS","RB",25,-5
"robust","15972","RB",134.5,4.89258,1.94999999999999,131.53,137.47,0,0.825000000000045,-1.845,94,92,98,35,14,96.77,35.07,4.39,106.035,11.4199616899533,-12.035,"Jordan","Mason","MIN","RB",27,-2
"robust","15261","RB",132.55,6.89409000000001,3,128.365,136.735,-1.94999999999999,-2.33999999999997,-2.57999999999998,98,96,99,36,14,97.05,35.36,4.24,94.0625,10.4156141801624,3.9375,"Chuba","Hubbard","CAR","RB",27,-1
"robust","16593","RB",129.55,16.08621,1.65000000000001,119.785,139.315,-4.94999999999999,-10.92,0,99,113,94,37,14,87.98,32.68,3.23,106.2075,6.25604257897914,-7.2075,"Blake","Corum","LAR","RB",26,-4
"robust","15255","RB",127.9,3.85475999999999,3.30000000000001,125.56,130.24,-6.59999999999999,-5.14499999999997,-9.07499999999999,102,101,104,38,15,115.6,40.03,2.56,116.0925,3.5732434495847,-14.0925,"Kenneth","Gainwell","TBB","RB",27,-1
"robust","15721","RB",124.6,3.11345999999998,0.199999999999989,122.71,126.49,-9.90000000000001,-7.99499999999996,-12.825,106,106,110,39,15,113.7,39.69,3.88,126.6075,5.21043844124465,-20.6075,"Rachaad","White","WAS","RB",27,-2
"robust","13319","RB",124.4,3.26171999999999,2.15000000000001,122.42,126.38,-10.1,-8.28499999999997,-12.935,107,107,111,40,15,119.05,41.42,3.74,117.8675,4.72599923296651,-10.8675,"Aaron","Jones","MIN","RB",32,3
"robust","17068","RB",122.25,31.06047,14.85,103.395,141.105,-12.25,-27.31,1.78999999999999,112,144,91,41,16,111.09,38.99,3.99,100.21,7.16827036320478,11.79,"RJ","Harvey","DEN","RB",25,-5
"robust","16169","RB",107.4,2.37215999999999,4.05,105.96,108.84,-27.1,-24.745,-30.475,138,135,140,42,17,141.02,48.49,6.78,131.96,2.75234445518725,6.03999999999999,"Zach","Charbonnet","SEA","RB",25,-3
"robust","15749","RB",103.35,7.33887,0.450000000000003,98.895,107.805,-31.15,-31.81,-31.51,146,150,144,43,17,152.71,52.2,5.83,146.82,14.7952897910112,-0.819999999999993,"Isiah","Pacheco","DET","RB",27,-2
"robust","17053","RB",102.9,5.63388000000001,3,99.48,106.32,-31.6,-31.225,-32.995,148,149,147,44,17,132.08,45.45,5.11,136.615,5.03993303526942,11.385,"Woody","Marks","HOU","RB",26,-5
"robust","16165","RB",99.9,8.00604000000001,11,95.04,104.76,-34.6,-35.665,-34.555,153,152,153,45,18,156.97,52.75,7.24,149.8825,9.57905625570702,3.11750000000001,"Tyjae","Spears","TEN","RB",25,-3
"robust","16174","RB",88.9,41.21628,0.599999999999994,63.88,113.92,-45.6,-66.825,-25.395,171,222,128,46,18,116.8,40.87,4.64,137.865,10.6210016006025,33.135,"Chris","Rodriguez","JAC","RB",26,-3
"robust","13146","RB",88.3,0,4.40000000000001,88.3,88.3,-46.2,-42.405,-51.015,172,165,189,47,19,215.85,67.25,8.69,180.44,NA,-8.44,"James","Conner","ARI","RB",31,3
"robust","15738","RB",83.9,NA,1.8,83.9,83.9,-50.6,-46.805,-55.415,177,172,196,48,19,246.07,73.53,7.34,235.45,NA,-58.45,"Malik","Davis","DAL","RB",28,-2
"robust","13132","RB",82.1,0.296520000000004,2.40000000000001,81.92,82.28,-52.4,-48.785,-57.035,179,179,202,49,19,173.44,58.17,7.79,149.3075,15.7262064322582,29.6925,"Alvin","Kamara","NOS","RB",31,3
"robust","14086","RB",79.7,6.6717,0.149999999999991,75.65,83.75,-54.8,-55.055,-55.565,186,197,197,50,19,249.47,75.26,10.08,186.41,NA,-0.409999999999997,"Justice","Hill","BAL","RB",29,1
"robust","15716","RB",79.55,4.96671,1.5,76.535,82.565,-54.95,-54.17,-56.75,188,194,200,51,19,149.08,50.49,4.62,156.095,21.3686177606321,31.905,"Brian","Robinson","ATL","RB",27,-2
"robust","17482","RB",78.05,44.25561,0.40000000000002,51.185,104.915,-56.45,-79.52,-34.4,192,285,152,52,19,155.03,51.34,9.46,135.0825,11.0696575714879,56.9175,"Mike","Washington Jr.","LVR","RB",23,-6
"robust","15712","RB",77.65,17.12403,0.84999999999998,67.255,88.045,-56.85,-63.45,-51.27,195,218,191,53,20,129.05,44.61,4.09,145.3025,9.59288896787615,49.6975,"Tyler","Allgeier","ARI","RB",26,-2
"robust","14805","RB",76.8,NA,0.850000000000009,76.8,76.8,-57.7,-53.905,-62.515,198,193,219,54,20,NA,146,12.3,NA,NA,NA,"AJ","Dillon","CAR","RB",28,0
"robust","16596","RB",75.95,34.32219,0.649999999999991,55.115,96.785,-58.55,-75.59,-42.53,199,260,173,55,20,158.49,53.49,6.65,154.813333333333,17.1837235649191,44.1866666666667,"Braelon","Allen","NYJ","RB",22,-4
"robust","16164","RB",75.3,29.80026,1.80000000000001,57.21,93.39,-59.2,-73.495,-45.925,203,251,177,56,20,142.5,48.1,3.66,149.8975,14.5397668052139,53.1025,"Tank","Bigsby","PHI","RB",25,-3
"robust","16604","RB",73.5,NA,0.75,73.5,73.5,-61,-57.205,-65.815,205,203,225,57,20,169.04,55.06,11.52,147.2825,9.98120327165017,57.7175,"MarShawn","Lloyd","GBP","RB",25,-4
"robust","13133","RB",72.75,0.370649999999989,2.15000000000001,72.525,72.975,-61.75,-58.18,-66.34,207,206,228,58,20,255.9,76.31,9.52,207.77,NA,-0.77000000000001,"Samaje","Perine","CIN","RB",31,3
"robust","17485","RB",72.75,43.51431,0,46.335,99.165,-61.75,-84.37,-40.15,207,298,167,58,20,214.81,66.49,12.84,155.763333333333,16.4983682694852,51.2366666666667,"Kaelon","Black","SFO","RB",25,-6
"robust","14095","RB",70.6,14.67774,2.3,61.69,79.51,-63.9,-69.015,-59.805,213,230,210,59,20,263.67,78.32,7.71,NA,NA,NA,"Ty","Johnson","BUF","RB",29,1
"robust","17047","RB",68.3,26.39028,0.999999999999986,52.28,84.32,-66.2,-78.425,-54.995,218,275,195,60,21,172.57,57.63,5.63,170.02,8.57000000000001,47.98,"Dylan","Sampson","CLE","RB",22,-5
"robust","16747","RB",67.3,60.0453,0.550000000000011,30.85,103.75,-67.2,-99.855,-35.565,220,335,156,61,21,158.12,53.38,8.53,144.6625,11.602776338015,75.3375,"Tyrone","Tracy","NYG","RB",27,-4
"robust","16178","RB",66.75,4.81845,5.09999999999999,63.825,69.675,-67.75,-66.88,-69.64,222,223,231,62,21,144.37,49.23,7.08,147.4175,9.70130500242106,74.5825,"Keaton","Mitchell","LAC","RB",24,-3
"robust","15254","RB",61.65,1.40847,0.900000000000006,60.795,62.505,-72.85,-69.91,-76.81,242,234,252,63,21,234.31,71.37,12.47,205.76,NA,36.24,"Najee","Harris","NYG","RB",28,-1
"robust","16385","RB",60.75,31.50525,3.34999999999999,41.625,79.875,-73.75,-89.08,-59.44,246,308,206,64,22,281.85,83.43,8.49,NA,NA,NA,"Emari","Demercado","KCC","RB",27,-3
"robust","17055","RB",57.4,58.11792,3.35,22.12,92.68,-77.1,-108.585,-46.635,250,363,181,65,22,250.65,74.99,8.67,189.86,25.08,60.14,"Jordan","James","SFO","RB",22,-5
"robust","17652","RB",54.05,53.44773,6.05,21.605,86.495,-80.45,-109.1,-52.82,260,368,193,66,23,274.24,81.44,8.12,NA,NA,NA,"Adam","Randall","BAL","RB",22,-6
"robust","16773","RB",48,33.21024,0.200000000000003,27.84,68.16,-86.5,-102.865,-71.155,281,344,237,67,23,319.52,96.17,6.74,NA,NA,NA,"Jawhar","Jordan","HOU","RB",27,-4
"robust","16387","RB",47.8,39.58542,1.99999999999999,23.77,71.83,-86.7,-106.935,-67.485,282,356,229,68,23,256.52,76.6,7.04,NA,NA,NA,"Chris","Brooks","GBP","RB",26,-3
"robust","16757","RB",45.8,29.50374,1.3,27.89,63.71,-88.7,-102.815,-75.605,289,343,248,69,23,189.51,61.65,6.98,173.41,11.21,115.59,"Kimani","Vidal","LAC","RB",25,-4
"robust","17069","RB",44.5,NA,0.399999999999999,44.5,44.5,-90,-86.205,-94.815,296,303,289,70,23,209.1,65.15,9.62,193.79,NA,102.21,"Jaydon","Blue","DAL","RB",22,-5
"robust","17049","RB",44.1,0,3.84999999999999,44.1,44.1,-90.4,-86.605,-95.215,298,304,290,71,23,292.09,87.73,10.37,NA,NA,NA,"Brashard","Smith","KCC","RB",23,-5
"robust","16432","RB",40.25,55.52337,0.45000000000001,6.545,73.955,-94.25,-124.16,-65.36,313,382,224,72,23,202.88,64.55,9.15,NA,NA,NA,"Emanuel","Wilson","SEA","RB",27,-3
"robust","17477","RB",39.8,26.83506,0.649999999999999,23.51,56.09,-94.7,-107.195,-83.225,314,358,263,73,24,147.9,50.23,6.99,139.175,7.3997854698633,174.825,"Jonah","Coleman","DEN","RB",23,-6
"robust","16610","RB",39.15,15.04839,1.55,30.015,48.285,-95.35,-100.69,-91.03,315,337,277,74,24,218.37,66.83,6.16,210.67,NA,104.33,"Jaylen","Wright","MIA","RB",23,-4
"robust","11367","RB",37.6,NA,3,37.6,37.6,-96.9,-93.105,-101.715,318,320,316,75,24,325.5,107.45,21.2,NA,NA,NA,"Kyle","Juszczyk","SFO","RB",35,7
"robust","16608","RB",34.6,NA,1.1,34.6,34.6,-99.9,-96.105,-104.715,324,326,326,76,24,228.65,69.65,9.12,NA,NA,NA,"George","Holani","SEA","RB",27,-4
"robust","17046","RB",33.5,NA,1.4,33.5,33.5,-101,-97.205,-105.815,326,329,327,77,24,251.95,76.39,12.62,NA,NA,NA,"Devin","Neal","NOS","RB",23,-5
"robust","16599","RB",32.1,NA,0.699999999999999,32.1,32.1,-102.4,-98.605,-107.215,331,330,332,78,24,362,113.5,10.5,NA,NA,NA,"Frank","Gore Jr.","BUF","RB",24,-4
"robust","16175","RB",31.4,NA,0.0999999999999979,31.4,31.4,-103.1,-99.305,-107.915,333,334,335,79,24,325.08,101.67,11.56,NA,NA,NA,"Roschon","Johnson","CHI","RB",25,-3
"robust","16752","RB",31.3,3.11346,1.3,29.41,33.19,-103.2,-101.295,-106.125,334,340,329,80,25,254.42,75.94,7.66,NA,NA,NA,"Isaiah","Davis","NYJ","RB",24,-4
"robust","15713","RB",30,NA,0.300000000000001,30,30,-104.5,-100.705,-109.315,336,338,339,81,25,282.56,85.27,12.21,NA,NA,NA,"Jerome","Ford","FA","RB",27,-2
"robust","17474","RB",29.7,13.04688,0.100000000000001,21.78,37.62,-104.8,-108.925,-101.695,337,367,315,82,25,182.52,60.05,6.53,178.75,NA,158.25,"Emmett","Johnson","KCC","RB",23,-6
"robust","17063","RB",29.6,0,0.25,29.6,29.6,-104.9,-101.105,-109.715,338,339,341,83,25,293.08,94.44,14.06,NA,NA,NA,"Phil","Mafah","DAL","RB",24,-5
"robust","16166","RB",29.35,3.33585,0.25,27.325,31.375,-105.15,-103.38,-107.94,340,346,336,84,25,197.04,63.49,8.07,205.52,NA,134.48,"Sean","Tucker","TBB","RB",25,-3
"robust","17059","RB",29.1,NA,0.600000000000001,29.1,29.1,-105.4,-101.605,-110.215,341,342,345,85,25,237.26,71.59,8.43,NA,NA,NA,"Ollie","Gordon","MIA","RB",22,-5
"robust","17061","RB",28.5,6.37518,1,24.63,32.37,-106,-106.075,-106.945,342,352,331,86,25,284.92,85.13,8.18,NA,NA,NA,"LeQuint","Allen","JAC","RB",22,-5
"robust","14076","RB",27.5,NA,0.399999999999999,27.5,27.5,-107,-103.205,-111.815,343,345,348,87,25,NA,145,9,NA,NA,NA,"Trayveon","Williams","DET","RB",29,1
"robust","13404","RB",27.1,NA,1.3,27.1,27.1,-107.4,-103.605,-112.215,346,347,350,88,25,338.38,102.44,6.18,NA,NA,NA,"Austin","Ekeler","FA","RB",31,3
"robust","16603","RB",25.8,NA,0.100000000000001,25.8,25.8,-108.7,-104.905,-113.515,349,350,354,89,25,190.65,61.49,6.24,169.235,9.43499999999999,179.765,"Ray","Davis","BUF","RB",27,-4
"robust","17060","RB",25.8,NA,0,25.8,25.8,-108.7,-104.905,-113.515,349,350,354,89,25,271.72,80.08,6.67,NA,NA,NA,"DJ","Giddens","IND","RB",23,-5
"robust","16688","RB",25.7,0,1.6,25.7,25.7,-108.8,-105.005,-113.615,350,351,355,90,25,302.63,91.12,8.41,NA,NA,NA,"Isaac","Guerendo","SFO","RB",26,-4
"robust","15263","RB",24.1,NA,1.1,24.1,24.1,-110.4,-106.605,-115.215,352,355,357,91,25,NA,136,2,NA,NA,NA,"Elijah","Mitchell","FA","RB",28,-1
"robust","17486","RB",23,NA,0.5,23,23,-111.5,-107.705,-116.315,353,359,361,92,25,326.83,98.43,5.97,NA,NA,NA,"Jam","Miller","NEP","RB",22,-6
"robust","14811","RB",22.5,NA,0.399999999999999,22.5,22.5,-112,-108.205,-116.815,354,361,363,93,25,NA,138,21,NA,NA,NA,"Salvon","Ahmed","CHI","RB",28,0
"robust","15717","RB",22.1,NA,0.100000000000001,22.1,22.1,-112.4,-108.605,-117.215,355,364,364,94,25,349,107.54,7.84,NA,NA,NA,"Dameon","Pierce","PHI","RB",26,-2
"robust","16168","RB",22,NA,0.899999999999999,22,22,-112.5,-108.705,-117.315,356,365,365,95,25,NA,NA,NA,NA,NA,NA,"Israel","Abanikanda","DAL","RB",24,-3
"robust","16176","RB",21.1,NA,0.200000000000003,21.1,21.1,-113.4,-109.605,-118.215,360,369,367,96,25,NA,NA,NA,NA,NA,NA,"Deuce","Vaughn","HOU","RB",25,-3
"robust","16864","RB",20.9,NA,1.8,20.9,20.9,-113.6,-109.805,-118.415,361,370,368,97,26,NA,NA,NA,NA,NA,NA,"Carlos","Washington","MIA","RB",28,-3
"robust","17057","RB",20.9,NA,0,20.9,20.9,-113.6,-109.805,-118.415,361,370,368,97,26,NA,123.67,10.96,NA,NA,NA,"Donovan","Edwards","MIA","RB",23,-5
"robust","16171","RB",19.1,11.8608,0.300000000000001,11.9,26.3,-115.4,-118.805,-113.015,364,377,352,98,26,275.3,81.83,9.44,NA,NA,NA,"Kendre","Miller","NOS","RB",24,-3
"robust","17058","RB",18.8,NA,0.400000000000002,18.8,18.8,-115.7,-111.905,-120.515,366,371,370,99,26,300.26,91.5,8.03,NA,NA,NA,"Tahj","Brooks","CIN","RB",24,-5
"robust","17475","RB",18.4,15.12252,1,9.22,27.58,-116.1,-121.485,-111.735,367,379,347,100,26,247.43,74.78,11.78,NA,NA,NA,"Seth","McGowan","IND","RB",25,-6
"robust","17476","RB",17.4,NA,0.399999999999999,17.4,17.4,-117.1,-113.305,-121.915,371,372,373,101,26,202.16,64.04,8.39,180.37,NA,190.63,"Nicholas","Singleton","TEN","RB",22,-6
"robust","12325","RB",17,NA,0.350000000000001,17,17,-117.5,-113.705,-122.315,372,373,374,102,26,324.5,136.4,19.64,NA,NA,NA,"Michael","Burton","CLE","RB",34,5
"robust","17478","RB",16.65,12.82449,0.349999999999998,8.865,24.435,-117.85,-121.84,-114.88,373,380,356,103,26,204.43,64.29,9.09,189.43,NA,183.57,"Kaytron","Allen","WAS","RB",23,-6
"robust","14319","RB",16.3,NA,1.2,16.3,16.3,-118.2,-114.405,-123.015,374,374,375,104,26,NA,130,33.42,NA,NA,NA,"Andrew","Beck","NYJ","RB",30,1
"robust","17481","RB",15.1,9.34038,2.8,9.43,20.77,-119.4,-121.275,-118.545,375,378,369,105,26,238.69,71.79,8.01,194.29,NA,180.71,"Demond","Claiborne","MIN","RB",23,-6
"robust","16601","RB",12.3,NA,4.2,12.3,12.3,-122.2,-118.405,-127.015,376,376,383,106,27,315.49,97.48,6.25,NA,NA,NA,"Will","Shipley","PHI","RB",24,-4
"robust","17056","RB",8.1,NA,4.5,8.1,8.1,-126.4,-122.605,-131.215,377,381,384,107,27,297.21,89.19,6.9,NA,NA,NA,"Trevor","Etienne","CAR","RB",22,-5
"robust","17048","RB",3.6,NA,0,3.6,3.6,-130.9,-127.105,-135.715,378,383,385,108,27,274.72,82.06,10.19,NA,NA,NA,"Kaleb","Johnson","PIT","RB",23,-5
"robust","16211","WR",232.7,16.01208,14.3175,222.88,242.68,111.55,110.055,113.205,6,6,6,1,1,4.43,2.21,0.88,5.94,1.73992815943648,0.0600000000000005,"Puka","Nacua","LAR","WR",25,-3
"robust","16185","WR",218.3825,6.06383399999996,4.02499999999998,210.659,232.574,97.2325,97.834,103.099,8,9,7,2,1,6.04,3.1,0.9,7.8025,1.32382731124569,0.1975,"Jaxon","Smith-Njigba","SEA","WR",24,-3
"robust","15281","WR",214.3575,0.845082000000074,11.24,213.487,215.8,93.2075,100.662,86.325,10,7,12,3,2,2.48,1.19,0.44,4.69,1.09036691072317,5.31,"Ja'Marr","Chase","CIN","WR",26,-1
"robust","15287","WR",203.1175,0.7413,23.2625,202.193,203.75,81.9675,89.368,74.275,13,12,17,4,3,6.93,3.75,0.75,10.1425,2.23184200829718,2.8575,"Amon-Ra","St. Brown","DET","WR",27,-1
"robust","16194","WR",179.855,3.795456,0.855000000000018,172.156,196.186,58.705,59.331,66.711,24,21,22,5,3,30.93,14.71,4.12,30.095,8.02236405307064,-6.095,"Rashee","Rice","KCC","WR",26,-3
"robust","15762","WR",179,29.35548,0.457499999999982,161.18,196.82,57.85,48.355,67.345,25,32,21,6,3,19.66,10.1,2.06,25.1675,5.04455833051814,-0.167500000000004,"George","Pickens","DAL","WR",25,-2
"robust","14832","WR",178.5425,4.46262599999999,0.322499999999991,172.201,190.696,57.3925,59.376,61.221,26,20,25,7,3,10.46,5.73,1.42,15.3875,3.65810999697931,10.6125,"CeeDee","Lamb","DAL","WR",27,0
"robust","15751","WR",178.22,19.407234,4.11250000000001,165.309,192.939,57.07,52.484,63.464,27,26,24,8,3,16.79,8.74,1.85,20.3925,5.44206475062545,6.6075,"Drake","London","ATL","WR",25,-2
"robust","14836","WR",174.1075,5.693184,2.47499999999999,169.884,179.559,52.9575,57.059,50.0840000000001,29,24,34,9,3,11.55,6.48,1.96,17.7825,3.63213693987438,11.2175,"Justin","Jefferson","MIN","WR",27,0
"robust","14104","WR",171.6325,7.84295399999999,2.24500000000003,163.679,184.694,50.4825,50.854,55.219,31,28,30,10,4,15.02,8.05,2.24,24.81,2.34570884808836,6.19,"A.J.","Brown","NEP","WR",29,1
"robust","15754","WR",169.3875,7.11648000000002,1.38749999999999,161.73,182.385,48.2375,48.905,52.91,33,29,32,11,4,24.92,12.2,2.77,33.385,4.8697972237045,-0.384999999999998,"Chris","Olave","NOS","WR",26,-2
"robust","15290","WR",168,11.1195,4.15000000000001,161.25,174.75,46.85,48.425,45.275,34,31,35,12,4,15.05,8.21,1.75,25.665,4.57758396973775,8.335,"Nico","Collins","HOU","WR",27,-1
"robust","16615","WR",163.85,8.96972999999997,1.24999999999997,158.405,169.295,42.7,45.58,39.82,36,36,38,13,4,28.16,13.56,4.2,33.885,3.86635163946582,2.115,"Malik","Nabers","NYG","WR",23,-4
"robust","16190","WR",162.6,14.52948,4.15000000000003,153.78,171.42,41.45,40.955,41.945,38,38,37,14,4,32,15.13,3.71,37.81,7.94267587151836,0.189999999999998,"Zay","Flowers","BAL","WR",26,-3
"robust","17081","WR",158.45,3.78063000000002,1.5,156.155,160.745,37.3,43.33,31.27,40,37,45,15,5,38.85,18.06,3.93,44.7,7.4514293930762,-4.7,"Emeka","Egbuka","TBB","WR",24,-5
"robust","17071","WR",156.95,8.08017,0.449999999999989,152.045,161.855,35.8,39.22,32.38,41,39,43,16,5,39.16,18.16,3.32,43.2775,7.46852185844026,-2.2775,"Tetairoa","McMillan","CAR","WR",23,-5
"robust","14835","WR",156.5,19.12554,0.149999999999977,144.89,168.11,35.35,32.065,38.635,43,47,39,17,5,33.26,15.51,2.95,40.2925,7.47890825923142,2.7075,"Tee","Higgins","CIN","WR",27,0
"robust","11675","WR",156.35,16.67925,1.75,146.225,166.475,35.2,33.4,37.0000000000001,44,44,40,18,5,46.97,22.02,4.16,52.07,10.049064633089,-8.07000000000001,"Davante","Adams","LAR","WR",34,6
"robust","15756","WR",154.6,8.15429999999998,4.45000000000002,149.65,159.55,33.45,36.825,30.075,45,42,48,19,5,48.23,22.5,4.81,55.3775,14.102943620039,-10.3775,"Jameson","Williams","DET","WR",25,-2
"robust","15282","WR",150.15,1.70499000000001,3.09999999999999,149.115,151.185,29,36.29,21.7100000000001,48,43,53,20,5,33.14,15.53,3.45,39.34,6.59346646309815,8.66,"DeVonta","Smith","PHI","WR",28,-1
"robust","14109","WR",147.05,8.37669000000001,1,141.965,152.135,25.9,29.14,22.66,51,50,50,21,5,48.96,23.01,3.64,55.38,8.35198180074645,-4.38,"Terry","McLaurin","WAS","WR",31,1
"robust","15753","WR",146.05,1.11195000000002,0.350000000000023,145.375,146.725,24.9,32.55,17.2500000000001,53,46,62,22,5,48.92,23.08,3.75,51.625,8.25585095553451,1.37499999999999,"Garrett","Wilson","NYJ","WR",26,-2
"robust","16627","WR",145.7,8.59908,0.0499999999999545,140.48,150.92,24.55,27.655,21.445,54,55,54,23,5,43.25,20.23,3.49,47.8775,3.26718820241504,6.1225,"Ladd","McConkey","LAC","WR",25,-4
"robust","16616","WR",145.65,8.37668999999999,2.90000000000003,140.565,150.735,24.5,27.74,21.26,55,54,55,24,6,55.18,25.45,3.87,63.625,11.1242112079913,-8.62499999999999,"Rome","Odunze","CHI","WR",24,-4
"robust","15768","WR",142.75,26.61267,3.90000000000001,126.595,158.905,21.6,13.77,29.43,58,73,49,25,6,90.14,37.93,6.76,81.14,20.0169378277498,-23.14,"Alec","Pierce","IND","WR",26,-2
"robust","13635","WR",138.85,2.59455,1.54999999999998,137.275,140.425,17.7,24.45,10.95,63,58,70,26,6,57.9,26.38,5.15,60.325,7.20000520833145,2.675,"D.J.","Moore","BUF","WR",29,2
"robust","15284","WR",137.3,1.03782,0.600000000000023,136.67,137.93,16.15,23.845,8.45500000000004,65,59,78,27,6,43.15,20.12,4.04,53.7375,7.29873405118997,11.2625,"Jaylen","Waddle","DEN","WR",28,-1
"robust","17070","WR",136.7,11.8608,0.0999999999999659,129.5,143.9,15.55,16.675,14.425,66,70,65,28,6,56.33,25.87,4.34,68.3925,7.81742724622366,-2.3925,"Luther","Burden","CHI","WR",23,-5
"robust","15789","WR",136.6,9.93341999999996,0.5,130.57,142.63,15.45,17.745,13.155,67,68,67,29,6,51.95,24.25,3.96,66.58,9.90455450790191,0.420000000000002,"Christian","Watson","GBP","WR",27,-2
"robust","11671","WR",136.1,15.86382,0.850000000000023,126.47,145.73,14.95,13.645,16.2550000000001,68,74,63,30,6,57.7,26.41,4.02,68.5425,9.9915373566834,-0.542500000000004,"Mike","Evans","SFO","WR",33,6
"robust","13630","WR",135.25,3.33585,0.399999999999977,133.225,137.275,14.1,20.4,7.80000000000004,72,63,81,31,6,84.46,36.08,4.28,86.3875,15.7272619597309,-14.3875,"Courtland","Sutton","DEN","WR",31,2
"robust","14102","WR",134.85,3.78063,1.30000000000001,132.555,137.145,13.7,19.73,7.67000000000004,73,64,82,32,6,78.97,34.08,3.47,84.6175,12.7247718545363,-11.6175,"DK","Metcalf","PIT","WR",29,1
"robust","16614","WR",133.55,12.08319,4.75,126.215,140.885,12.4,13.39,11.41,74,76,69,33,7,74.17,32.39,3.52,78.605,8.84042278400756,-4.605,"Marvin","Harrison Jr.","ARI","WR",24,-4
"robust","16618","WR",128.8,15.41904,1.95000000000002,119.44,138.16,7.65000000000002,6.615,8.68500000000003,81,84,76,34,7,76.63,33.2,4.16,82.9275,8.22914751052623,-1.9275,"Brian","Thomas Jr.","JAC","WR",24,-4
"robust","16192","WR",126.85,11.63841,5.7,119.785,133.915,5.7,6.95999999999999,4.44000000000003,84,83,89,35,7,71.03,31.24,4.66,79.56,10.1793737528396,4.44,"Parker","Washington","JAC","WR",24,-3
"robust","16188","WR",121.15,13.71405,5.24999999999999,112.825,129.475,0,0,0,94,94,94,36,8,88,37.36,3.84,101.7175,14.5687480158729,-7.7175,"Quentin","Johnston","LAC","WR",25,-3
"robust","16186","WR",115.9,11.1195,0.0500000000000114,109.15,122.65,-5.24999999999999,-3.67500000000001,-6.82499999999996,100,99,101,37,8,99.63,41.37,5.16,108.0125,15.2960180684386,-8.0125,"Jordan","Addison","MIN","WR",24,-3
"robust","16620","WR",115.85,10.15581,3.79999999999998,109.685,122.015,-5.3,-3.14000000000001,-7.45999999999997,101,98,103,38,8,121.14,48.32,5.49,124.345,20.7373509639009,-23.345,"Xavier","Worthy","KCC","WR",23,-4
"robust","16206","WR",112.05,11.63841,1.80000000000001,104.985,119.115,-9.09999999999998,-7.84000000000002,-10.36,104,105,107,39,8,99.33,41.18,5.04,97.49,14.4409366039741,6.51,"Michael","Wilson","ARI","WR",26,-3
"robust","13163","WR",110.25,14.90013,0.449999999999989,101.205,119.295,-10.9,-11.62,-10.18,108,114,106,40,8,90.83,38.25,4.5,94.8975,10.2774811481218,13.1025,"Chris","Godwin","TBB","WR",30,3
"robust","17075","WR",109.8,14.38122,0.25,101.07,118.53,-11.35,-11.755,-10.945,109,115,108,41,8,129.34,51.1,6.63,121.81,16.6050760311418,-12.81,"Matthew","Golden","GBP","WR",23,-5
"robust","16184","WR",109.55,9.41451,0.849999999999994,103.835,115.265,-11.6,-8.99000000000002,-14.21,110,110,115,42,9,104.45,43,4.75,116.77,17.5648042972303,-6.77000000000001,"Jayden","Reed","GBP","WR",26,-3
"robust","17497","WR",108.7,18.68076,0.200000000000017,97.36,120.04,-12.45,-15.465,-9.43499999999996,113,117,105,43,9,77.88,33.68,3.81,85.015,12.5279377792197,27.985,"Carnell","Tate","TEN","WR",21,-6
"robust","14127","WR",108.5,2.37216,0.699999999999989,107.06,109.94,-12.65,-5.765,-19.535,114,102,121,44,9,115.55,46.52,5.74,122.14,21.2638378473878,-8.13999999999999,"Jakobi","Meyers","JAC","WR",30,1
"robust","14136","WR",107.8,6.52344,0.75,103.84,111.76,-13.35,-8.98500000000001,-17.715,115,109,117,45,9,139.67,54.31,11.18,120.025,15.2987131811797,-5.02500000000001,"Deebo","Samuel","SFO","WR",30,1
"robust","14842","WR",107.05,4.81845000000001,0.300000000000011,104.125,109.975,-14.1,-8.70000000000002,-19.4999999999999,116,108,120,46,9,105.76,43.22,4.92,115.195,17.0869855445599,0.805000000000007,"Michael","Pittman","PIT","WR",29,0
"robust","15779","WR",106.75,14.90013,1.25,97.705,115.795,-14.4,-15.12,-13.68,117,116,112,47,9,128.13,50.69,5.72,128.4375,15.9152260037362,-11.4375,"Romeo","Doubs","NEP","WR",26,-2
"robust","16080","WR",105.5,16.45686,3.3,95.51,115.49,-15.65,-17.315,-13.985,118,123,114,48,9,139.67,54.66,4.87,133.955,19.6161980261212,-15.955,"Rashid","Shaheed","SEA","WR",28,-2
"robust","17514","WR",102.2,12.30558,1.75,94.73,109.67,-18.95,-18.095,-19.805,123,124,124,49,9,132.04,51.86,13.45,123.145,6.33851914882333,-0.144999999999996,"De'Zhaun","Stribling","SFO","WR",24,-6
"robust","15757","WR",100.45,5.70800999999999,0.450000000000003,96.985,103.915,-20.7,-15.84,-25.56,124,118,130,50,9,121.8,48.67,5.1,124.3625,13.719235355879,-0.362499999999997,"Wan'Dale","Robinson","TEN","WR",25,-2
"robust","13629","WR",100,16.3086,3.90000000000001,90.1,109.9,-21.15,-22.725,-19.575,125,129,122,51,10,193.99,71.79,10.29,165.596666666667,32.7877785496703,-40.5966666666667,"Calvin","Ridley","TEN","WR",32,2
"robust","17499","WR",96.1,4.89258000000001,0.249999999999986,93.13,99.07,-25.05,-19.695,-30.405,130,126,139,52,10,112.12,45.35,6.12,119.5825,13.2939767846194,10.4175,"Makai","Lemon","PHI","WR",22,-6
"robust","15293","WR",95.85,15.49317,0.0499999999999972,86.445,105.255,-25.3,-26.38,-24.22,131,142,126,53,10,213.91,78.07,10.4,142.125,11.225,-11.125,"Rashod","Bateman","BAL","WR",27,-1
"robust","16809","WR",95.8,17.64294,0.100000000000009,85.09,106.51,-25.35,-27.735,-22.965,132,145,125,54,10,136.25,53.43,5.71,137.445,15.3604516535159,-5.44499999999999,"Jalen","Coker","CAR","WR",25,-4
"robust","17501","WR",95.7,9.34038,0.649999999999991,90.03,101.37,-25.45,-22.795,-28.105,133,130,135,55,10,130.12,51.53,9.04,126.2825,8.04821835874251,6.7175,"KC","Concepcion","CLE","WR",22,-6
"robust","16187","WR",95.05,13.71405,0.0999999999999943,86.725,103.375,-26.1,-26.1,-26.1,134,140,132,56,10,113.88,45.91,5.17,114.0375,13.5915605708101,19.9625,"Josh","Downs","IND","WR",25,-3
"robust","12186","WR",94.95,6.15279,2.35000000000002,91.215,98.685,-26.2,-21.61,-30.79,135,128,141,57,10,111.97,45.23,9.56,111.555,11.0762504937366,23.445,"Stefon","Diggs","WAS","WR",33,5
"robust","16287","WR",92.6,4.59606,0.0999999999999943,89.81,95.39,-28.55,-23.015,-34.085,140,131,150,58,10,169.17,63.58,8.88,153.176666666667,18.596423192527,-13.1766666666666,"Tre","Tucker","LVR","WR",25,-3
"robust","15761","WR",92.5,9.34038,1.79999999999998,86.83,98.17,-28.65,-25.995,-31.305,141,139,142,59,10,143.72,55.98,4.56,129.74,13.3686897887065,11.26,"Khalil","Shakir","BUF","WR",26,-2
"robust","14833","WR",90.7,4.59606,0.0500000000000114,87.91,93.49,-30.45,-24.915,-35.9849999999999,144,138,158,60,10,179.16,66.68,8.18,144,20,0,"Jerry","Jeudy","CLE","WR",27,0
"robust","17500","WR",90.65,12.23145,3.2,83.225,98.075,-30.5,-29.6,-31.4,145,147,143,61,10,161.34,60.8,9.43,147.9825,14.4590946725582,-2.98250000000002,"Denzel","Boston","CLE","WR",23,-6
"robust","16628","WR",87.45,3.03933,1.8,85.605,89.295,-33.7,-27.22,-40.18,152,143,168,62,10,172.97,64.96,8.76,146.636666666667,23.1872239726008,5.36333333333334,"Jalen","McMillan","TBB","WR",25,-4
"robust","17517","WR",85.65,30.31917,0.950000000000003,67.245,104.055,-35.5,-45.58,-25.42,155,169,129,63,10,221.47,80.97,16.84,147.915,13.9695713964316,7.08499999999998,"Ja'Kobi","Lane","BAL","WR",22,-6
"robust","11222","WR",84.7,18.97728,1.05,73.18,96.22,-36.45,-39.645,-33.255,157,159,149,64,11,212.16,77.94,19.16,146.8625,15.4447958468217,10.1375,"Keenan","Allen","IND","WR",34,7
"robust","15786","WR",83.65,5.70801000000001,0.900000000000006,80.185,87.115,-37.5,-32.64,-42.3599999999999,158,151,172,65,11,188.44,69.81,10.44,149.7475,18.0937770725186,8.2525,"Jalen","Nailor","LVR","WR",27,-2
"robust","14860","WR",82.75,28.39179,0.149999999999991,65.515,99.985,-38.4,-47.31,-29.49,159,173,136,66,11,171.77,64.51,9.72,162.4,18.9638884901453,-3.40000000000001,"Jauan","Jennings","MIN","WR",29,0
"robust","16193","WR",82.6,17.49468,4.85000000000001,71.98,93.22,-38.55,-40.845,-36.255,161,163,159,67,11,176.97,66.25,10.67,173.94,17.74,-12.94,"Kayshon","Boutte","HOU","WR",24,-3
"robust","16788","WR",77.75,7.93190999999999,0.950000000000003,72.935,82.565,-43.4,-39.89,-46.91,165,160,182,68,11,259.23,93.29,12.09,168.6,NA,-3.59999999999999,"Devaughn","Vele","NOS","WR",29,-4
"robust","13164","WR",76.8,21.20118,1.2,63.93,89.67,-44.35,-48.895,-39.805,167,181,166,69,11,234.53,84.6,8.7,162.466666666667,8.13279096552278,4.53333333333333,"Cooper","Kupp","SEA","WR",33,3
"robust","16204","WR",75.6,26.09376,1.89999999999999,59.76,91.44,-45.55,-53.065,-38.035,170,191,164,70,11,212.61,77.49,11.09,161.563333333333,15.0109078857861,8.4366666666667,"Tank","Dell","HOU","WR",27,-3
"robust","17353","WR",73.7,NA,0.150000000000006,73.7,73.7,-47.45,-39.125,-55.775,174,158,198,71,11,356.33,146.78,12.01,NA,NA,NA,"Jahdae","Walker","CHI","WR",24,-5
"robust","16626","WR",73.55,15.78969,2.75,63.965,83.135,-47.6,-48.86,-46.34,175,180,180,72,12,170.3,64.09,8.37,174.67,11.37,0.329999999999984,"Adonai","Mitchell","NYJ","WR",24,-4
"robust","17074","WR",70.8,NA,0.999999999999986,70.8,70.8,-50.35,-42.025,-58.675,176,164,205,73,12,192.62,71.28,13.49,154.67,20.1007578629928,21.33,"Travis","Hunter","JAC","WR",23,-5
"robust","16195","WR",69.8,NA,1.2,69.8,69.8,-51.35,-43.025,-59.675,178,166,209,74,12,194.91,71.56,10.86,174,17,4,"Dontayvion","Wicks","PHI","WR",25,-3
"robust","17498","WR",68.6,6.6717,0.850000000000009,64.55,72.65,-52.55,-48.275,-56.825,181,175,201,75,12,138.86,52.98,10.5,129.275,20.9836799680132,51.725,"Jordyn","Tyson","NOS","WR",22,-6
"robust","15787","WR",67.75,20.38575,0.149999999999991,55.375,80.125,-53.4,-57.45,-49.35,183,204,186,76,12,252.68,90.92,11.74,NA,NA,NA,"Tyquan","Thornton","KCC","WR",26,-2
"robust","16191","WR",67.6,NA,0.700000000000003,67.6,67.6,-53.55,-45.225,-61.875,184,168,216,77,12,313.25,116.79,13.56,NA,NA,NA,"Cedric","Tillman","CLE","WR",26,-3
"robust","16751","WR",67.6,NA,0,67.6,67.6,-53.55,-45.225,-61.875,184,168,216,77,12,NA,158.5,43.5,160.4,NA,23.6,"Bub","Means","NOS","WR",25,-4
"robust","17503","WR",66.9,0.444779999999996,2.15000000000001,66.63,67.17,-54.25,-46.195,-62.305,185,171,218,78,12,241.26,87.02,11.06,167.5,NA,17.5,"Germie","Bernard","PIT","WR",23,-6
"robust","17080","WR",64.75,8.37668999999999,0.349999999999994,59.665,69.835,-56.4,-53.16,-59.64,191,192,208,79,12,208.5,75.94,10.09,180.77,NA,10.23,"Jaylin","Noel","HOU","WR",24,-5
"robust","17098","WR",64.75,37.43565,0,42.025,87.475,-56.4,-70.8,-42,191,236,171,79,12,257.09,92.53,9.97,NA,NA,NA,"Tory","Horton","SEA","WR",24,-5
"robust","12785","WR",64.4,NA,0.100000000000009,64.4,64.4,-56.75,-48.425,-65.075,193,176,222,80,12,304.83,126.67,31.41,NA,NA,NA,"Demarcus","Robinson","SFO","WR",32,4
"robust","16684","WR",64.3,0,0.299999999999997,64.3,64.3,-56.85,-48.525,-65.175,194,177,223,81,12,208.59,76.37,10.45,152.27,0.570000000000007,41.73,"Malik","Washington","MIA","WR",25,-4
"robust","17599","WR",64,6.81995999999999,0.5,59.86,68.14,-57.15,-52.965,-61.335,196,190,215,82,12,224.49,81.97,19.25,191.27,NA,4.72999999999999,"Caleb","Douglas","MIA","WR",23,-6
"robust","17512","WR",63.5,30.98634,1.04999999999999,44.69,82.31,-57.65,-68.135,-47.165,197,225,183,83,12,231.18,83.92,13.76,185.71,NA,11.29,"Antonio","Williams","WAS","WR",22,-6
"robust","14122","WR",62.45,12.37971,0.100000000000009,54.935,69.965,-58.7,-57.89,-59.51,200,205,207,84,12,269.21,96.84,9.75,181.6,15.4,18.4,"Darius","Slayton","NYG","WR",29,1
"robust","16619","WR",62.35,45.44169,0.300000000000004,34.765,89.935,-58.8,-78.06,-39.54,201,273,165,85,12,220.67,80.16,12.16,190.22,NA,10.78,"Troy","Franklin","DEN","WR",23,-4
"robust","17502","WR",62.05,18.31011,1.14999999999999,50.935,73.165,-59.1,-61.89,-56.31,202,213,199,86,12,193,71.26,12.22,167.83,NA,34.17,"Omar","Cooper Jr.","NYJ","WR",23,-6
"robust","16639","WR",60.9,NA,0.850000000000009,60.9,60.9,-60.25,-51.925,-68.575,204,186,230,87,13,279.88,100.48,10.79,NA,NA,NA,"Xavier","Legette","CAR","WR",25,-4
"robust","17506","WR",60.05,30.02265,0.799999999999997,41.825,78.275,-61.1,-71,-51.2,206,240,190,88,13,256.23,92.13,12.55,188.12,NA,17.88,"Chris","Bell","MIA","WR",22,-6
"robust","17157","WR",59.25,16.53099,1.74999999999999,49.215,69.285,-61.9,-63.61,-60.19,208,219,212,89,13,206.82,76.01,8.06,170.235,18.135,37.765,"Isaac","TeSlaa","DET","WR",24,-5
"robust","16778","WR",57.5,NA,1.2,57.5,57.5,-63.65,-55.325,-71.975,212,199,241,90,13,194.22,71.66,9.75,180.915,21.015,31.085,"Ryan","Flournoy","DAL","WR",27,-4
"robust","15755","WR",56.3,NA,1.00000000000001,56.3,56.3,-64.85,-56.525,-73.175,216,201,243,91,13,284.24,103.9,18.99,NA,NA,NA,"Jahan","Dotson","ATL","WR",26,-2
"robust","17073","WR",55.3,55.89402,2.19999999999999,21.37,89.23,-65.85,-91.455,-40.245,217,316,169,92,13,249.49,90.69,13.95,NA,NA,NA,"Elic","Ayomanor","TEN","WR",23,-5
"robust","13633","WR",53.1,50.70492,7.105427357601e-15,22.32,83.88,-68.05,-90.505,-45.595,224,312,176,93,13,269.34,96.65,11.54,NA,NA,NA,"Christian","Kirk","SFO","WR",30,2
"robust","15788","WR",53.1,NA,0.100000000000001,53.1,53.1,-68.05,-59.725,-76.375,224,209,251,94,13,294.36,107,16.15,NA,NA,NA,"Jalen","Tolbert","MIA","WR",27,-2
"robust","17072","WR",53.1,NA,0,53.1,53.1,-68.05,-59.725,-76.375,224,209,251,94,13,190.21,70.27,9.11,181.59,NA,42.41,"Tre","Harris","LAC","WR",24,-5
"robust","14105","WR",53,46.85016,0.700000000000003,24.56,81.44,-68.15,-88.265,-48.035,225,306,184,95,13,287.74,103.71,8.68,NA,NA,NA,"Marquise","Brown","PHI","WR",29,1
"robust","17520","WR",52.3,18.5325,0.499999999999993,41.05,63.55,-68.85,-71.775,-65.925,229,243,226,96,13,247.65,89.2,12.37,206.5,NA,22.5,"Ted","Hurst","TBB","WR",22,-6
"robust","16617","WR",51.8,NA,0.300000000000004,51.8,51.8,-69.35,-61.025,-77.675,230,211,254,97,13,245.89,89.05,10.89,185.09,NA,44.91,"Keon","Coleman","BUF","WR",23,-4
"robust","17171","WR",51.5,38.99238,0.150000000000006,27.83,75.17,-69.65,-84.995,-54.305,231,300,194,98,13,249.51,90.06,12.84,NA,NA,NA,"Chimere","Dike","TEN","WR",25,-5
"robust","16207","WR",51.35,21.86835,0.749999999999993,38.075,64.625,-69.8,-74.75,-64.85,232,257,221,99,13,278.56,101.16,12.74,NA,NA,NA,"Andrei","Iosivas","CIN","WR",27,-3
"robust","16342","WR",50.6,NA,0.25,50.6,50.6,-70.55,-62.225,-78.875,234,215,256,100,13,284.46,106.38,21.06,NA,NA,NA,"Demario","Douglas","NEP","WR",26,-3
"robust","16201","WR",50.35,29.87439,0.149999999999999,32.215,68.485,-70.8,-80.61,-60.99,235,290,214,101,13,290.88,110.24,23.02,202.22,NA,32.78,"Xavier","Hutchinson","HOU","WR",26,-3
"robust","17507","WR",50.2,NA,0.650000000000006,50.2,50.2,-70.95,-62.625,-79.275,236,216,259,102,13,237.04,85.38,11.42,190.8,NA,45.2,"Zachariah","Branch","ATL","WR",22,-6
"robust","17706","WR",49.55,31.65351,1.45,30.335,68.765,-71.6,-82.49,-60.71,237,295,213,103,14,316.22,119.92,19.98,NA,NA,NA,"Malik","Benson","LVR","WR",24,-6
"robust","14974","WR",48.1,NA,0.650000000000006,48.1,48.1,-73.05,-64.725,-81.375,243,220,260,104,14,220.43,79.96,8.85,NA,NA,NA,"Darnell","Mooney","NYG","WR",29,0
"robust","14315","WR",47.45,38.91825,2.15,23.825,71.075,-73.7,-89,-58.4,245,307,204,105,14,319.44,129.64,21.25,NA,NA,NA,"Ashton","Dulin","IND","WR",29,1
"robust","15981","WR",45.3,NA,1.2,45.3,45.3,-75.85,-67.525,-84.175,248,224,264,106,14,296.35,111.11,20.94,NA,NA,NA,"KaVontae","Turpin","DAL","WR",30,-2
"robust","17511","WR",44.1,NA,0.100000000000001,44.1,44.1,-77.05,-68.725,-85.375,249,228,267,107,14,246.4,89.51,13.63,191,NA,58,"Malachi","Fields","NYG","WR",23,-6
"robust","17082","WR",44,NA,0.200000000000003,44,44,-77.15,-68.825,-85.475,251,229,268,108,14,205.65,75.22,10.78,208.63,NA,42.37,"Pat","Bryant","DEN","WR",24,-5
"robust","16189","WR",43.8,NA,0.599999999999994,43.8,43.8,-77.35,-69.025,-85.675,253,231,270,109,14,274.84,98.97,9.35,NA,NA,NA,"Marvin","Mims","DEN","WR",24,-3
"robust","15319","WR",43.2,24.75942,0.400000000000006,28.17,58.23,-77.95,-84.655,-71.245,254,299,238,110,14,310.58,112.48,13.58,NA,NA,NA,"Joshua","Palmer","BUF","WR",27,-1
"robust","16621","WR",42.8,23.12856,2.99999999999999,28.76,56.84,-78.35,-84.065,-72.635,257,297,242,111,14,316,125.19,22.2,NA,NA,NA,"Devontez","Walker","BAL","WR",25,-4
"robust","17096","WR",39.8,NA,2.00000000000001,39.8,39.8,-81.35,-73.025,-89.675,265,249,276,112,14,337.71,127.77,14.01,NA,NA,NA,"Savion","Williams","GBP","WR",25,-5
"robust","13289","WR",37.8,NA,0.299999999999997,37.8,37.8,-83.35,-75.025,-91.675,271,258,279,113,14,284.27,103.79,12.34,NA,NA,NA,"Mack","Hollins","NEP","WR",33,3
"robust","17078","WR",37.5,NA,0.399999999999999,37.5,37.5,-83.65,-75.325,-91.975,273,259,281,114,14,259.01,93.21,11.48,NA,NA,NA,"Jack","Bech","LVR","WR",24,-5
"robust","16635","WR",37.1,34.24806,0.5,16.31,57.89,-84.05,-96.515,-71.585,275,327,239,115,14,313.43,115.24,15.34,NA,NA,NA,"Luke","McCaffrey","WAS","WR",25,-4
"robust","17518","WR",36.6,NA,2.9,36.6,36.6,-84.55,-76.225,-92.875,276,265,285,116,15,229.91,84.1,20.22,163.16,NA,112.84,"Cyrus","Allen","KCC","WR",23,-6
"robust","15292","WR",33.7,NA,2.3,33.7,33.7,-87.45,-79.125,-95.775,284,280,292,117,15,341.25,133.62,18.02,NA,NA,NA,"Dyami","Brown","WAS","WR",27,-1
"robust","17134","WR",31.4,NA,0.199999999999999,31.4,31.4,-89.75,-81.425,-98.075,292,292,297,118,15,273.6,99.62,14.86,NA,NA,NA,"Kyle","Williams","NEP","WR",24,-5
"robust","15301","WR",31.2,NA,1.3,31.2,31.2,-89.95,-81.625,-98.275,295,293,299,119,15,337.81,127.8,17.62,NA,NA,NA,"Tutu","Atwell","MIA","WR",27,-1
"robust","13418","WR",29.9,NA,2.1,29.9,29.9,-91.25,-82.925,-99.575,305,296,304,120,15,303.31,109.89,14.74,NA,NA,NA,"Kendrick","Bourne","ARI","WR",31,3
"robust","15752","WR",27.8,NA,0.400000000000002,27.8,27.8,-93.35,-85.025,-101.675,311,301,314,121,15,316.52,117.79,18.87,NA,NA,NA,"Treylon","Burks","WAS","WR",26,-2
"robust","13066","WR",27.4,NA,2.1,27.4,27.4,-93.75,-85.425,-102.075,312,302,320,122,15,328.62,122.52,16.68,NA,NA,NA,"Kalif","Raymond","CHI","WR",32,4
"robust","17519","WR",25.3,NA,1.7,25.3,25.3,-95.85,-87.525,-104.175,317,305,325,123,16,299.28,109.08,15.75,NA,NA,NA,"Bryce","Lance","NOS","WR",24,-6
"robust","17542","WR",23.6,NA,1,23.6,23.6,-97.55,-89.225,-105.875,319,309,328,124,16,343.8,133.89,20.48,NA,NA,NA,"Colbie","Young","CIN","WR",24,-6
"robust","17505","WR",22.6,NA,0.700000000000003,22.6,22.6,-98.55,-90.225,-106.875,320,310,330,125,16,265.15,95.83,10.82,NA,NA,NA,"Elijah","Sarratt","BAL","WR",23,-6
"robust","17184","WR",21.9,NA,0.199999999999996,21.9,21.9,-99.25,-90.925,-107.575,321,313,333,126,16,346,130.74,14.5,NA,NA,NA,"Jaylin","Lane","WAS","WR",24,-5
"robust","17076","WR",21.7,NA,0.300000000000004,21.7,21.7,-99.45,-91.125,-107.775,322,314,334,127,16,295.54,108.72,12.57,NA,NA,NA,"Isaiah","Bond","CLE","WR",22,-5
"robust","17521","WR",21.4,NA,1.2,21.4,21.4,-99.75,-91.425,-108.075,323,315,337,128,16,327,128.35,18.45,NA,NA,NA,"Zavion","Thomas","CHI","WR",22,-6
"robust","14592","WR",20.2,NA,0.200000000000003,20.2,20.2,-100.95,-92.625,-109.275,325,318,338,129,16,320.03,116.51,8.93,NA,NA,NA,"Olamide","Zaccheaus","ATL","WR",29,1
"robust","16633","WR",20,NA,0.299999999999997,20,20,-101.15,-92.825,-109.475,327,319,340,130,16,335.73,126.94,16.21,NA,NA,NA,"Jordan","Whittington","LAR","WR",26,-4
"robust","17508","WR",19.7,NA,0.200000000000003,19.7,19.7,-101.45,-93.125,-109.775,328,321,342,131,16,289.04,105.07,12.12,NA,NA,NA,"Skyler","Bell","BUF","WR",24,-6
"robust","16629","WR",19.5,NA,0.199999999999996,19.5,19.5,-101.65,-93.325,-109.975,329,322,343,132,16,306.71,118.35,23.9,NA,NA,NA,"Roman","Wilson","PIT","WR",25,-4
"robust","17529","WR",19.3,NA,0.600000000000001,19.3,19.3,-101.85,-93.525,-110.175,330,323,344,133,16,311.79,114.06,15.71,NA,NA,NA,"Brenen","Thompson","LAC","WR",23,-6
"robust","17254","WR",18.7,NA,1.4,18.7,18.7,-102.45,-94.125,-110.775,332,324,346,134,16,311.11,115,17.22,NA,NA,NA,"Konata","Mumpfield","LAR","WR",24,-5
"robust","11679","WR",17.3,NA,1.2,17.3,17.3,-103.85,-95.525,-112.175,335,325,349,135,16,314,128.63,22.18,NA,NA,NA,"Odell","Beckham","NYG","WR",34,6
"robust","17079","WR",16.1,NA,2,16.1,16.1,-105.05,-96.725,-113.375,339,328,353,136,16,309.35,112.11,11.68,NA,NA,NA,"Tez","Johnson","TBB","WR",24,-5
"robust","17528","WR",16.1,NA,0,16.1,16.1,-105.05,-96.725,-113.375,339,328,353,136,16,327.59,123.48,20.28,NA,NA,NA,"Kevin","Coleman","MIA","WR",23,-6
"robust","17205","WR",14.1,NA,0.299999999999999,14.1,14.1,-107.05,-98.725,-115.375,344,331,358,137,16,377,158.29,14.63,NA,NA,NA,"KeAndre","Lambert-Smith","LAC","WR",25,-5
"robust","17086","WR",13.8,NA,0.100000000000001,13.8,13.8,-107.35,-99.025,-115.675,345,332,359,138,16,318.65,119.85,19.17,NA,NA,NA,"Jalen","Royals","KCC","WR",23,-5
"robust","15109","WR",13.7,NA,0.999999999999998,13.7,13.7,-107.45,-99.125,-115.775,347,333,360,139,16,326.64,123.17,21.52,NA,NA,NA,"Nick","Westbrook-Ikhine","IND","WR",29,0
"robust","16630","WR",12.7,NA,1.4,12.7,12.7,-108.45,-100.125,-116.775,348,336,362,140,17,316.6,133.67,25.86,NA,NA,NA,"Isaiah","Williams","NYJ","WR",25,-4
"robust","17234","WR",11.3,NA,3,11.3,11.3,-109.85,-101.525,-118.175,351,341,366,141,17,363.33,156.17,22.59,NA,NA,NA,"Jimmy","Horn","CAR","WR",24,-5
"robust","17087","WR",8.3,NA,0.200000000000001,8.3,8.3,-112.85,-104.525,-121.175,358,348,371,142,17,326.53,124.83,19.84,NA,NA,NA,"Dont'e","Thornton","LVR","WR",24,-5
"robust","16858","WR",8.1,NA,1.7,8.1,8.1,-113.05,-104.725,-121.375,359,349,372,143,17,NA,184.2,25.28,NA,NA,NA,"Mason","Tipton","NOS","WR",26,-4
"robust","14108","WR",6.4,NA,0.0999999999999996,6.4,6.4,-114.75,-106.425,-123.075,362,353,376,144,17,353.43,137.23,18.99,NA,NA,NA,"Greg","Dortch","DET","WR",28,1
"robust","15785","WR",6.3,NA,0.6,6.3,6.3,-114.85,-106.525,-123.175,363,354,377,145,17,NA,173,40.66,NA,NA,NA,"Bo","Melton","GBP","WR",27,-2
"robust","17541","WR",5.7,NA,0.8,5.7,5.7,-115.45,-107.125,-123.775,365,357,378,146,17,295.5,129.55,29.39,NA,NA,NA,"Barion","Brown","NOS","WR",23,-6
"robust","16299","WR",4.9,NA,0.5,4.9,4.9,-116.25,-107.925,-124.575,368,360,379,147,17,NA,182.8,12.14,NA,NA,NA,"Derius","Davis","LAC","WR",26,-3
"robust","16428","WR",4.4,NA,0.3,4.4,4.4,-116.75,-108.425,-125.075,369,362,380,148,17,334.5,154.86,17.6,NA,NA,NA,"Xavier","Smith","LAR","WR",29,-3
"robust","13776","WR",4.1,NA,0,4.1,4.1,-117.05,-108.725,-125.375,370,366,381,149,17,NA,172.67,16.96,NA,NA,NA,"Justin","Watson","HOU","WR",30,2
"robust","16641","TE",148.295,7.54643400000005,1.36500000000001,143.609,153.149,41.545,48.604,35.707,37,30,42,1,1,17.31,1.1,0.47,31.94,11.6789383079114,5.06,"Brock","Bowers","LVR","TE",24,-4
"robust","15794","TE",146.93,21.334614,11.525,133.511,160.061,40.18,38.506,42.619,39,40,36,2,2,24.36,2.14,0.52,34.5625,9.36376092977603,4.4375,"Trey","McBride","ARI","TE",27,-2
"robust","17104","TE",135.405,10.244766,9.91750000000002,126.091,149.671,28.655,31.086,32.229,49,48,44,3,3,38.08,3.2,0.92,51.1625,10.9613146451509,-2.16249999999999,"Colston","Loveland","CHI","TE",22,-5
"robust","17102","TE",125.4875,2.29803,4.3875,121.85,127.745,18.7375,26.845,10.303,61,57,73,4,3,59.42,4.53,1.02,64.4575,11.4385933903605,-3.4575,"Tyler","Warren","IND","TE",24,-5
"robust","13671","TE",121.1,11.56428,0.0224999999999937,114.08,128.12,14.35,19.075,10.678,69,66,72,5,3,117.12,13.02,3.31,115.7625,4.94714248329275,-46.7625,"Mark","Andrews","BAL","TE",31,2
"robust","13299","TE",121.0775,5.32253399999998,0.0375000000000085,113.469,135.69,14.3275,18.464,18.248,70,67,58,6,3,91.9,8.66,2.56,100.02,12.5208406267311,-30.02,"George","Kittle","SFO","TE",33,3
"robust","16222","TE",121.04,17.020248,2.58,107.448,139.848,14.29,12.443,22.406,71,80,51,7,3,62.24,4.68,0.99,74.28,9.47257356793813,-3.28,"Tucker","Kraft","GBP","TE",26,-3
"robust","13674","TE",118.46,8.33221199999999,2.715,108.862,135.322,11.71,13.857,17.88,75,72,60,8,4,111.63,12.09,2.55,93.53,14.5715510499054,-18.53,"Dallas","Goedert","PHI","TE",31,2
"robust","16214","TE",115.745,7.991214,1.38000000000001,108.939,125.679,8.995,13.934,8.23699999999998,79,71,80,9,4,80.1,6.87,1.97,89.585,20.8346652240923,-10.585,"Sam","LaPorta","DET","TE",25,-3
"robust","17103","TE",114.365,20.356098,1.96499999999999,101.373,128.373,7.615,6.36799999999998,10.931,82,85,71,10,4,88.7,8.43,2.1,87.7375,9.66832036860591,-5.73750000000001,"Harold","Fannin","CLE","TE",22,-5
"robust","11244","TE",112.4,7.56125999999999,1.6275,107.81,116.99,5.65000000000001,12.805,-0.451999999999998,85,79,95,11,4,106.76,11.55,1.84,110.0275,16.2427635810536,-25.0275,"Travis","Kelce","KCC","TE",37,7
"robust","15329","TE",110.7725,10.333722,4.02250000000001,104.347,117.442,4.02250000000001,9.342,0,88,81,94,12,5,89.93,8.68,1.55,86.05,12.212194724946,1.95,"Kyle","Pitts","ATL","TE",26,-1
"robust","16213","TE",106.75,19.34793,0.75,95.005,118.495,0,0,1.053,94,94,92,13,5,101.7,10.56,2.97,120.7375,17.1878276332409,-26.7375,"Dalton","Kincaid","BUF","TE",27,-3
"robust","15798","TE",106,29.20722,6.59999999999999,88.27,123.73,-0.75,-6.735,6.28799999999997,96,104,83,14,5,116.67,13.05,3.78,116.6725,13.5567278039356,-20.6725,"Isaiah","Likely","NYG","TE",26,-2
"robust","12676","TE",99.4,9.6369,1.75,93.55,105.25,-7.34999999999999,-1.45500000000001,-12.192,103,95,109,15,6,152.16,17.75,2.49,142.62,9.193962692985,-39.62,"Hunter","Henry","NEP","TE",32,4
"robust","16269","TE",97.65,20.38575,2.95,85.275,110.025,-9.09999999999999,-9.73,-7.417,105,111,102,16,6,156.67,18.38,2.53,154.79,8.27181157103247,-49.79,"Brenton","Strange","JAC","TE",26,-3
"robust","15799","TE",94.7,7.26473999999999,3.95,90.29,99.11,-12.05,-4.715,-18.332,111,100,119,17,6,134.29,15.66,2.32,130.2575,14.1513716208006,-19.2575,"Jake","Ferguson","DAL","TE",27,-2
"robust","14861","TE",90.75,21.12705,5.25,77.925,103.575,-16,-17.08,-13.867,120,122,113,18,7,143.89,16.68,3.19,142.6725,11.6514706689757,-22.6725,"Juwan","Johnson","NOS","TE",30,0
"robust","17107","TE",85.5,3.7065,0.599999999999994,83.25,87.75,-21.25,-11.755,-29.692,126,115,137,19,7,185.29,21.73,6.14,153.53,26.63,-27.53,"Terrance","Ferguson","LAR","TE",23,-5
"robust","17543","TE",84.9,1.33434000000001,2.15000000000001,84.09,85.71,-21.85,-10.915,-31.732,127,112,145,20,7,208.92,24.57,5.02,145.613333333333,11.5109291062402,-18.6133333333333,"Kenyon","Sadiq","NYJ","TE",21,-6
"robust","13772","TE",82.75,14.15883,2.64999999999999,74.155,91.345,-24,-20.85,-26.097,129,127,131,21,7,186.84,21.54,3.37,148.886666666667,14.7007150241824,-19.8866666666667,"Dalton","Schultz","HOU","TE",30,2
"robust","16723","TE",80.1,16.3086,0.400000000000006,70.2,90,-26.65,-24.805,-27.442,136,136,134,22,7,195.52,22.76,2.79,155.84,23.4868303523485,-19.84,"AJ","Barner","SEA","TE",24,-4
"robust","15331","TE",79.7,2.07563999999999,0.950000000000003,78.44,80.96,-27.05,-16.565,-36.482,137,120,161,23,8,233.09,27.42,4.28,158.335,33.835,-21.335,"Pat","Freiermuth","PIT","TE",28,-1
"robust","14138","TE",78.75,4.67019000000001,1.64999999999999,75.915,81.585,-28,-19.09,-35.857,139,125,157,24,8,220.7,25.43,3.3,147.11,17.81,-8.11000000000001,"T.J.","Hockenson","MIN","TE",29,1
"robust","12263","TE",77.1,8.59908,1.75000000000001,71.88,82.32,-29.65,-23.125,-35.122,143,132,154,25,8,261.13,32.39,8.03,NA,NA,NA,"Darren","Waller","CAR","TE",34,5
"robust","15802","TE",75.35,28.68831,0.649999999999991,57.935,92.765,-31.4,-37.07,-24.677,147,154,127,26,8,245.25,29.26,3.07,204.93,NA,-57.93,"Cade","Otton","TBB","TE",27,-2
"robust","15797","TE",74.7,15.86382,0.25,65.07,84.33,-32.05,-29.935,-33.112,149,148,148,27,8,213.49,24.96,5.02,161.865,29.865,-12.865,"Greg","Dulcich","MIA","TE",26,-2
"robust","15889","TE",74.45,9.56277,3.39999999999999,68.645,80.255,-32.3,-26.36,-37.187,150,141,162,28,8,169.76,19.85,2.98,155.41,NA,-5.41,"Chigoziem","Okonkwo","WAS","TE",27,-2
"robust","13192","TE",71.05,7.93191,5.5,66.235,75.865,-35.7,-28.77,-41.577,156,146,170,29,9,245.43,29.8,5.4,158.91,34.51,-2.91,"David","Njoku","LAC","TE",30,3
"robust","17099","TE",65.55,27.20571,1.90000000000001,49.035,82.065,-41.2,-45.97,-35.377,163,170,155,30,9,189.71,22.61,5.02,161.26,NA,1.74000000000001,"Oronde","Gadsden","LAC","TE",23,-5
"robust","13672","TE",63.65,12.37971,1.45,56.135,71.165,-43.1,-38.87,-46.277,164,157,179,31,9,267.9,33.16,4.14,NA,NA,NA,"Mike","Gesicki","CIN","TE",31,2
"robust","13189","TE",62.2,5.48562,0.349999999999994,58.87,65.53,-44.55,-36.135,-51.912,168,153,192,32,9,262.15,32.73,3.38,201.45,NA,-33.45,"Evan","Engram","DEN","TE",32,3
"robust","17105","TE",61.85,8.96973,1.50000000000001,56.405,67.295,-44.9,-38.6,-50.147,169,156,188,33,9,236.95,28.16,3.89,181.06,NA,-12.06,"Gunnar","Helm","TEN","TE",24,-5
"robust","14871","TE",60.35,23.94399,6.05,45.815,74.885,-46.4,-49.19,-42.557,173,182,174,34,10,259.13,31.98,3.7,161.66,NA,11.34,"Colby","Parkinson","LAR","TE",27,0
"robust","15626","TE",54.3,NA,0.349999999999994,54.3,54.3,-52.45,-40.705,-63.142,180,162,220,35,10,NA,78.6,11.64,NA,NA,NA,"Brock","Wright","DET","TE",28,-1
"robust","16649","TE",53.95,22.31313,2.10000000000001,40.405,67.495,-52.8,-54.6,-49.947,182,195,187,36,10,273.19,34.48,5.08,NA,NA,NA,"Theo","Johnson","NYG","TE",25,-4
"robust","17106","TE",51.85,27.05745,0.549999999999997,35.425,68.275,-54.9,-59.58,-49.167,187,208,185,37,10,280.14,36.02,4.4,NA,NA,NA,"Mason","Taylor","NYJ","TE",22,-5
"robust","14143","TE",51.3,10.08168,0.0999999999999943,45.18,57.42,-55.45,-49.825,-60.022,189,183,211,38,10,318.32,43.44,5.06,NA,NA,NA,"Dawson","Knox","BUF","TE",30,1
"robust","15873","TE",51.2,NA,3.55,51.2,51.2,-55.55,-43.805,-66.242,190,167,227,39,11,354.92,55.44,7.21,NA,NA,NA,"Daniel","Bellinger","TEN","TE",26,-2
"robust","12678","TE",47.65,38.91825,3.2,24.025,71.275,-59.1,-70.98,-46.167,202,239,178,40,11,316.81,44.02,6.52,NA,NA,NA,"Tyler","Higbee","LAR","TE",33,4
"robust","16212","TE",44.45,3.03933,0.550000000000004,42.605,46.295,-62.3,-52.4,-71.147,209,187,236,41,11,302.45,40.3,5.33,NA,NA,NA,"Michael","Mayer","LVR","TE",25,-3
"robust","17593","TE",43.9,NA,0.499999999999993,43.9,43.9,-62.85,-51.105,-73.542,210,185,244,42,11,336,62,14.3,NA,NA,NA,"Marlin","Klein","HOU","TE",24,-6
"robust","16216","TE",43.4,5.78214,1,39.89,46.91,-63.35,-55.115,-70.532,211,198,233,43,11,290.21,37.75,5.41,NA,NA,NA,"Darnell","Washington","PIT","TE",25,-3
"robust","16483","TE",42.4,NA,0.300000000000004,42.4,42.4,-64.35,-52.605,-75.042,214,188,246,44,11,NA,97.4,6.44,NA,NA,NA,"Ben","Sims","MIA","TE",26,-3
"robust","16219","TE",42.1,NA,2,42.1,42.1,-64.65,-52.905,-75.342,215,189,247,45,12,NA,82.6,10.19,NA,NA,NA,"Davis","Allen","LAR","TE",25,-3
"robust","14870","TE",40.1,NA,1,40.1,40.1,-66.65,-54.905,-77.342,219,196,253,46,12,371.4,63.14,9.49,NA,NA,NA,"Adam","Trautman","DEN","TE",29,0
"robust","15795","TE",39.1,26.98332,0.300000000000004,22.72,55.48,-67.65,-72.285,-61.962,221,245,217,47,12,273.66,37.11,11.17,NA,NA,NA,"Charlie","Kolar","LAC","TE",27,-2
"robust","16645","TE",38.8,4.89258,0.299999999999997,35.83,41.77,-67.95,-59.175,-75.672,223,207,250,48,12,318.08,44.03,7.97,NA,NA,NA,"Erick","All","CIN","TE",26,-4
"robust","16215","TE",38.5,NA,0.0999999999999943,38.5,38.5,-68.25,-56.505,-78.942,226,200,257,49,12,351.83,55.17,6.75,NA,NA,NA,"Luke","Musgrave","GBP","TE",26,-3
"robust","17108","TE",38.4,NA,3.40000000000001,38.4,38.4,-68.35,-56.605,-79.042,228,202,258,50,12,303.11,40.29,5.48,NA,NA,NA,"Elijah","Arroyo","SEA","TE",23,-5
"robust","15804","TE",35,NA,0.25,35,35,-71.75,-60.005,-82.442,238,210,261,51,12,NA,103,16,NA,NA,NA,"Grant","Calcaterra","PHI","TE",28,-2
"robust","14209","TE",34.75,20.23749,0.349999999999994,22.465,47.035,-72,-72.54,-70.407,239,247,232,52,12,361.2,58.2,7.48,NA,NA,NA,"Josh","Oliver","MIN","TE",29,1
"robust","14867","TE",34.4,0.7413,0.350000000000001,33.95,34.85,-72.35,-61.055,-82.592,240,212,262,53,12,316.77,42.64,4.74,NA,NA,NA,"Cole","Kmet","CHI","TE",27,0
"robust","17605","TE",34.05,20.23749,1.05,21.765,46.335,-72.7,-73.24,-71.107,241,250,235,54,12,330.67,63.91,8.22,NA,NA,NA,"Will","Kacmarek","MIA","TE",23,-6
"robust","17591","TE",33,NA,1.4,33,33,-73.75,-62.005,-84.442,246,214,265,55,12,362.2,65.4,7.55,NA,NA,NA,"Nate","Boerkircher","JAC","TE",25,-6
"robust","15796","TE",31.6,NA,2.15,31.6,31.6,-75.15,-63.405,-85.842,247,217,272,56,13,NA,80.17,15.44,NA,NA,NA,"Jeremy","Ruckert","NYJ","TE",26,-2
"robust","17544","TE",29.45,20.38575,0.650000000000002,17.075,41.825,-77.3,-77.93,-75.617,252,271,249,57,13,281.13,37.07,7.18,152.82,NA,99.18,"Eli","Stowers","PHI","TE",23,-6
"robust","16474","TE",28.8,NA,0.399999999999999,28.8,28.8,-77.95,-66.205,-88.642,255,221,274,58,13,NA,95.5,23.08,NA,NA,NA,"Nate","Adkins","DEN","TE",27,-3
"robust","14137","TE",28.4,25.05594,0.449999999999999,13.19,43.61,-78.35,-81.815,-73.832,257,294,245,59,13,350.7,53.96,5.83,NA,NA,NA,"Noah","Fant","NOS","TE",29,1
"robust","15332","TE",27.95,6.30105,0.400000000000002,24.125,31.775,-78.8,-70.88,-85.667,258,238,269,60,13,338.25,53.81,8.75,NA,NA,NA,"Tommy","Tremble","CAR","TE",26,-1
"robust","12677","TE",27.55,5.11497,1.25,24.445,30.655,-79.2,-70.56,-86.787,259,235,273,61,13,352,54.46,9.11,NA,NA,NA,"Austin","Hooper","ATL","TE",32,4
"robust","17109","TE",26.3,NA,0.200000000000003,26.3,26.3,-80.45,-68.705,-91.142,261,227,278,62,13,353.81,53.95,7.1,NA,NA,NA,"Mitchell","Evans","CAR","TE",23,-5
"robust","15337","TE",26.1,9.19212,0.499999999999996,20.52,31.68,-80.65,-74.485,-85.762,262,256,271,63,13,326.2,45.09,5.13,NA,NA,NA,"Noah","Gray","KCC","TE",27,-1
"robust","14984","TE",25.6,NA,0.0500000000000007,25.6,25.6,-81.15,-69.405,-91.842,263,232,280,64,13,NA,112.8,18.96,NA,NA,NA,"Charlie","Woerner","ATL","TE",29,0
"robust","17607","TE",25.55,11.04537,0.349999999999998,18.845,32.255,-81.2,-76.16,-85.187,264,263,266,65,13,317.69,44.97,8.74,192.82,NA,71.18,"Eli","Raridon","NEP","TE",22,-6
"robust","14239","TE",25.2,NA,1,25.2,25.2,-81.55,-69.805,-92.242,266,233,282,66,13,NA,70,4.24,NA,NA,NA,"Foster","Moreau","HOU","TE",29,1
"robust","16644","TE",24.2,NA,0.200000000000003,24.2,24.2,-82.55,-70.805,-93.242,267,237,286,67,13,354.71,55.62,8.43,NA,NA,NA,"Ben","Sinnott","WAS","TE",24,-4
"robust","17213","TE",24,NA,0.199999999999996,24,24,-82.75,-71.005,-93.442,268,241,287,68,13,364,60.9,6.44,NA,NA,NA,"Jackson","Hawes","BUF","TE",26,-5
"robust","16643","TE",23.8,2.07564,3.5527136788005e-15,22.54,25.06,-82.95,-72.465,-92.382,269,246,283,69,13,328.26,47.25,7.16,NA,NA,NA,"Ja'Tavion","Sanders","CAR","TE",23,-4
"robust","16796","TE",23.8,NA,0.650000000000002,23.8,23.8,-82.95,-71.205,-93.642,270,242,288,70,13,NA,115,20.72,NA,NA,NA,"Devin","Culp","TBB","TE",26,-4
"robust","16333","TE",23.15,2.89107,0.149999999999995,21.395,24.905,-83.6,-73.61,-92.537,272,253,284,71,13,363,57.86,6.36,NA,NA,NA,"Elijah","Higgins","ARI","TE",26,-3
"robust","15344","TE",23,9.48864,0.800000000000001,17.24,28.76,-83.75,-77.765,-88.682,274,269,275,72,13,330.25,58.67,14.01,NA,NA,NA,"John","Bates","WAS","TE",29,-1
"robust","15800","TE",22.2,NA,0.700000000000003,22.2,22.2,-84.55,-72.805,-95.242,277,248,291,73,14,NA,140,16,NA,NA,NA,"Connor","Heyward","LVR","TE",27,-2
"robust","12680","TE",21.5,NA,0.5,21.5,21.5,-85.25,-73.505,-95.942,278,252,293,74,14,NA,NA,NA,NA,NA,NA,"Nick","Vannett","SEA","TE",33,4
"robust","15334","TE",21,NA,0.399999999999999,21,21,-85.75,-74.005,-96.442,279,254,294,75,14,NA,129.75,6.18,NA,NA,NA,"Hunter","Long","JAC","TE",28,-1
"robust","14146","TE",20.6,NA,0.850000000000001,20.6,20.6,-86.15,-74.405,-96.842,280,255,295,76,14,371.33,78,18.93,NA,NA,NA,"Drew","Sample","CIN","TE",30,1
"robust","16642","TE",19.75,0.815429999999998,0.449999999999999,19.255,20.245,-87,-75.75,-97.197,283,262,296,77,14,359.5,82.4,19,NA,NA,NA,"Cade","Stover","HOU","TE",26,-4
"robust","16221","TE",19.3,NA,0.5,19.3,19.3,-87.45,-75.705,-98.142,285,261,298,78,14,379.5,66.88,5.21,NA,NA,NA,"Luke","Schoonmaker","DAL","TE",28,-3
"robust","16249","TE",18.8,NA,0.300000000000001,18.8,18.8,-87.95,-76.205,-98.642,286,264,300,79,14,NA,NA,NA,NA,NA,NA,"Zack","Kuntz","DAL","TE",27,-3
"robust","16220","TE",18.5,NA,0.199999999999999,18.5,18.5,-88.25,-76.505,-98.942,287,266,301,80,14,NA,120.5,5.22,NA,NA,NA,"Will","Mallory","IND","TE",27,-3
"robust","17545","TE",18.3,NA,1,18.3,18.3,-88.45,-76.705,-99.142,288,267,302,81,14,NA,88.43,30.57,NA,NA,NA,"Jack","Endries","CIN","TE",22,-6
"robust","15991","TE",17.3,NA,0.199999999999999,17.3,17.3,-89.45,-77.705,-100.142,290,268,305,82,14,NA,121.25,17.63,NA,NA,NA,"Tanner","Conner","NYG","TE",28,-2
"robust","17660","TE",17.3,NA,0,17.3,17.3,-89.45,-77.705,-100.142,290,268,305,82,14,NA,83.83,14.85,NA,NA,NA,"Bauer","Sharp","TBB","TE",23,-6
"robust","16765","TE",17.1,NA,0.100000000000001,17.1,17.1,-89.65,-77.905,-100.342,291,270,306,83,14,NA,NA,NA,NA,NA,NA,"Tanner","McLachlan","FA","TE",27,-4
"robust","17644","TE",17.1,NA,0,17.1,17.1,-89.65,-77.905,-100.342,291,270,306,83,14,351.6,62.56,7.79,NA,NA,NA,"Tanner","Koziol","JAC","TE",23,-6
"robust","14370","TE",17,NA,0.100000000000001,17,17,-89.75,-78.005,-100.442,293,272,307,84,14,382.67,80.5,19.77,NA,NA,NA,"Tanner","Hudson","CIN","TE",32,2
"robust","15905","TE",16.9,NA,0.399999999999999,16.9,16.9,-89.85,-78.105,-100.542,294,274,308,85,14,NA,111.25,9.81,NA,NA,NA,"Teagan","Quitoriano","ARI","TE",26,-2
"robust","16447","TE",16.9,NA,0,16.9,16.9,-89.85,-78.105,-100.542,294,274,308,85,14,NA,NA,NA,NA,NA,NA,"Travis","Vokolek","ARI","TE",28,-3
"robust","17548","TE",16.5,NA,0.199999999999999,16.5,16.5,-90.25,-78.505,-100.942,297,276,309,86,14,332.14,48.76,8.49,NA,NA,NA,"Justin","Joly","DEN","TE",22,-6
"robust","17699","TE",16.5,NA,0,16.5,16.5,-90.25,-78.505,-100.942,297,276,309,86,14,NA,NA,NA,NA,NA,NA,"Dallen","Bentley","DEN","TE",26,-6
"robust","13919","TE",16.3,NA,0.0500000000000007,16.3,16.3,-90.45,-78.705,-101.142,299,277,310,87,14,NA,NA,NA,NA,NA,NA,"Anthony","Firkser","FA","TE",31,2
"robust","16036","TE",16.25,0.0741299999999984,0.149999999999999,16.205,16.295,-90.5,-78.8,-101.147,300,278,311,88,14,284.05,36.68,5.64,193.06,NA,106.94,"Jake","Tonges","SFO","TE",27,-2
"robust","17243","TE",16.1,NA,0.300000000000001,16.1,16.1,-90.65,-78.905,-101.342,301,279,312,89,14,NA,89.75,19.12,NA,NA,NA,"Thomas","Fidone","NYG","TE",24,-5
"robust","16646","TE",15.8,NA,0.0999999999999996,15.8,15.8,-90.95,-79.205,-101.642,302,281,313,90,14,NA,96.67,35.12,NA,NA,NA,"Jaheim","Bell","PIT","TE",25,-4
"robust","17651","TE",15.7,NA,0.0999999999999996,15.7,15.7,-91.05,-79.305,-101.742,303,282,317,91,14,NA,81.6,11.24,NA,NA,NA,"Josh","Cuevas","BAL","TE",23,-6
"robust","17566","TE",15.6,NA,0.100000000000001,15.6,15.6,-91.15,-79.405,-101.842,304,283,318,92,14,NA,91,9.83,NA,NA,NA,"Joe","Royer","CLE","TE",24,-6
"robust","14341","TE",15.5,NA,0.4,15.5,15.5,-91.25,-79.505,-101.942,306,284,319,93,14,NA,NA,NA,NA,NA,NA,"Donald","Parham","PIT","TE",29,1
"robust","16218","TE",15.1,NA,0.199999999999999,15.1,15.1,-91.65,-79.905,-102.342,307,286,321,94,14,NA,89.2,10.3,NA,NA,NA,"Payne","Durham","TBB","TE",26,-3
"robust","15970","TE",14.9,NA,0.0999999999999996,14.9,14.9,-91.85,-80.105,-102.542,308,287,322,95,14,NA,122.75,15.56,NA,NA,NA,"Lucas","Krull","DEN","TE",28,-2
"robust","17655","TE",14.8,NA,0.200000000000001,14.8,14.8,-91.95,-80.205,-102.642,309,288,323,96,14,NA,94,26.03,NA,NA,NA,"Seydou","Traore","MIA","TE",24,-6
"robust","15925","TE",14.6,NA,3.35,14.6,14.6,-92.15,-80.405,-102.842,310,289,324,97,15,NA,NA,NA,NA,NA,NA,"John","FitzPatrick","GBP","TE",26,-2
"robust","16312","TE",14.6,NA,0,14.6,14.6,-92.15,-80.405,-102.842,310,289,324,97,15,NA,92,23.49,NA,NA,NA,"Josh","Whyle","GBP","TE",27,-3
"robust","17547","TE",11.25,11.04537,0,4.545,17.955,-95.5,-90.46,-99.487,316,311,303,98,15,321.56,46.28,10.68,NA,NA,NA,"Max","Klare","LAR","TE",23,-6
"weighted","13589","QB",344.213344370861,0.770746391493319,38.1957284768212,343.702841940235,344.76316826919,65.4403973509934,72.52186226023,58.3517886704303,20,15,27,1,1,25.13,1.03,0.18,15.9525,8.47526216408673,4.0475,"Josh","Allen","BUF","QB",30,2
"weighted","14783","QB",306.01761589404,0.0848528137424291,1.71311258278143,305.961413791585,306.078146965415,27.2446688741721,34.7804341115807,19.6667673666558,50,44,57,2,1,54.4,5.83,1.53,60.435,12.5794385804773,-10.435,"Jalen","Hurts","PHI","QB",28,0
"weighted","13593","QB",304.304503311258,5.85484414822464,1.75390728476833,300.127859386338,308.182448380602,25.5315562913907,28.9468797063328,21.7710687818425,52,53,52,3,1,30.08,2.6,0.96,37.535,11.5460501904331,14.465,"Lamar","Jackson","BAL","QB",29,2
"weighted","16581","QB",302.55059602649,1.0465180361561,7.98211920529798,301.857436762888,303.29714590679,23.7776490066224,30.6764570828827,16.8857663080303,56,51,61,4,1,50.5,5.44,2.12,55.9725,11.6775112395579,0.0274999999999963,"Jayden","Daniels","WAS","QB",26,-4
"weighted","16580","QB",294.568476821192,5.99626550446198,6.14480132450325,290.290947777312,298.540092061293,15.7955298013244,19.1099680973071,12.1287124625334,68,67,68,5,2,35.91,3.31,1.25,42.035,10.2938586059844,25.965,"Drake","Maye","NEP","QB",24,-4
"weighted","17032","QB",288.423675496689,4.67397582364309,0.844172185430523,285.327876353167,291.757928678298,9.65072847682114,14.1468966731618,5.34654907953848,78,73,87,6,2,96.45,13.1,2.78,95.7975,15.3579171357968,-17.7975,"Jaxson","Dart","NYG","QB",23,-5
"weighted","14777","QB",287.579503311258,4.78711290863287,3.84023178807939,284.164542034481,290.750238591386,8.80655629139062,12.9835623544766,4.33885899262634,79,79,89,7,2,43.82,4.52,1.29,44.9775,10.7752270857741,34.0225,"Joe","Burrow","CIN","QB",30,0
"weighted","12620","QB",283.739271523179,17.4655374953077,0.105894039735176,272.171005434677,296.198583714669,4.96632450331123,0.990025754672445,9.78720411590962,86,92,74,8,2,76.12,9.29,1.94,60.385,10.0619096100094,25.615,"Dak","Prescott","DAL","QB",33,4
"weighted","13116","QB",283.633377483444,11.6248354827069,1.55304635761587,275.93368944721,291.926134261909,4.86043046357605,4.75270976720537,5.5147546631498,87,87,86,9,3,100.16,13.75,2.45,89.4225,16.6440084940497,-2.4225,"Patrick","Mahomes","KCC","QB",31,3
"weighted","15237","QB",282.080331125828,14.5805418280667,1.92251655629138,272.422936520771,292.481586890546,3.30738410596018,1.24195684076614,6.07020729178606,90,91,84,10,3,76.25,9.36,2.02,75.34,12.0620334106651,14.66,"Trevor","Lawrence","JAC","QB",27,-1
"weighted","9431","QB",280.157814569536,7.39633693121123,0.903245033112569,274.881522847958,285.056764500133,1.3848675496688,3.70054316795313,-1.35461509862705,92,88,96,11,3,103.69,14.59,2.79,77.5625,16.7212146314196,14.4375,"Matthew","Stafford","LAR","QB",38,11
"weighted","16579","QB",279.254569536424,17.9887965133857,0.481622516556229,267.339723816121,292.087156668064,0.481622516556229,-3.84125586388387,5.6757770693045,93,99,85,12,3,65.34,7.48,2.02,67.7175,17.0627934040707,25.2825,"Caleb","Williams","CHI","QB",25,-4
"weighted","15698","QB",278.772947019868,11.462200923034,2.38122516556297,271.180979680005,286.94968591153,0,0,0.53830631277026,94,94,93,13,3,94.72,12.31,2.09,85.415,9.76923871138381,8.58499999999999,"Brock","Purdy","SFO","QB",27,-2
"weighted","14779","QB",276.391721854305,7.05692567624172,0.658741721854256,271.717580333525,281.42588929038,-2.38122516556297,0.536600653520679,-4.98549030837916,97,93,100,14,3,69.97,8.28,2.07,79.8925,20.4234808186558,17.1075,"Justin","Herbert","LAC","QB",28,0
"weighted","16582","QB",275.73298013245,16.1220346110533,15.02940397351,264.232076571075,286.41137959876,-3.03996688741722,-6.94890310893027,0,98,103,94,15,4,98.83,12.93,1.9,97.7275,20.4818961219414,0.272499999999994,"Bo","Nix","DEN","QB",26,-4
"weighted","12611","QB",260.70357615894,10.5500331753033,0.31880794701982,253.715781420461,268.229606033314,-18.0693708609272,-17.4651982595439,-18.1817735654452,120,124,118,16,4,106.02,15.32,2.38,97.6925,14.8274026299281,22.3075,"Jared","Goff","DET","QB",32,4
"weighted","14059","QB",260.384768211921,8.37214428924874,1.90218543046359,254.8394941031,266.357167254319,-18.388178807947,-16.3414855769045,-20.0542123444404,121,121,123,17,4,153.44,23.33,2.03,125.7,9.81439758721849,-4.69999999999999,"Daniel","Jones","IND","QB",29,1
"weighted","13590","QB",258.482582781457,18.0595071915044,5.5465562913908,246.520901975776,271.365612472577,-20.2903642384106,-24.6600777042293,-15.0457671261826,123,138,116,18,5,120.36,18.51,1.95,117.33,16.7334903711091,5.67,"Baker","Mayfield","TBB","QB",31,2
"weighted","17039","QB",252.936026490066,8.68327127297083,5.74503311258275,247.18467800558,259.130372794176,-25.8369205298014,-23.9963016744244,-27.281006804584,133,134,134,19,5,126.92,19.68,2.28,129.6525,15.6643789774763,3.3475,"Tyler","Shough","NOS","QB",27,-5
"weighted","14782","QB",247.190993377483,1.10308657865102,4.26715231788077,246.4040894496,247.921620709389,-31.5819536423842,-24.7768902304049,-38.4897588893708,146,139,166,20,6,121.03,18.56,2.14,126.6075,22.0834455814757,19.3925,"Jordan","Love","GBP","QB",28,0
"weighted","16150","QB",242.923841059603,16.2351716960431,2.06172185430466,232.170505456688,254.505452716146,-35.849105960265,-39.010474223317,-31.9059268826137,154,158,144,21,6,148.82,23.24,1.6,134.325,20.364486858254,19.675,"C.J.","Stroud","HOU","QB",25,-3
"weighted","14056","QB",240.862119205298,15.5846334573515,3.35781456953637,230.539666387866,251.979659314628,-37.9108278145696,-40.641313292139,-34.4317202841317,158,161,152,22,6,114.13,16.67,2.43,119.2975,21.0802186599191,38.7025,"Kyler","Murray","MIN","QB",29,1
"weighted","15694","QB",237.504304635762,27.2518953469296,2.1627814569537,219.454062730869,256.944867059245,-41.268642384106,-51.726916949136,-29.4665125395146,161,178,137,23,6,135.34,20.4,3,135.14,20.5999550970384,25.86,"Malik","Willis","MIA","QB",27,-2
"weighted","13592","QB",235.341523178808,20.9445028587456,2.54516556291387,221.468970889682,250.282609296701,-43.4314238410597,-49.7120087903231,-36.1287703020591,165,176,158,24,7,143.73,22.59,1.9,128.925,14.3722240798006,36.075,"Sam","Darnold","SEA","QB",29,2
"weighted","16148","QB",232.796357615894,14.7219631843039,24.5635761589404,223.04529284008,243.298498499571,-45.9765894039735,-48.1356868399247,-43.1128810991883,170,171,175,25,8,186.85,26.09,1.46,117.595,4.005,52.405,"Bryce","Young","CAR","QB",25,-3
"weighted","17030","QB",208.232781456954,8.4428549673674,0.958278145695402,202.640672262755,214.255623058832,-70.540165562914,-68.5403074172499,-72.1557565399276,237,197,229,26,8,167.82,24.97,1.63,117.285,7.715,119.715,"Cam","Ward","TEN","QB",24,-5
"weighted","11150","QB",207.274503311258,12.2612315857747,5.06251655629137,198.527763497475,215.395707115899,-71.4984437086094,-72.6532161825297,-71.015672482861,241,209,227,27,8,242,28.34,1.55,132.4,NA,108.6,"Geno","Smith","NYJ","QB",36,7
"weighted","12616","QB",202.211986754967,38.3676139471821,3.30086092715229,176.799269428566,229.582119528662,-76.5609602649007,-94.3817102514387,-56.8292600700976,253,240,198,28,8,213.94,26.85,1.97,127.85,NA,125.15,"Jacoby","Brissett","ARI","QB",34,4
"weighted","7836","QB",198.911125827815,13.2087546725647,34.5249668874173,189.488455717003,207.659919776528,-79.861821192053,-81.6925239630016,-78.7514598222321,265,226,236,29,9,236.65,28.33,1.63,123.215,6.715,141.785,"Aaron","Rodgers","PIT","QB",43,15
"weighted","17462","QB",164.386158940397,14.0997092168598,45.5668874172185,154.327912580141,173.72507496488,-114.38678807947,-116.853067099863,-112.68630463388,366,256,257,30,10,272.18,30.7,2.48,139.785,21.538413938821,226.215,"Fernando","Mendoza","LVR","QB",23,-6
"weighted","16583","QB",118.819271523179,21.7364624536745,7.2923841059603,104.422166277813,134.325314307244,-159.953675496689,-166.758813402192,-152.086065291515,381,262,263,31,11,296.64,32.67,1.91,170.39,NA,210.61,"Michael","Penix Jr.","ATL","QB",26,-4
"weighted","13113","QB",111.526887417219,70.9369522886344,16.6014569536424,64.541929765458,162.130863087272,-167.246059602649,-206.639049914547,-124.280516511488,382,264,262,32,12,299.94,32.94,1.81,159.93,NA,222.07,"Deshaun","Watson","CLE","QB",31,3
"weighted","14778","QB",94.9254304635762,13.717871555019,7.13516556291391,85.1395739245108,104.011437027015,-183.847516556291,-186.041405755494,-182.399942571745,383,263,265,33,13,282.04,31.37,2.03,154.4,NA,228.6,"Tua","Tagovailoa","ATL","QB",28,0
"weighted","17031","QB",87.7902649006623,69.0560482506782,52.214238410596,38.5280613127693,133.529409281353,-190.982682119205,-232.652918367235,-152.881970317406,384,265,264,34,14,303.84,34.37,3.6,161.7,NA,222.3,"Shedeur","Sanders","CLE","QB",24,-5
"weighted","10700","QB",35.5760264900662,4.12950360212944,10.5706622516556,32.6301810164507,38.3111954761735,-243.196920529801,-238.550798663554,-248.100184122586,385,266,267,35,15,297.21,32.83,2.09,164.69,NA,220.31,"Kirk","Cousins","LVR","QB",38,8
"weighted","16584","QB",25.0053642384106,22.6132748623458,1.7253642384106,8.87383371679667,39.9832245424706,-253.767582781457,-262.307145963208,-246.428155056289,386,269,266,36,15,327.58,37.67,3.84,NA,NA,NA,"J.J.","McCarthy","MIN","QB",23,-4
"weighted","12141","QB",23.28,NA,3.04364238410596,NA,NA,-255.492947019868,NA,NA,387,NA,NA,37,15,350.18,43,4.07,NA,NA,NA,"Marcus","Mariota","WAS","QB",33,5
"weighted","17463","QB",20.236357615894,18.9928881426707,1.7658940397351,7.65645368321573,33.7852290921464,-258.536589403974,-263.524525996789,-252.626150506613,388,270,268,38,16,344.47,40.39,4.25,147.29,NA,240.71,"Ty","Simpson","LAR","QB",24,-6
"weighted","17466","QB",18.4704635761589,12.4733636201307,5.13046357615894,9.57239608393662,26.732172636935,-260.302483443709,-261.608583596068,-259.679206961825,389,267,269,39,16,322.87,38.05,8.15,189.56,NA,199.44,"Carson","Beck","ARI","QB",25,-6
"weighted","16585","QB",13.34,NA,1.04,NA,NA,-265.432947019868,NA,NA,390,NA,NA,40,16,349.43,45.81,7.21,NA,NA,NA,"Joe","Milton","DAL","QB",26,-4
"weighted","15252","QB",12.3,NA,0.160000000000002,NA,NA,-266.472947019868,NA,NA,391,NA,NA,41,16,NA,53.78,4.78,NA,NA,NA,"Davis","Mills","HOU","QB",28,-1
"weighted","15697","QB",12.14,NA,0.0199999999999978,NA,NA,-266.632947019868,NA,NA,392,NA,NA,42,16,NA,NA,NA,NA,NA,NA,"Desmond","Ridder","FA","QB",27,-2
"weighted","14789","QB",12.12,NA,0.0200000000000014,NA,NA,-266.652947019868,NA,NA,393,NA,NA,43,16,NA,55,1.76,NA,NA,NA,"Tyler","Huntley","BAL","QB",28,0
"weighted","13119","QB",12.1,NA,0.0600000000000005,NA,NA,-266.672947019868,NA,NA,394,NA,NA,44,16,NA,66,14.61,NA,NA,NA,"Joshua","Dobbs","DET","QB",31,3
"weighted","15248","QB",12.04,NA,0.279999999999999,NA,NA,-266.732947019868,NA,NA,395,NA,NA,45,16,NA,89.67,14.97,NA,NA,NA,"Shane","Buechele","BUF","QB",28,-1
"weighted","14067","QB",11.76,NA,0.0399999999999991,NA,NA,-267.012947019868,NA,NA,396,NA,NA,46,16,353.67,52.15,10.07,NA,NA,NA,"Gardner","Minshew","ARI","QB",30,1
"weighted","16384","QB",11.72,NA,0.100000000000001,NA,NA,-267.052947019868,NA,NA,397,NA,NA,47,16,366.5,56.4,11.3,NA,NA,NA,"Tyson","Bagent","CHI","QB",26,-3
"weighted","14063","QB",11.62,NA,0.279999999999998,NA,NA,-267.152947019868,NA,NA,398,NA,NA,48,16,NA,54.14,5.22,NA,NA,NA,"Jarrett","Stidham","DEN","QB",30,1
"weighted","16149","QB",11.34,NA,0.24,NA,NA,-267.432947019868,NA,NA,399,NA,NA,49,16,NA,69.5,8.2,NA,NA,NA,"Will","Levis","TEN","QB",27,-3
"weighted","13595","QB",11.1,NA,0.340000000000002,NA,NA,-267.672947019868,NA,NA,400,NA,NA,50,16,NA,58.8,9.2,NA,NA,NA,"Mason","Rudolph","PIT","QB",31,2
"weighted","15702","QB",10.76,NA,0.4,NA,NA,-268.012947019868,NA,NA,401,NA,NA,51,16,NA,62.2,5.56,NA,NA,NA,"Tanner","McKee","PHI","QB",26,-3
"weighted","16152","QB",10.36,NA,0.237880794701987,NA,NA,-268.412947019868,NA,NA,402,NA,NA,52,16,348.27,44.63,13.5,NA,NA,NA,"Anthony","Richardson","IND","QB",24,-3
"weighted","15238","QB",10.122119205298,1.49906637611548,0.442119205298013,9.05273694432798,11.1150230153233,-268.65082781457,-262.128242735677,-275.296356583436,403,268,270,53,16,347.32,39.81,2.9,NA,NA,NA,"Justin","Fields","KCC","QB",27,-1
"weighted","14358","QB",9.68,NA,0.0600000000000005,NA,NA,-269.092947019868,NA,NA,404,NA,NA,54,16,348,57.13,9.66,NA,NA,NA,"Jake","Browning","TBB","QB",30,1
"weighted","13115","QB",9.62,NA,0.16,NA,NA,-269.152947019868,NA,NA,405,NA,NA,55,16,NA,65.83,4.37,NA,NA,NA,"Mitchell","Trubisky","TEN","QB",32,3
"weighted","17702","QB",9.62,NA,0,NA,NA,-269.152947019868,NA,NA,405,NA,NA,55,16,NA,79.33,13.82,NA,NA,NA,"Behren","Morton","NEP","QB",24,-6
"weighted","14057","QB",9.46,NA,0.0199999999999978,NA,NA,-269.312947019868,NA,NA,406,NA,NA,56,16,NA,64.4,11.29,NA,NA,NA,"Drew","Lock","SEA","QB",30,1
"weighted","17035","QB",9.44,NA,0.140000000000001,NA,NA,-269.332947019868,NA,NA,407,NA,NA,57,16,365,45.22,5.69,NA,NA,NA,"Riley","Leonard","IND","QB",24,-5
"weighted","16868","QB",9.3,NA,0.0599999999999987,NA,NA,-269.472947019868,NA,NA,408,NA,NA,58,16,NA,94.33,16.74,NA,NA,NA,"Adrian","Martinez","SFO","QB",26,-3
"weighted","17465","QB",9.24,NA,0.0400000000000027,NA,NA,-269.532947019868,NA,NA,409,NA,NA,59,16,NA,67.33,5.85,NA,NA,NA,"Garrett","Nussmeier","KCC","QB",24,-6
"weighted","17654","QB",9.2,NA,0.0999999999999979,NA,NA,-269.572947019868,NA,NA,410,NA,NA,60,16,NA,86.5,0.5,NA,NA,NA,"Cole","Payton","PHI","QB",24,-6
"weighted","16586","QB",9.1,NA,1.77635683940025e-15,NA,NA,-269.672947019868,NA,NA,411,NA,NA,61,16,NA,54.44,4.42,NA,NA,NA,"Spencer","Rattler","NOS","QB",26,-4
"weighted","17033","QB",9.1,NA,0.199999999999998,NA,NA,-269.672947019868,NA,NA,411,NA,NA,62,16,NA,56.63,9.01,NA,NA,NA,"Jalen","Milroe","SEA","QB",24,-5
"weighted","10313","QB",8.9,NA,0.0400000000000009,NA,NA,-269.872947019868,NA,NA,412,NA,NA,63,16,NA,70.4,13.99,NA,NA,NA,"Andy","Dalton","PHI","QB",39,9
"weighted","15240","QB",8.86,NA,0.0200000000000014,NA,NA,-269.912947019868,NA,NA,413,NA,NA,64,16,NA,50.63,5.57,NA,NA,NA,"Trey","Lance","LAC","QB",26,-1
"weighted","17036","QB",8.84,NA,0.119999999999999,NA,NA,-269.932947019868,NA,NA,414,NA,NA,65,16,NA,67.17,13.21,NA,NA,NA,"Will","Howard","PIT","QB",25,-5
"weighted","17468","QB",8.84,NA,0,NA,NA,-269.932947019868,NA,NA,414,NA,NA,65,16,330,56,8.16,NA,NA,NA,"Drew","Allar","PIT","QB",22,-6
"weighted","15948","QB",8.72,NA,0.119999999999999,NA,NA,-270.052947019868,NA,NA,415,NA,NA,66,16,NA,NA,NA,NA,NA,NA,"Chris","Oladokun","KCC","QB",29,-2
"weighted","15692","QB",8.6,NA,0.100000000000001,NA,NA,-270.172947019868,NA,NA,416,NA,NA,67,16,NA,64.33,4.82,NA,NA,NA,"Kenny","Pickett","CAR","QB",28,-2
"weighted","17467","QB",8.5,NA,0.0199999999999996,NA,NA,-270.272947019868,NA,NA,417,NA,NA,68,16,345.62,42.63,5.46,NA,NA,NA,"Cade","Klubnik","NYJ","QB",23,-6
"weighted","13968","QB",8.48,NA,0.268476821192053,NA,NA,-270.292947019868,NA,NA,418,NA,NA,69,16,NA,69.6,17.17,NA,NA,NA,"Nick","Mullens","JAC","QB",31,3
"weighted","15241","QB",8.21152317880795,1.72534054609518,0.171523178807949,7.06874709557135,9.44232163011307,-270.56142384106,-264.112232584433,-276.969057968647,419,271,271,70,16,337.31,38.18,2.85,216.18,NA,202.82,"Mac","Jones","SFO","QB",28,-1
"weighted","13879","QB",8.04,NA,0.139999999999999,NA,NA,-270.732947019868,NA,NA,420,NA,NA,71,16,NA,64.8,19.75,NA,NA,NA,"Kyle","Allen","BUF","QB",30,2
"weighted","17040","QB",7.9,NA,0.0399999999999991,NA,NA,-270.872947019868,NA,NA,421,NA,NA,72,16,NA,79.2,11.07,NA,NA,NA,"Brady","Cook","NYJ","QB",25,-5
"weighted","17034","QB",7.86,NA,2.26695364238411,NA,NA,-270.912947019868,NA,NA,422,NA,NA,73,17,NA,50.46,5.87,NA,NA,NA,"Quinn","Ewers","MIA","QB",23,-5
"weighted","9064","QB",5.5930463576159,1.31521861300698,0.225695364238412,4.72191376957488,6.53127796393866,-273.179900662252,-266.45906591043,-279.880101634821,423,273,272,74,17,340.3,40.91,3.01,NA,NA,NA,"Joe","Flacco","CIN","QB",41,12
"weighted","12140","QB",5.36735099337748,0.806101730552665,0,4.83343102006202,5.94239617144627,-273.40559602649,-266.347548659943,-280.468983427313,424,272,273,75,17,355.08,40.89,2.53,NA,NA,NA,"Jameis","Winston","NYG","QB",32,5
"weighted","16162","RB",302.297185430464,17.0059180875364,27.2753311258278,291.033347396923,314.428620985336,167.928311258278,161.096537306355,174.284281630376,1,1,1,1,1,1.39,1.19,0.39,1.4825,0.29852763691156,-0.4825,"Jahmyr","Gibbs","DET","RB",24,-3
"weighted","16161","RB",275.021854304636,9.89949493661167,0.680298013245078,268.464942351639,282.083812631796,140.65298013245,138.528132261072,141.939473276837,2,2,3,2,1,2.72,1.88,0.48,2.305,0.394112927978771,-0.305,"Bijan","Robinson","ATL","RB",24,-3
"weighted","14802","RB",274.341556291391,18.9858170748588,14.6562913907285,261.76633586725,287.885383511695,139.972682119205,131.829525776683,147.741044156735,3,3,2,3,2,7.13,3.7,1.19,6.21,2.45399674001413,-3.21,"Jonathan","Taylor","IND","RB",27,0
"weighted","12626","RB",259.685264900662,17.4301821562484,6.34569536423831,248.14041635485,272.119355812413,125.316390728477,118.203606264283,131.975016457453,4,5,4,4,3,15.17,6.99,1.63,14.3175,7.74645846500193,-10.3175,"Derrick","Henry","BAL","RB",32,4
"weighted","13130","RB",253.339569536424,12.9754094347732,18.6614238410597,244.083359871896,261.933807703388,118.970695364238,114.146549781328,121.789468348428,5,6,5,5,4,10.58,5.08,2.01,8.1125,2.4965914263251,-3.1125,"Christian","McCaffrey","SFO","RB",30,3
"weighted","16167","RB",234.678145695364,11.4551298552221,0.287748344370868,227.090861864039,242.849840331079,100.309271523179,97.1540517734721,102.705500976119,8,10,8,6,4,25.3,10.6,2.96,14.2,2.94300016989466,-6.2,"De'Von","Achane","MIA","RB",25,-3
"weighted","15715","RB",234.390397350993,8.55599205235722,9.96754966887414,228.286847653947,240.057442681798,100.021523178808,98.3500375633803,99.9131033268381,9,9,9,7,5,10.17,4.62,1.2,9.6175,1.93324047909203,-0.6175,"James","Cook","BUF","RB",27,-2
"weighted","13604","RB",224.422847682119,6.15182899632295,7.4086092715232,220.034345007384,228.497500110053,90.0539735099338,90.0975349168165,88.3531607550932,11,12,11,8,6,16.94,7.72,2,14.6375,4.10919928331542,-3.6375,"Saquon","Barkley","PHI","RB",29,2
"weighted","14073","RB",217.014238410596,9.40452018978107,0.980960264900631,210.305377999794,223.243304765943,82.6453642384106,80.3685679092263,83.0989654109833,13,13,14,9,6,36.91,14.31,2.99,30.275,9.6099232567175,-17.275,"Josh","Jacobs","GBP","RB",28,1
"weighted","16181","RB",216.033278145695,17.5008928343671,4.55894039735099,204.441594514504,228.517811616926,81.6644039735099,74.5047844239372,88.3734722619659,14,14,10,10,7,21.7,9.27,2.67,16.6475,2.72122559704263,-2.6475,"Chase","Brown","CIN","RB",26,-3
"weighted","15711","RB",211.474337748344,19.5515024998081,8.06109271523181,197.526970052202,224.424238855513,77.1054635761589,67.590159961635,84.2798995005535,15,16,13,11,7,23.83,9.9,3.18,20.105,3.46647876093306,-5.105,"Kenneth","Walker III","KCC","RB",26,-2
"weighted","17042","RB",203.413245033113,14.7078210486802,0.970198675496704,192.921192661331,213.154942791851,69.0443708609271,62.984382570764,73.0106034368911,16,18,18,12,7,30.22,12.33,3.52,16.555,1.86006048288759,-0.555,"Ashton","Jeanty","LVR","RB",23,-5
"weighted","15256","RB",202.443046357616,26.4457936163769,0.797350993377449,183.577529112201,219.959368289193,68.0741721854304,53.640719021634,79.8150289342336,17,25,15,13,8,35.31,13.82,2.64,32.9575,5.210462431493,-15.9575,"Javonte","Williams","DAL","RB",26,-1
"weighted","15710","RB",201.645695364238,9.0509667991878,0.502980132450375,195.650804435784,208.102342977642,67.276821192053,65.713994345217,67.9580036226826,18,17,21,14,8,31.51,12.69,2.16,26.26,6.14307740468896,-8.26,"Kyren","Williams","LAR","RB",26,-2
"weighted","15708","RB",201.142715231788,28.2135605693433,2.9013245033112,181.01613399938,219.829914297829,66.7738410596026,51.0793239088133,79.6855749428694,19,28,16,15,8,41.95,16.18,1.95,38.66,4.41782186150596,-19.66,"Breece","Hall","NYJ","RB",25,-2
"weighted","17044","RB",198.241390728477,13.930003589375,0.13973509933777,188.304206510972,207.467902548051,63.8725165562914,58.3673964204051,67.3235631930913,22,23,22,16,8,25.23,10.61,2.68,22.065,2.30227604774058,-0.0650000000000013,"Omarion","Hampton","LAC","RB",23,-5
"weighted","17472","RB",198.101655629139,12.5157900270019,3.33046357615896,189.173322601229,206.391465741142,63.7327814569536,59.2365125106617,66.2471263861825,23,22,23,17,8,47.38,18.23,2.58,32.0575,2.73905435323945,-9.0575,"Jeremiyah","Love","ARI","RB",21,-6
"weighted","15253","RB",194.77119205298,4.31335136523792,5.85198675496687,191.694195924717,197.628132261072,60.4023178807947,61.7573858341501,57.4837929061119,25,19,28,18,9,48.38,18.62,2.72,41.7475,4.27294614405564,-16.7475,"Travis","Etienne","NOS","RB",27,-1
"weighted","14797","RB",188.919205298013,17.1119841047144,2.4562913907285,177.585114636404,201.126304692105,54.5503311258278,47.6483045458371,60.9819653371453,28,33,26,19,9,49.92,19.13,3.05,43.745,10.0027233791603,-15.745,"D'Andre","Swift","CHI","RB",27,0
"weighted","17045","RB",186.462913907285,15.556349186104,1.3208609271523,176.159195124004,197.560276992823,52.0940397350993,46.2223850334367,57.415937637863,31,35,29,20,9,54.73,21.12,2.88,39.8175,7.38336771060469,-8.8175,"Cam","Skattebo","NYG","RB",24,-5
"weighted","17051","RB",185.142052980132,10.3944696834423,4.96655629139076,177.726996736614,192.026810530779,50.773178807947,47.7901866460467,51.8824711758194,33,32,33,21,10,54.23,21.06,3.27,53.52,5.26211459396315,-20.52,"Quinshon","Judkins","CLE","RB",23,-5
"weighted","16598","RB",180.175496688742,18.6676190233248,10.3417218543046,167.811034148805,193.492332391387,45.8066225165562,37.8742240582376,53.3479930364276,35,41,32,22,11,56.15,21.71,3,49.4575,8.42501149850847,-14.4575,"Bucky","Irving","TBB","RB",24,-4
"weighted","17052","RB",169.833774834437,9.47523086789974,5.28807947019871,163.557873393712,176.593077804719,35.4649006622516,33.6210633031443,36.4487384497596,43,45,41,23,11,60.69,23.24,3.28,56.6025,9.1382338966564,-13.6025,"Bhayshul","Tuten","JAC","RB",23,-5
"weighted","17473","RB",164.545695364238,9.05096679918782,0.588079470198664,158.550804435784,171.002342977642,30.1768211920529,28.6139943452169,30.8580036226826,47,54,45,24,11,62.89,24.16,3.29,65.1125,7.61246798022823,-18.1125,"Jadarian","Price","SEA","RB",23,-6
"weighted","14071","RB",163.95761589404,8.62670273047587,6.88476821192054,158.243735477857,170.111608150565,29.5887417218543,28.3069253872895,29.9672687956056,48,55,48,25,12,55.66,21.59,2.91,52.9225,5.35205743149305,-4.9225,"David","Montgomery","HOU","RB",29,1
"weighted","14800","RB",157.072847682119,4.52548339959389,1.34536423841055,154.075402217892,160.301171488821,22.7039735099337,24.1385921273249,20.1568321338614,57,61,56,26,12,82.32,31.05,3.45,85.8425,15.548791552722,-28.8425,"J.K.","Dobbins","DEN","RB",28,0
"weighted","14823","RB",155.727483443709,2.75771644662752,0.847682119205302,153.760223624,157.554051773472,21.3586092715232,23.8234135334324,17.4097124185123,58,62,60,27,12,83.47,31.31,3.63,85.355,10.8638149376727,-27.355,"Rico","Dowdle","PIT","RB",28,0
"weighted","17043","RB",154.879801324503,1.0606601717798,3.95264900662252,154.123162932308,155.582327605182,20.5109271523179,24.1863528417404,15.4379882502218,62,60,64,28,12,66.84,25.83,3.46,64.5725,4.87015079335333,-2.5725,"TreVeyon","Henderson","NEP","RB",24,-5
"weighted","15259","RB",150.927152317881,4.52548339959389,5.25860927152317,147.698828511179,153.924597782108,16.5582781456953,17.7620184206116,13.7802584271482,65,69,66,29,13,74.92,28.61,3.12,77.5075,8.65168011140033,-12.5075,"Rhamondre","Stevenson","NEP","RB",28,-1
"weighted","14085","RB",145.668543046358,2.89913780286484,2.623178807947,143.748304545837,147.736687985026,11.2996688741722,13.8114944552699,7.59234863006631,76,74,80,30,13,78.01,29.88,3.1,79,10.9299473923711,-3,"Tony","Pollard","TEN","RB",29,1
"weighted","15742","RB",143.045364238411,7.28319984622143,3.69470198675501,138.22135044442,148.240947864822,8.67649006622517,8.28454035385286,8.09660850986182,80,82,78,31,14,78.28,29.81,2.62,75.22,7.12722596807482,4.78,"Jaylen","Warren","PIT","RB",28,-2
"weighted","16597","RB",139.350662251656,14.2128463018496,1.05596026490065,129.936810090567,149.489616707079,4.98178807947016,0,9.34527735211927,85,94,75,32,14,85.22,31.7,4.67,91.3375,5.2565881282444,-6.33750000000001,"Jonathon","Brooks","CAR","RB",23,-4
"weighted","17066","RB",138.294701986755,6.92964645562815,1.37119205298012,133.351331157743,142.884540353853,3.92582781456952,3.41452106717537,2.74020099889304,89,89,90,33,14,102.71,37.12,3.7,105.5825,11.0624282483549,-16.5825,"Kyle","Monangai","CHI","RB",24,-5
"weighted","17256","RB",136.923509933775,2.61629509039024,2.5546357615894,135.057135233025,138.656408092781,2.5546357615894,5.12032514245806,-1.48793126217856,91,86,97,34,14,90.86,33.45,3.24,103.075,10.9902536367456,-12.075,"Jacory","Croskey-Merritt","WAS","RB",25,-5
"weighted","15972","RB",134.368874172185,4.66690475583121,2.00364238410597,131.277758537201,137.698083097847,0,1.34094844663397,-2.44625625711291,94,90,98,35,14,96.77,35.07,4.39,106.035,11.4199616899533,-12.035,"Jordan","Mason","MIN","RB",27,-2
"weighted","15261","RB",132.365231788079,6.5760930650349,2.38410596026492,128.009568847874,137.056389819693,-2.00364238410597,-1.92724124269282,-3.08794953526646,96,96,99,36,14,97.05,35.36,4.24,94.0625,10.4156141801624,1.9375,"Chuba","Hubbard","CAR","RB",27,-1
"weighted","16593","RB",129.981125827815,15.3442171517481,2.18443708609271,119.035090420716,140.14433935496,-4.38774834437089,-10.9017196698515,0,99,113,94,37,15,87.98,32.68,3.23,106.2075,6.25604257897914,-7.2075,"Blake","Corum","LAR","RB",26,-4
"weighted","15255","RB",127.796688741722,3.67695526217004,3.28013245033112,125.361264302037,130.419701834667,-6.5721854304636,-4.57554578852991,-9.72463752029256,102,101,105,38,15,115.6,40.03,2.56,116.0925,3.5732434495847,-14.0925,"Kenneth","Gainwell","TBB","RB",27,-1
"weighted","15721","RB",124.516556291391,2.96984848098348,0.0291390728476841,122.549482705492,126.635143789539,-9.85231788079473,-7.38732738507552,-13.5091955654209,106,105,111,39,15,113.7,39.69,3.88,126.6075,5.21043844124465,-20.6075,"Rachaad","White","WAS","RB",27,-2
"weighted","13319","RB",124.487417218543,3.1112698372208,3.06986754966888,122.267944601435,126.548160975199,-9.88145695364241,-7.66886548913178,-13.5961783797605,107,106,112,40,15,119.05,41.42,3.74,117.8675,4.72599923296651,-10.8675,"Aaron","Jones","MIN","RB",32,3
"weighted","17068","RB",121.417549668874,29.6277741317163,13.9539735099338,101.793648895262,142.552982090876,-12.9513245033113,-28.1431611953051,2.4086427359164,114,146,91,41,16,111.09,38.99,3.99,100.21,7.16827036320478,13.79,"RJ","Harvey","DEN","RB",25,-5
"weighted","16169","RB",107.46357615894,2.26274169979694,3.91688741721853,105.849414255589,108.962298891054,-26.9052980132451,-24.0873958349778,-31.1820404639058,138,135,141,42,16,141.02,48.49,6.78,131.96,2.75234445518725,6.03999999999999,"Zach","Charbonnet","SEA","RB",25,-3
"weighted","15749","RB",103.546688741722,7.00035713374682,0.797682119205305,98.5528753532298,108.183362194198,-30.8221854304636,-31.3839347373375,-31.9609771607615,145,151,145,43,16,152.71,52.2,5.83,146.82,14.7952897910112,-1.81999999999999,"Isiah","Pacheco","DET","RB",27,-2
"weighted","17053","RB",102.749006622517,5.37401153701777,2.63443708609272,99.1895401337468,106.582641142975,-31.6198675496689,-30.7472699568204,-33.5616982119846,147,150,150,44,16,132.08,45.45,5.11,136.615,5.03993303526942,10.385,"Woody","Marks","HOU","RB",26,-5
"weighted","16165","RB",100.114569536424,7.63675323681472,11.8145695364238,94.6667731126143,105.172758757307,-34.2543046357616,-35.2700369779529,-34.9715805976526,152,153,155,45,17,156.97,52.75,7.24,149.8825,9.57905625570702,2.11750000000001,"Tyjae","Spears","TEN","RB",25,-3
"weighted","13146","RB",88.3,0,0.504635761589412,88.3,88.3,-46.0688741721854,-41.6368100905672,-51.8443393549597,171,163,192,46,18,215.85,67.25,8.69,180.44,NA,-9.44,"James","Conner","ARI","RB",31,3
"weighted","16174","RB",87.7953642384106,39.315137033972,3.89536423841059,61.7550567679373,115.841427309134,-46.5735099337749,-68.18175332263,-24.3029120458258,173,196,128,47,18,116.8,40.87,4.64,137.865,10.6210016006025,35.135,"Chris","Rodriguez","JAC","RB",26,-3
"weighted","15738","RB",83.9,NA,1.79205298013244,NA,NA,-50.4688741721855,NA,NA,177,NA,NA,48,18,246.07,73.53,7.34,235.45,NA,-58.45,"Malik","Davis","DAL","RB",28,-2
"weighted","13132","RB",82.1079470198676,0.282842712474623,2.42483443708609,81.9061767819487,82.2952873613818,-52.2609271523179,-48.0306333086185,-57.849051993578,180,169,202,49,18,173.44,58.17,7.79,149.3075,15.7262064322582,30.6925,"Alvin","Kamara","NOS","RB",31,3
"weighted","15716","RB",79.6831125827815,4.73761543394987,0.161920529801336,76.3034610976403,82.8210633031443,-54.685761589404,-53.6333489929269,-57.3232760518155,186,181,201,50,18,149.08,50.49,4.62,156.095,21.3686177606321,29.905,"Brian","Robinson","ATL","RB",27,-2
"weighted","14086","RB",79.5211920529801,6.36396103067893,2.33013245033115,75.3060343689107,84.0610224061548,-54.8476821192053,-54.6307757216565,-56.083316948805,187,184,196,51,19,249.47,75.26,10.08,186.41,NA,0.590000000000003,"Justice","Hill","BAL","RB",29,1
"weighted","15712","RB",77.191059602649,16.3341666454092,0.327152317880774,66.3721548802041,88.8432908424639,-57.1778145695365,-63.5646552103631,-51.3010485124958,196,193,191,52,19,129.05,44.61,4.09,145.3025,9.59288896787615,50.6975,"Tyler","Allgeier","ARI","RB",26,-2
"weighted","17482","RB",76.8639072847682,42.2142748368369,0.0639072847682058,48.9033613137744,106.97811529416,-57.5049668874172,-81.0334487767929,-33.1662240607997,197,224,149,53,19,155.03,51.34,9.46,135.0825,11.0696575714879,61.9175,"Mike","Washington Jr.","LVR","RB",23,-6
"weighted","14805","RB",76.8,NA,1.76986754966889,NA,NA,-57.5688741721854,NA,NA,198,NA,NA,54,19,NA,146,12.3,NA,NA,NA,"AJ","Dillon","CAR","RB",28,0
"weighted","16596","RB",75.0301324503311,32.7390439689371,0.528807947019857,53.3454879200629,98.3850374894407,-59.3387417218543,-76.5913221705044,-41.759301865519,202,218,172,55,19,158.49,53.49,6.65,154.813333333333,17.1837235649191,47.1866666666667,"Braelon","Allen","NYJ","RB",22,-4
"weighted","16164","RB",74.5013245033113,28.4256926036992,1.00132450331127,55.6736201811345,94.779233414158,-59.8675496688742,-74.2631899094327,-45.3651059408017,205,214,179,56,19,142.5,48.1,3.66,149.8975,14.5397668052139,55.1025,"Tank","Bigsby","PHI","RB",25,-3
"weighted","16604","RB",73.5,NA,0.740066225165563,NA,NA,-60.8688741721855,NA,NA,207,NA,NA,57,19,169.04,55.06,11.52,147.2825,9.98120327165017,59.7175,"MarShawn","Lloyd","GBP","RB",25,-4
"weighted","13133","RB",72.7599337748344,0.353553390593264,1.17615894039734,72.5077209774359,72.9941092017272,-61.608940397351,-57.4290891131313,-67.1502301532326,209,186,219,58,19,255.9,76.31,9.52,207.77,NA,1.22999999999999,"Samaje","Perine","CIN","RB",31,3
"weighted","17485","RB",71.5837748344371,41.5071680556503,1.3771523178808,44.0915797172287,101.193557249032,-62.7850993377484,-85.8452303733385,-38.950782105928,213,232,167,59,19,214.81,66.49,12.84,155.763333333333,16.4983682694852,57.2366666666667,"Kaelon","Black","SFO","RB",25,-6
"weighted","14095","RB",70.2066225165563,14.0007142674936,2.61390728476822,60.9332756116036,80.1942492935405,-64.1622516556292,-69.0035344789636,-59.9500900614192,218,198,207,60,19,263.67,78.32,7.71,NA,NA,NA,"Ty","Johnson","BUF","RB",29,1
"weighted","17047","RB",67.5927152317881,25.1730014102411,0.713576158940398,50.9194248370246,85.5502664065678,-66.7761589403974,-79.0173852535426,-54.594072948392,221,222,195,61,20,172.57,57.63,5.63,170.02,8.57000000000001,50.98,"Dylan","Sampson","CLE","RB",22,-5
"weighted","16178","RB",66.8791390728477,4.59619407771256,1.18841059602649,63.600372706666,69.9234196224534,-67.4897350993378,-66.3364373839012,-70.2209197325064,223,195,221,62,20,144.37,49.23,7.08,147.4175,9.70130500242106,75.5825,"Keaton","Mitchell","LAC","RB",24,-3
"weighted","16747","RB",65.6907284768212,57.2756492761104,4.00298013245033,27.7543093201964,106.549201655393,-68.6781456953643,-102.182500770371,-33.5951376995667,229,245,151,63,20,158.12,53.38,8.53,144.6625,11.602776338015,84.3375,"Tyrone","Tracy","NYG","RB",27,-4
"weighted","15254","RB",61.6877483443709,1.34350288425444,1.78211920529801,60.7293397142562,62.5776149665633,-72.6811258278146,-69.207470376311,-77.5667243883965,245,200,235,64,20,234.31,71.37,12.47,205.76,NA,39.24,"Najee","Harris","NYG","RB",28,-1
"weighted","16385","RB",59.9056291390729,30.0520382004283,4.06324503311259,40.0007178531894,81.3437169179531,-74.4632450331126,-89.9360922373778,-58.8006224370066,250,234,203,65,21,281.85,83.43,8.49,NA,NA,NA,"Emari","Demercado","KCC","RB",27,-3
"weighted","17055","RB",55.8423841059603,55.4371716450253,3.22483443708609,19.1236771691777,95.3893507380595,-78.5264900662252,-110.81313292139,-44.7549886169003,262,254,177,66,21,250.65,74.99,8.67,189.86,25.08,72.14,"Jordan","James","SFO","RB",22,-5
"weighted","17652","RB",52.6175496688742,50.9823989235501,5.50761589403974,18.8494531109402,88.9866350537511,-81.7513245033113,-111.087356979627,-51.1577043012086,272,255,190,67,21,274.24,81.44,8.12,NA,NA,NA,"Adam","Randall","BAL","RB",22,-6
"weighted","16773","RB",47.1099337748344,31.6783837971573,0.370860927152322,26.1278155252444,69.7082004217483,-87.258940397351,-103.808994565323,-70.4361389332115,289,248,222,68,21,319.52,96.17,6.74,NA,NA,NA,"Jawhar","Jordan","HOU","RB",27,-4
"weighted","16387","RB",46.7390728476821,37.7595021153616,1.72980132450331,21.7291372555369,73.6753996098517,-87.6298013245033,-108.20767283503,-66.468939745108,291,252,218,69,22,256.52,76.6,7.04,NA,NA,NA,"Chris","Brooks","GBP","RB",26,-3
"weighted","16757","RB",45.0092715231788,28.1428498912246,0.50927152317881,26.3689075425162,65.0854101961067,-89.3596026490066,-103.567902548051,-75.058929158853,298,247,232,70,22,189.51,61.65,6.98,173.41,11.21,124.59,"Kimani","Vidal","LAC","RB",25,-4
"weighted","17069","RB",44.5,NA,0.399999999999999,NA,NA,-89.8688741721855,NA,NA,302,NA,NA,71,22,209.1,65.15,9.62,193.79,NA,108.21,"Jaydon","Blue","DAL","RB",22,-5
"weighted","17049","RB",44.1,0,3.58079470198675,44.1,44.1,-90.2688741721855,-85.8368100905672,-96.0443393549598,306,231,247,72,22,292.09,87.73,10.37,NA,NA,NA,"Brashard","Smith","KCC","RB",23,-5
"weighted","17477","RB",40.5192052980132,25.597265478953,1.75728476821191,22.2589987663552,57.473506205048,-93.8496688741722,-107.677811324212,-82.6708331499117,318,251,237,73,22,147.9,50.23,6.99,139.175,7.3997854698633,178.825,"Jonah","Coleman","DEN","RB",23,-6
"weighted","16432","RB",38.7619205298013,52.9622979108724,0.0152317880794826,3.68244158126799,76.5433975801104,-95.6069536423841,-126.254368509299,-63.6009417748494,321,261,214,74,22,202.88,64.55,9.15,NA,NA,NA,"Emanuel","Wilson","SEA","RB",27,-3
"weighted","16610","RB",38.7466887417219,14.3542676580869,4.14668874172185,29.2391664098764,48.9865283161047,-95.6221854304636,-100.697643680691,-91.1578110388551,322,244,244,75,23,218.37,66.83,6.16,210.67,NA,111.33,"Jaylen","Wright","MIA","RB",23,-4
"weighted","16608","RB",34.6,NA,1.1,NA,NA,-99.7688741721855,NA,NA,328,NA,NA,76,23,228.65,69.65,9.12,NA,NA,NA,"George","Holani","SEA","RB",27,-4
"weighted","17046","RB",33.5,NA,1.4,NA,NA,-100.868874172185,NA,NA,331,NA,NA,77,23,251.95,76.39,12.62,NA,NA,NA,"Devin","Neal","NOS","RB",23,-5
"weighted","16599","RB",32.1,NA,0.699999999999999,NA,NA,-102.268874172185,NA,NA,336,NA,NA,78,23,362,113.5,10.5,NA,NA,NA,"Frank","Gore Jr.","BUF","RB",24,-4
"weighted","16175","RB",31.4,NA,0.0165562913907245,NA,NA,-102.968874172185,NA,NA,337,NA,NA,79,23,325.08,101.67,11.56,NA,NA,NA,"Roschon","Johnson","CHI","RB",25,-3
"weighted","16752","RB",31.3834437086093,2.9698484809835,1.33377483443709,29.2648562104611,33.3505172945083,-102.985430463576,-100.671953880106,-106.793822060451,338,243,252,80,23,254.42,75.94,7.66,NA,NA,NA,"Isaiah","Davis","NYJ","RB",24,-4
"weighted","17474","RB",30.0496688741722,12.4450793488832,0.0496688741721769,21.1717784057418,38.2926439007968,-104.319205298013,-108.765031684825,-101.851695454163,340,253,251,81,23,182.52,60.05,6.53,178.75,NA,161.25,"Emmett","Johnson","KCC","RB",23,-6
"weighted","15713","RB",30,NA,0.400000000000009,NA,NA,-104.368874172185,NA,NA,341,NA,NA,82,23,282.56,85.27,12.21,NA,NA,NA,"Jerome","Ford","FA","RB",27,-2
"weighted","17063","RB",29.6,5.02826694619936e-15,0.160596026490065,29.6,29.6,-104.768874172185,-100.336810090567,-110.54433935496,343,242,255,83,23,293.08,94.44,14.06,NA,NA,NA,"Phil","Mafah","DAL","RB",24,-5
"weighted","16166","RB",29.4394039735099,3.18198051533946,0.339403973509928,27.1694887969226,31.5469828155446,-104.929470198676,-102.767321293645,-108.597356539415,344,246,254,84,23,197.04,63.49,8.07,205.52,NA,138.48,"Sean","Tucker","TBB","RB",25,-3
"weighted","17059","RB",29.1,NA,0.770860927152327,NA,NA,-105.268874172185,NA,NA,345,NA,NA,85,23,237.26,71.59,8.43,NA,NA,NA,"Ollie","Gordon","MIA","RB",22,-5
"weighted","17061","RB",28.3291390728477,6.0811183182043,0.829139072847678,24.3013217302925,32.6671991881035,-106.039735099338,-105.635488360275,-107.477140166856,346,250,253,86,23,284.92,85.13,8.18,NA,NA,NA,"LeQuint","Allen","JAC","RB",22,-5
"weighted","14076","RB",27.5,NA,0.399999999999999,NA,NA,-106.868874172185,NA,NA,348,NA,NA,87,23,NA,145,9,NA,NA,NA,"Trayveon","Williams","DET","RB",29,1
"weighted","13404","RB",27.1,NA,1.3,NA,NA,-107.268874172185,NA,NA,351,NA,NA,88,23,338.38,102.44,6.18,NA,NA,NA,"Austin","Ekeler","FA","RB",31,3
"weighted","16603","RB",25.8,NA,0.100000000000001,NA,NA,-108.568874172185,NA,NA,353,NA,NA,89,23,190.65,61.49,6.24,169.235,9.43499999999999,183.765,"Ray","Davis","BUF","RB",27,-4
"weighted","17060","RB",25.8,NA,0,NA,NA,-108.568874172185,NA,NA,353,NA,NA,89,23,271.72,80.08,6.67,NA,NA,NA,"DJ","Giddens","IND","RB",23,-5
"weighted","16688","RB",25.7,0,1.6,25.7,25.7,-108.668874172185,-104.236810090567,-114.44433935496,354,249,259,90,24,302.63,91.12,8.41,NA,NA,NA,"Isaac","Guerendo","SFO","RB",26,-4
"weighted","15263","RB",24.1,NA,1.1,NA,NA,-110.268874172185,NA,NA,356,NA,NA,91,24,NA,136,2,NA,NA,NA,"Elijah","Mitchell","FA","RB",28,-1
"weighted","17486","RB",23,NA,0.5,NA,NA,-111.368874172185,NA,NA,357,NA,NA,92,24,326.83,98.43,5.97,NA,NA,NA,"Jam","Miller","NEP","RB",22,-6
"weighted","14811","RB",22.5,NA,0.399999999999999,NA,NA,-111.868874172185,NA,NA,358,NA,NA,93,24,NA,138,21,NA,NA,NA,"Salvon","Ahmed","CHI","RB",28,0
"weighted","15717","RB",22.1,NA,0.100000000000001,NA,NA,-112.268874172185,NA,NA,359,NA,NA,94,24,349,107.54,7.84,NA,NA,NA,"Dameon","Pierce","PHI","RB",26,-2
"weighted","16168","RB",22,NA,0.899999999999999,NA,NA,-112.368874172185,NA,NA,360,NA,NA,95,24,NA,NA,NA,NA,NA,NA,"Israel","Abanikanda","DAL","RB",24,-3
"weighted","16176","RB",21.1,NA,0.200000000000003,NA,NA,-113.268874172185,NA,NA,363,NA,NA,96,24,NA,NA,NA,NA,NA,NA,"Deuce","Vaughn","HOU","RB",25,-3
"weighted","16864","RB",20.9,NA,2.1,NA,NA,-113.468874172185,NA,NA,364,NA,NA,97,24,NA,NA,NA,NA,NA,NA,"Carlos","Washington","MIA","RB",28,-3
"weighted","17057","RB",20.9,NA,0,NA,NA,-113.468874172185,NA,NA,364,NA,NA,97,24,NA,123.67,10.96,NA,NA,NA,"Donovan","Edwards","MIA","RB",23,-5
"weighted","17058","RB",18.8,NA,0.0178807947019877,NA,NA,-115.568874172185,NA,NA,369,NA,NA,98,24,300.26,91.5,8.03,NA,NA,NA,"Tahj","Brooks","CIN","RB",24,-5
"weighted","16171","RB",18.782119205298,11.3137084989848,0.787417218543045,11.2885055447301,26.8529287220529,-115.586754966887,-118.648304545837,-113.291410632907,370,257,258,99,24,275.3,81.83,9.44,NA,NA,NA,"Kendre","Miller","NOS","RB",24,-3
"weighted","17475","RB",17.994701986755,14.4249783362056,0.59470198675497,8.44034456953093,28.2849841206175,-116.37417218543,-121.496465521036,-111.859355234342,372,259,256,100,24,247.43,74.78,11.78,NA,NA,NA,"Seth","McGowan","IND","RB",25,-6
"weighted","17476","RB",17.4,NA,1.09370860927152,NA,NA,-116.968874172185,NA,NA,375,NA,NA,101,24,202.16,64.04,8.39,180.37,NA,194.63,"Nicholas","Singleton","TEN","RB",22,-6
"weighted","17478","RB",16.3062913907285,12.2329473145273,1.45662251655629,8.20382162023947,25.0328541807197,-118.062582781457,-121.732988470328,-115.11148517424,376,260,260,102,25,204.43,64.29,9.09,189.43,NA,186.57,"Kaytron","Allen","WAS","RB",23,-6
"weighted","17481","RB",14.8496688741722,8.9095454429505,2.54966887417219,8.94844811647499,21.2054313686167,-119.519205298013,-120.988361974092,-118.938907986343,377,258,261,103,25,238.69,71.79,8.01,194.29,NA,182.71,"Demond","Claiborne","MIN","RB",23,-6
"weighted","16601","RB",12.3,NA,4.2,NA,NA,-122.068874172185,NA,NA,378,NA,NA,104,25,315.49,97.48,6.25,NA,NA,NA,"Will","Shipley","PHI","RB",24,-4
"weighted","17056","RB",8.1,NA,4.5,NA,NA,-126.268874172185,NA,NA,379,NA,NA,105,26,297.21,89.19,6.9,NA,NA,NA,"Trevor","Etienne","CAR","RB",22,-5
"weighted","17048","RB",3.6,NA,0,NA,NA,-130.768874172185,NA,NA,380,NA,NA,106,26,274.72,82.06,10.19,NA,NA,NA,"Kaleb","Johnson","PIT","RB",23,-5
"weighted","16211","WR",237.977483443709,7.91959594928934,16.0362582781457,232.731953881311,243.627050105437,117.195033112583,120.613994345217,113.512726270563,6,4,6,1,1,4.43,2.21,0.88,5.94,1.73992815943648,0.0600000000000005,"Puka","Nacua","LAR","WR",25,-3
"weighted","16185","WR",221.941225165563,17.2180501218924,6.90149006622516,210.536881875886,234.223988398874,101.158774834437,98.4189223397919,104.109664564001,7,8,7,2,1,6.04,3.1,0.9,7.8025,1.32382731124569,-0.8025,"Jaxon","Smith-Njigba","SEA","WR",24,-3
"weighted","15281","WR",215.039735099338,1.41421356237307,11.4996688741722,214.030883909743,215.976436806909,94.257284768212,101.912924373649,85.862112972035,10,7,12,3,2,2.48,1.19,0.44,4.69,1.09036691072317,5.31,"Ja'Marr","Chase","CIN","WR",26,-1
"weighted","15287","WR",203.540066225166,0.353553390593274,18.8205298013245,203.305890798273,203.792279022564,82.7576158940397,91.1879312621786,73.6779551876905,12,11,17,4,3,6.93,3.75,0.75,10.1425,2.23184200829718,1.8575,"Amon-Ra","St. Brown","DET","WR",27,-1
"weighted","16194","WR",184.719536423841,18.8797510576808,2.13625827814568,172.214568627768,198.187699804926,63.9370860927153,60.0966090916742,68.0733759700521,21,21,20,5,4,30.93,14.71,4.12,30.095,8.02236405307064,-9.095,"Rashee","Rice","KCC","WR",26,-3
"weighted","14832","WR",182.583278145695,14.5310443533836,3.84321192052982,172.217332172613,192.207888190987,61.8008278145696,60.099372636519,62.0935643561135,24,20,25,6,4,10.46,5.73,1.42,15.3875,3.65810999697931,8.6125,"CeeDee","Lamb","DAL","WR",27,0
"weighted","15751","WR",178.740066225166,21.708178182427,0.526821192052978,164.361695013951,194.225931985439,57.9576158940398,52.2437354778567,64.1116081505654,26,26,24,7,4,16.79,8.74,1.85,20.3925,5.44206475062545,5.6075,"Drake","London","ATL","WR",25,-2
"weighted","15762","WR",178.213245033113,28.0014285349873,3.12466887417219,159.666551223207,198.188498587081,57.4307947019868,47.5485916871129,68.0741747522074,27,34,19,8,4,19.66,10.1,2.06,25.1675,5.04455833051814,1.8325,"George","Pickens","DAL","WR",25,-2
"weighted","14836","WR",175.08857615894,7.60139789775539,0.727483443708621,169.666001014871,180.123347837134,54.3061258278146,57.5480414787765,50.0090240022607,29,24,34,9,4,11.55,6.48,1.96,17.7825,3.63213693987438,11.2175,"Justin","Jefferson","MIN","WR",27,0
"weighted","14104","WR",174.361092715232,16.5109433407059,2.09205298013245,163.425100279341,186.139430353746,53.578642384106,51.3071407432464,56.0251065188723,30,27,30,10,4,15.02,8.05,2.24,24.81,2.34570884808836,5.19,"A.J.","Brown","NEP","WR",29,1
"weighted","15754","WR",172.269039735099,16.2281006282313,4.56705298013244,161.520387640722,183.845607135695,51.4865894039735,49.4024281046281,53.731283300821,32,29,31,11,5,24.92,12.2,2.77,33.385,4.8697972237045,-1.385,"Chris","Olave","NOS","WR",26,-2
"weighted","15290","WR",167.701986754967,10.6066017177982,4.09238410596026,160.676723948185,175.268370676925,46.9195364238411,48.5587644120903,45.1540468420509,34,31,35,12,5,15.05,8.21,1.75,25.665,4.57758396973775,8.335,"Nico","Collins","HOU","WR",27,-1
"weighted","16615","WR",163.609602649007,8.5559920523572,1.39900662251657,157.942557318202,169.713152346053,42.8271523178808,45.8245977821079,39.5988285111788,36,36,38,13,5,28.16,13.56,4.2,33.885,3.86635163946582,2.115,"Malik","Nabers","NYG","WR",23,-4
"weighted","16190","WR",162.21059602649,13.8592929112563,3.86192052980135,153.030919292294,172.097337684515,41.4281456953643,40.9129597562002,41.9830138496412,38,38,37,14,5,32,15.13,3.71,37.81,7.94267587151836,0.189999999999998,"Zay","Flowers","BAL","WR",26,-3
"weighted","17081","WR",158.348675496689,3.60624458405141,1.55165562913905,155.960086142383,160.921246030154,37.5662251655629,43.8421266062885,30.8069221952807,40,37,46,15,5,38.85,18.06,3.93,44.7,7.4514293930762,-4.7,"Emeka","Egbuka","TBB","WR",24,-5
"weighted","11675","WR",156.79701986755,15.9099025766973,0.0635761589403785,145.447443984613,167.334914077723,36.0145695364238,33.3294844485188,37.2205902428495,41,46,40,16,5,46.97,22.02,4.16,52.07,10.049064633089,-11.07,"Davante","Adams","LAR","WR",34,6
"weighted","17071","WR",156.733443708609,7.70746391493337,0.746026490066214,151.628419402347,162.231682691899,35.9509933774835,39.5104598662532,32.1173588570249,42,39,44,17,6,39.16,18.16,3.32,43.2775,7.46852185844026,-1.2775,"Tetairoa","McMillan","CAR","WR",23,-5
"weighted","14835","WR",155.987417218543,18.2433549546129,1.60596026490069,143.903965190877,169.00159756431,35.2049668874173,31.7860056547831,38.8872737294367,44,49,39,18,6,33.26,15.51,2.95,40.2925,7.47890825923142,3.7075,"Tee","Higgins","CIN","WR",27,0
"weighted","15756","WR",154.381456953642,7.778174593052,4.27715231788076,149.229597562002,159.930138496411,33.5990066225166,37.1116380259078,29.8158146615377,45,42,49,19,6,48.23,22.5,4.81,55.3775,14.102943620039,-10.3775,"Jameson","Williams","DET","WR",25,-2
"weighted","15282","WR",150.104304635762,1.62634559672907,3.27880794701989,149.027097672055,151.264483503795,29.3218543046358,36.9091381359607,21.1501596689214,49,43,54,20,6,33.14,15.53,3.45,39.34,6.59346646309815,9.66,"DeVonta","Smith","PHI","WR",28,-1
"weighted","14109","WR",146.825496688742,7.990306627408,0.80529801324505,141.533132040966,152.52550590995,26.0430463576159,29.4151725048714,22.4111820750762,51,52,51,21,6,48.96,23.01,3.64,55.38,8.35198180074645,-4.38,"Terry","McLaurin","WAS","WR",31,1
"weighted","15753","WR",146.020198675497,1.06066017177984,0.145695364238378,145.317672394818,146.776837067692,25.2377483443709,33.1997128587242,16.6625132328188,53,47,62,22,6,48.92,23.08,3.75,51.625,8.25585095553451,1.37499999999999,"Garrett","Wilson","NYJ","WR",26,-2
"weighted","16616","WR",145.874503311258,7.99030662740798,0.40496688741726,140.17449409005,151.166867959034,25.0920529801325,28.0565345539559,21.0525441241606,54,56,55,23,6,55.18,25.45,3.87,63.625,11.1242112079913,-9.62499999999999,"Rome","Odunze","CHI","WR",24,-4
"weighted","16627","WR",145.469536423841,8.20243866176395,3.43278145695362,140.036666519929,151.320873323488,24.6870860927152,27.9187069838351,21.2065494886147,55,57,53,24,7,43.25,20.23,3.49,47.8775,3.26718820241504,7.1225,"Ladd","McConkey","LAC","WR",25,-4
"weighted","15768","WR",142.036754966887,25.385133444597,3.25629139072851,125.222959315988,160.145633820106,21.2543046357616,13.104999779894,30.0313099852326,59,78,47,25,7,90.14,37.93,6.76,81.14,20.0169378277498,-22.14,"Alec","Pierce","IND","WR",26,-2
"weighted","13635","WR",138.780463576159,2.47487373415292,1.50827814569536,137.14123558791,140.545953157949,17.9980132450331,25.0232760518155,10.4316293230754,63,58,72,26,7,57.9,26.38,5.15,60.325,7.20000520833145,2.675,"D.J.","Moore","BUF","WR",29,2
"weighted","15284","WR",137.272185430464,0.989949493661171,0.890066225165555,136.616494235164,137.97838126318,16.4897350993378,24.4985346990697,7.8640574283059,66,59,79,27,7,43.15,20.12,4.04,53.7375,7.29873405118997,12.2625,"Jaylen","Waddle","DEN","WR",28,-1
"weighted","17070","WR",136.382119205298,11.3137084989848,0.0483443708609173,128.88850554473,144.452928722053,15.5996688741722,16.7705460086359,14.3386048871792,69,70,65,28,7,56.33,25.87,4.34,68.3925,7.81742724622366,0.607500000000002,"Luther","Burden","CHI","WR",23,-5
"weighted","15789","WR",136.333774834437,9.4752308678997,0.658940397351017,130.057873393712,143.093077804719,15.5513245033113,17.9399138576173,12.9787539698456,70,68,67,29,7,51.95,24.25,3.96,66.58,9.90455450790191,3.42,"Christian","Watson","GBP","WR",27,-2
"weighted","11671","WR",135.674834437086,15.1320851173921,0.335430463576131,125.652126166077,146.469542165746,14.8923841059603,13.5341666299823,16.3552183308721,71,75,63,30,7,57.7,26.41,4.02,68.5425,9.9915373566834,2.4575,"Mike","Evans","SFO","WR",33,6
"weighted","13630","WR",135.33940397351,3.18198051533946,0.388079470198676,133.069488796923,137.446982815545,14.5569536423841,20.9515292608284,7.33265898067091,73,64,81,31,7,84.46,36.08,4.28,86.3875,15.7272619597309,-13.3875,"Courtland","Sutton","DEN","WR",31,2
"weighted","14102","WR",134.951324503311,3.60624458405139,1.72516556291393,132.378753969846,137.339913857617,14.1688741721855,20.2607944337514,7.22559002274355,74,65,82,32,7,78.97,34.08,3.47,84.6175,12.7247718545363,-10.6175,"DK","Metcalf","PIT","WR",29,1
"weighted","16614","WR",133.226158940397,11.5258405333407,4.83940397350992,125.592040023694,141.448296135591,12.4437086092715,13.4740804875996,11.3339723007177,75,76,70,33,8,74.17,32.39,3.52,78.605,8.84042278400756,-3.605,"Marvin","Harrison Jr.","ARI","WR",24,-4
"weighted","16618","WR",128.386754966887,14.7078210486802,1.84867549668874,118.645057208149,138.878807338669,7.60430463576161,6.52709767205496,8.7644835037951,82,84,76,34,8,76.63,33.2,4.16,82.9275,8.22914751052623,-0.927499999999995,"Brian","Thomas Jr.","JAC","WR",24,-4
"weighted","16192","WR",126.538079470199,11.1015764646288,5.75562913907287,119.184971065766,134.457561308514,5.75562913907287,7.06701152967224,4.34323747364073,84,83,88,35,8,71.03,31.24,4.66,79.56,10.1793737528396,4.44,"Parker","Washington","JAC","WR",24,-3
"weighted","16188","WR",120.782450331126,13.0814754519511,4.66026490066224,112.117959536094,130.114323834874,0,0,0,94,94,94,36,9,88,37.36,3.84,101.7175,14.5687480158729,-7.7175,"Quentin","Johnston","LAC","WR",25,-3
"weighted","16620","WR",116.122185430464,9.6873629022557,0.520198675496687,109.211554781742,122.538592127325,-4.66026490066224,-2.90640475435207,-7.5757317075489,100,97,103,37,9,121.14,48.32,5.49,124.345,20.7373509639009,-24.345,"Xavier","Worthy","KCC","WR",23,-4
"weighted","16186","WR",115.601986754967,10.6066017177982,3.8639072847682,108.576723948185,123.168370676925,-5.18046357615893,-3.54123558790971,-6.94595315794906,101,98,101,38,9,99.63,41.37,5.16,108.0125,15.2960180684386,-7.0125,"Jordan","Addison","MIN","WR",24,-3
"weighted","16206","WR",111.738079470199,11.1015764646288,1.55264900662252,104.384971065766,119.657561308514,-9.04437086092713,-7.73298847032778,-10.4567625263593,104,107,107,39,9,99.33,41.18,5.04,97.49,14.4409366039741,6.51,"Michael","Wilson","ARI","WR",26,-3
"weighted","17075","WR",110.185430463576,13.717871555019,0.334768211920561,100.399573924511,119.271437027015,-10.5970198675496,-11.7183856115834,-10.842886807859,108,116,108,40,9,129.34,51.1,6.63,121.81,16.6050760311418,-13.81,"Matthew","Golden","GBP","WR",23,-5
"weighted","13163","WR",109.850662251656,14.2128463018496,0.552980132450301,100.436810090567,119.989616707079,-10.9317880794702,-11.681149445527,-10.1247071277947,109,115,106,41,9,90.83,38.25,4.5,94.8975,10.2774811481218,14.1025,"Chris","Godwin","TBB","WR",30,3
"weighted","16184","WR",109.297682119205,8.98025612106916,0.0970198675496761,103.34962627613,115.70388717313,-11.4847682119205,-8.76833325996468,-14.4104366617442,110,110,115,42,9,104.45,43,4.75,116.77,17.5648042972303,-6.77000000000001,"Jayden","Reed","GBP","WR",26,-3
"weighted","17497","WR",109.200662251656,17.819090885901,0.764238410596036,96.4891372627666,121.00310376705,-11.5817880794702,-15.6288222733276,-9.11122006782368,111,119,104,43,9,77.88,33.68,3.81,85.015,12.5279377792197,25.985,"Carnell","Tate","TEN","WR",21,-6
"weighted","14127","WR",108.43642384106,2.26274169979695,0.811258278145687,106.937701108946,110.050585744411,-12.3460264900662,-5.1802584271482,-20.0637380904631,113,102,124,44,9,115.55,46.52,5.74,122.14,21.2638378473878,-9.13999999999999,"Jakobi","Meyers","JAC","WR",30,1
"weighted","14136","WR",107.625165562914,6.22253967444162,0.446026490066231,103.503678049602,112.064110797129,-13.1572847682119,-8.61428148649264,-18.0502130377446,115,109,117,45,9,139.67,54.31,11.18,120.025,15.2987131811797,-5.02500000000001,"Deebo","Samuel","SFO","WR",30,1
"weighted","14842","WR",107.179139072848,4.59619407771257,0.828476821192041,103.900372706666,110.223419622453,-13.6033112582781,-8.21758682942824,-19.8909042124203,116,108,122,46,9,105.76,43.22,4.92,115.195,17.0869855445599,0.805000000000007,"Michael","Pittman","PIT","WR",29,0
"weighted","15779","WR",106.350662251656,14.2128463018496,1.29172185430465,96.9368100905672,116.489616707079,-14.4317880794702,-15.181149445527,-13.6247071277947,117,117,113,47,9,128.13,50.69,5.72,128.4375,15.9152260037362,-11.4375,"Romeo","Doubs","NEP","WR",26,-2
"weighted","16080","WR",105.058940397351,15.6977705423413,3.1887417218543,94.6615514433131,116.257188601848,-15.7235099337748,-17.4564080927812,-13.8571352330253,118,123,114,48,10,139.67,54.66,4.87,133.955,19.6161980261212,-15.955,"Rashid","Shaheed","SEA","WR",28,-2
"weighted","17514","WR",101.870198675497,11.7379725676967,1.57317880794702,94.0955745026575,110.24366354913,-18.9122516556291,-18.0223850334367,-19.8706602857438,122,125,121,49,10,132.04,51.86,13.45,123.145,6.33851914882333,-1.145,"De'Zhaun","Stribling","SFO","WR",24,-6
"weighted","15757","WR",100.29701986755,5.44472221513641,0.734105960264898,96.6907182934014,104.181096947488,-20.4854304635762,-15.4272412426928,-25.9332268873857,124,118,130,50,10,121.8,48.67,5.1,124.3625,13.719235355879,-0.362499999999997,"Wan'Dale","Robinson","TEN","WR",25,-2
"weighted","13629","WR",99.5629139072848,15.556349186104,3.3317880794702,89.259195124004,110.660276992823,-21.219536423841,-22.8587644120903,-19.4540468420509,126,133,120,51,10,193.99,71.79,10.29,165.596666666667,32.7877785496703,-39.5966666666667,"Calvin","Ridley","TEN","WR",32,2
"weighted","17499","WR",96.2311258278146,4.66690475583122,0.781456953642376,92.9019169021531,99.3222414627988,-24.5513245033112,-19.2160426339411,-30.7920823720749,129,127,139,52,10,112.12,45.35,6.12,119.5825,13.2939767846194,9.41749999999999,"Makai","Lemon","PHI","WR",22,-6
"weighted","17501","WR",95.4496688741722,8.9095454429505,0.0149006622516481,89.548448116475,101.805431368617,-25.3327814569536,-22.5695114196192,-28.308892466257,130,131,135,53,10,130.12,51.53,9.04,126.2825,8.04821835874251,3.7175,"KC","Concepcion","CLE","WR",22,-6
"weighted","15293","WR",95.4347682119205,14.7785317267988,0.107615894039739,85.6462353678038,105.977263143182,-25.3476821192053,-26.4717241682905,-24.137060691692,131,143,127,54,10,213.91,78.07,10.4,142.125,11.225,-11.125,"Rashod","Bateman","BAL","WR",27,-1
"weighted","16809","WR",95.3271523178808,16.8291413922398,0.542052980132439,84.1804019977861,107.332481474054,-25.455298013245,-27.9375575383081,-22.78184236082,132,145,125,55,10,136.25,53.43,5.71,137.445,15.3604516535159,-5.44499999999999,"Jalen","Coker","CAR","WR",25,-4
"weighted","12186","WR",94.7850993377484,5.86898628384834,0.102649006622542,90.8977872513288,98.971831774565,-25.9973509933775,-21.2201722847655,-31.1424920603087,134,129,140,56,10,111.97,45.23,9.56,111.555,11.0762504937366,22.445,"Stefon","Diggs","WAS","WR",33,5
"weighted","16187","WR",94.6824503311258,13.0814754519511,1.93211920529801,86.0179595360942,104.014323834874,-26.1,-26.1,-26.1,135,142,132,57,10,113.88,45.91,5.17,114.0375,13.5915605708101,20.9625,"Josh","Downs","IND","WR",25,-3
"weighted","15761","WR",92.7503311258278,8.9095454429505,0.273509933774832,86.3945686313833,98.651551883525,-28.032119205298,-25.7233909047109,-31.4627719513487,140,140,142,58,10,143.72,55.98,4.56,129.74,13.3686897887065,10.26,"Khalil","Shakir","BUF","WR",26,-2
"weighted","16287","WR",92.476821192053,4.3840620433566,1.89999999999999,89.5730458985829,95.6042598797955,-28.3056291390728,-22.5449136375113,-34.5100639550782,141,130,153,59,11,169.17,63.58,8.88,153.176666666667,18.596423192527,-12.1766666666666,"Tre","Tucker","LVR","WR",25,-3
"weighted","14833","WR",90.576821192053,4.3840620433566,0.254635761589398,87.6730458985829,93.7042598797955,-30.2056291390728,-24.4449136375113,-36.4100639550782,143,136,160,60,11,179.16,66.68,8.18,144,20,-1,"Jerry","Jeudy","CLE","WR",27,0
"weighted","17500","WR",90.3221854304636,11.667261889578,2.95364238410598,82.594396343003,98.6452077446171,-30.4602649006622,-29.5235631930913,-31.4691160902566,144,148,143,61,11,161.34,60.8,9.43,147.9825,14.4590946725582,-3.98250000000002,"Denzel","Boston","CLE","WR",23,-6
"weighted","16628","WR",87.3685430463576,2.89913780286484,2.53112582781456,85.4483045458371,89.4366879850261,-33.4139072847682,-26.6696549902571,-40.6776358498476,151,144,169,62,11,172.97,64.96,8.76,146.636666666667,23.1872239726008,4.36333333333334,"Jalen","McMillan","TBB","WR",25,-4
"weighted","17517","WR",84.837417218543,28.9206673505298,0.64602649006622,65.6818672987164,105.468424045748,-35.9450331125828,-46.4360922373778,-24.6458997891259,155,166,129,63,11,221.47,80.97,16.84,147.915,13.9695713964316,7.08499999999998,"Ja'Kobi","Lane","BAL","WR",22,-6
"weighted","11222","WR",84.1913907284768,18.1019335983756,0.694370860927165,72.2016088715682,97.1046859552847,-36.591059602649,-39.916350664526,-33.009637879589,156,160,148,64,11,212.16,77.94,19.16,146.8625,15.4447958468217,9.13749999999999,"Keenan","Allen","IND","WR",34,7
"weighted","15786","WR",83.4970198675497,5.44472221513643,1.36589403973508,79.8907182934014,87.381096947488,-37.2854304635761,-32.2272412426929,-42.7332268873857,157,152,174,65,11,188.44,69.81,10.44,149.7475,18.0937770725186,7.2525,"Jalen","Nailor","LVR","WR",27,-2
"weighted","16193","WR",82.1311258278146,16.6877200360025,0.142052980132462,71.078045678477,94.0355698650281,-38.6513245033112,-41.0399138576173,-36.0787539698456,159,162,157,66,11,176.97,66.25,10.67,173.94,17.74,-14.94,"Kayshon","Boutte","HOU","WR",24,-3
"weighted","14860","WR",81.9890728476821,27.0821897194448,4.45165562913908,64.0512351476978,101.308573128414,-38.7933774834437,-48.0667243883965,-28.8057507064595,160,170,136,67,12,171.77,64.51,9.72,162.4,18.9638884901453,-2.40000000000001,"Jauan","Jennings","MIN","WR",29,0
"weighted","16788","WR",77.537417218543,7.56604255869605,1.30562913907285,72.5260630830383,82.9347710828729,-43.2450331125828,-39.5918964530559,-47.1795527520008,164,159,184,68,12,259.23,93.29,12.09,168.6,NA,-4.59999999999999,"Devaughn","Vele","NOS","WR",29,-4
"weighted","13164","WR",76.2317880794702,20.2232539419353,1.33112582781457,62.8369536612051,90.6583600906696,-44.5506622516556,-49.2810058748891,-39.4559637442041,168,173,168,69,12,234.53,84.6,8.7,162.466666666667,8.13279096552278,5.53333333333333,"Cooper","Kupp","SEA","WR",33,3
"weighted","16204","WR",74.9006622516556,24.8901586977665,0.927483443708596,58.4147121984063,92.6564431885165,-45.8817880794702,-53.7032473376879,-37.4578806463572,169,182,163,70,12,212.61,77.49,11.09,161.563333333333,15.0109078857861,7.4366666666667,"Tank","Dell","HOU","WR",27,-3
"weighted","16626","WR",73.973178807947,15.0613744392735,0.273178807947019,63.228913638767,83.949051993578,-46.8092715231788,-48.8890458973272,-46.1652718412957,174,172,180,71,12,170.3,64.09,8.37,174.67,11.37,-0.670000000000016,"Adonai","Mitchell","NYJ","WR",24,-4
"weighted","17353","WR",73.7,NA,2.90000000000001,NA,NA,-47.0824503311258,NA,NA,175,NA,NA,72,12,356.33,146.78,12.01,NA,NA,NA,"Jahdae","Walker","CHI","WR",24,-5
"weighted","17074","WR",70.8,NA,0.999999999999986,NA,NA,-49.9824503311258,NA,NA,176,NA,NA,73,12,192.62,71.28,13.49,154.67,20.1007578629928,21.33,"Travis","Hunter","JAC","WR",23,-5
"weighted","16195","WR",69.8,NA,1.37880794701987,NA,NA,-50.9824503311258,NA,NA,178,NA,NA,74,12,194.91,71.56,10.86,174,17,4,"Dontayvion","Wicks","PHI","WR",25,-3
"weighted","17498","WR",68.4211920529801,6.36396103067893,0.821192052980138,64.2060343689107,72.9610224061548,-52.3612582781457,-47.9119251671835,-57.1533014287189,181,168,199,75,12,138.86,52.98,10.5,129.275,20.9836799680132,51.725,"Jordyn","Tyson","NOS","WR",22,-6
"weighted","16191","WR",67.6,NA,0.396357615894061,NA,NA,-53.1824503311258,NA,NA,183,NA,NA,76,12,313.25,116.79,13.56,NA,NA,NA,"Cedric","Tillman","CLE","WR",26,-3
"weighted","16751","WR",67.6,NA,0,NA,NA,-53.1824503311258,NA,NA,183,NA,NA,76,12,NA,158.5,43.5,160.4,NA,22.6,"Bub","Means","NOS","WR",25,-4
"weighted","15787","WR",67.203642384106,19.4454364826301,0.315562913907257,54.3239939050049,81.0753462410285,-53.5788079470199,-57.7939656310893,-49.0389775938452,184,187,186,77,12,252.68,90.92,11.74,NA,NA,NA,"Tyquan","Thornton","KCC","WR",26,-2
"weighted","17503","WR",66.8880794701987,0.424264068711925,2.36258278145696,66.6070689579274,67.190734827077,-53.8943708609271,-45.5108905781669,-62.9235890077967,185,164,213,78,13,241.26,87.02,11.06,167.5,NA,17.5,"Germie","Bernard","PIT","WR",23,-6
"weighted","17080","WR",64.5254966887417,7.99030662740798,0.12549668874172,59.2331320409657,70.2255059099499,-56.2569536423841,-52.8848274951286,-59.8888179249238,191,180,206,79,13,208.5,75.94,10.09,180.77,NA,10.23,"Jaylin","Noel","HOU","WR",24,-5
"weighted","12785","WR",64.4,NA,0.100000000000009,NA,NA,-56.3824503311258,NA,NA,192,NA,NA,80,13,304.83,126.67,31.41,NA,NA,NA,"Demarcus","Robinson","SFO","WR",32,4
"weighted","16684","WR",64.3,0,0.117218543046363,64.3,64.3,-56.4824503311258,-47.8179595360942,-65.8143238348737,193,167,217,81,13,208.59,76.37,10.45,152.27,0.570000000000007,40.73,"Malik","Washington","MIA","WR",25,-4
"weighted","17599","WR",64.1827814569536,6.50538238691623,0.43609271523178,59.5420659848196,68.4916093117802,-56.5996688741722,-52.5758935512747,-61.6227145230935,194,179,212,82,13,224.49,81.97,19.25,191.27,NA,2.72999999999999,"Caleb","Douglas","MIA","WR",23,-6
"weighted","17098","WR",63.7466887417219,35.7088924499206,1.07715231788079,40.0949706255545,89.2201812789796,-57.035761589404,-72.0229889105397,-40.8941425558941,195,206,170,83,13,257.09,92.53,9.97,NA,NA,NA,"Tory","Horton","SEA","WR",24,-5
"weighted","17512","WR",62.6695364238411,29.5570634535977,0.551324503311257,43.0924707356075,83.7545262863633,-58.1129139072847,-69.0254888004867,-46.3597975485104,199,199,182,84,13,231.18,83.92,13.76,185.71,NA,13.29,"Antonio","Williams","WAS","WR",22,-6
"weighted","14122","WR",62.1182119205298,11.8086832458153,0.558940397351009,54.2967526623121,70.5421193536428,-58.664238410596,-57.8212068737821,-59.5722044812309,200,188,204,85,13,269.21,96.84,9.75,181.6,15.4,18.4,"Darius","Slayton","NYG","WR",29,1
"weighted","17502","WR",61.5592715231788,17.4655374953077,0.427152317880783,49.9910054346772,74.0185837146692,-59.223178807947,-62.1269541014171,-56.0957401202045,201,192,197,86,13,193,71.26,12.22,167.83,NA,33.17,"Omar","Cooper Jr.","NYJ","WR",23,-6
"weighted","16619","WR",61.132119205298,43.3456456867354,0.232119205298012,32.4222118682474,92.0534081663654,-59.6503311258278,-79.6957476678469,-38.0609156685084,204,223,164,87,13,220.67,80.16,12.16,190.22,NA,13.78,"Troy","Franklin","DEN","WR",23,-4
"weighted","16639","WR",60.9,NA,1.65463576158941,NA,NA,-59.8824503311258,NA,NA,206,NA,NA,88,13,279.88,100.48,10.79,NA,NA,NA,"Xavier","Legette","CAR","WR",25,-4
"weighted","17506","WR",59.2453642384106,28.6378246380552,0.438410596026479,40.2771546600982,79.6746008276965,-61.5370860927152,-71.840804875996,-50.4397230071772,208,204,189,89,13,256.23,92.13,12.55,188.12,NA,19.88,"Chris","Bell","MIA","WR",22,-6
"weighted","17157","WR",58.8069536423841,15.76848122046,1.30695364238411,48.3627296029676,70.0556444063613,-61.9754966887417,-63.7552299331266,-60.0586794285124,211,194,208,90,13,206.82,76.01,8.06,170.235,18.135,40.765,"Isaac","TeSlaa","DET","WR",24,-5
"weighted","16778","WR",57.5,NA,1.2,NA,NA,-63.2824503311258,NA,NA,215,NA,NA,91,13,194.22,71.66,9.75,180.915,21.015,34.085,"Ryan","Flournoy","DAL","WR",27,-4
"weighted","15755","WR",56.3,NA,2.49801324503311,NA,NA,-64.4824503311258,NA,NA,219,NA,NA,92,13,284.24,103.9,18.99,NA,NA,NA,"Jahan","Dotson","ATL","WR",26,-2
"weighted","17073","WR",53.8019867549669,53.3158513014657,0.701986754966889,18.4883323795408,91.8356766026745,-66.9804635761589,-93.6296271565534,-38.2786472321992,222,239,165,93,13,249.49,90.69,13.95,NA,NA,NA,"Elic","Ayomanor","TEN","WR",23,-5
"weighted","15788","WR",53.1,NA,1.29668874172186,NA,NA,-67.6824503311258,NA,NA,225,NA,NA,94,14,294.36,107,16.15,NA,NA,NA,"Jalen","Tolbert","MIA","WR",27,-2
"weighted","17072","WR",53.1,NA,0,NA,NA,-67.6824503311258,NA,NA,225,NA,NA,94,14,190.21,70.27,9.11,181.59,NA,43.41,"Tre","Harris","LAC","WR",24,-5
"weighted","17520","WR",51.8033112582781,17.6776695296637,0.0033112582781456,40.0945399136409,64.4139511282077,-68.9791390728477,-72.0234196224534,-65.700372706666,230,207,216,95,14,247.65,89.2,12.37,206.5,NA,23.5,"Ted","Hurst","TBB","WR",22,-6
"weighted","16617","WR",51.8,NA,0.0556291390728489,NA,NA,-68.9824503311258,NA,NA,231,NA,NA,96,14,245.89,89.05,10.89,185.09,NA,45.91,"Keon","Coleman","BUF","WR",23,-4
"weighted","14105","WR",51.7443708609271,44.6891485709898,0.0033112582781385,22.1445969016841,83.6240684521091,-69.0380794701987,-89.9733626344102,-46.4902553827646,232,235,183,97,14,287.74,103.71,8.68,NA,NA,NA,"Marquise","Brown","PHI","WR",29,1
"weighted","13633","WR",51.741059602649,48.3661038331599,0.977152317880801,19.7058612037214,86.2437702867764,-69.0413907284768,-92.4120983323729,-43.8705535480973,233,238,176,98,14,269.34,96.65,11.54,NA,NA,NA,"Christian","Kirk","SFO","WR",30,2
"weighted","16207","WR",50.7639072847682,20.8596500450031,0.163907284768207,36.9475570980962,65.6444623312851,-70.0185430463576,-75.170402437998,-64.4698615035886,234,216,215,99,14,278.56,101.16,12.74,NA,NA,NA,"Andrei","Iosivas","CIN","WR",27,-3
"weighted","16342","WR",50.6,NA,0.145033112582787,NA,NA,-70.1824503311258,NA,NA,235,NA,NA,100,14,284.46,106.38,21.06,NA,NA,NA,"Demario","Douglas","NEP","WR",26,-3
"weighted","17171","WR",50.4549668874172,37.1938166904124,0.254966887417211,25.8197119783004,76.9877531737491,-70.3274834437086,-86.2982475577939,-53.1265706611246,236,233,194,101,14,249.51,90.06,12.84,NA,NA,NA,"Chimere","Dike","TEN","WR",25,-5
"weighted","17507","WR",50.2,NA,0.650662251655632,NA,NA,-70.5824503311258,NA,NA,238,NA,NA,102,14,237.04,85.38,11.42,190.8,NA,47.2,"Zachariah","Branch","ATL","WR",22,-6
"weighted","16201","WR",49.5493377483444,28.4964032818179,0.847682119205302,30.674798340789,69.8776892186709,-71.2331125827814,-81.4431611953052,-60.2366346162028,240,225,210,103,14,290.88,110.24,23.02,202.22,NA,37.78,"Xavier","Hutchinson","HOU","WR",26,-3
"weighted","17706","WR",48.7016556291391,30.1934595566656,0.601655629139067,28.7030741724986,70.2406285269788,-72.0807947019867,-83.4148853635957,-59.8736953078949,244,228,205,104,14,316.22,119.92,19.98,NA,NA,NA,"Malik","Benson","LVR","WR",24,-6
"weighted","14974","WR",48.1,NA,1.69304635761591,NA,NA,-72.6824503311258,NA,NA,246,NA,NA,105,14,220.43,79.96,8.85,NA,NA,NA,"Darnell","Mooney","NYG","WR",29,0
"weighted","14315","WR",46.4069536423841,37.1231060122937,1.1069536423841,21.8185338186458,72.8892973692362,-74.3754966887417,-90.2994257174484,-57.2250264656375,249,237,200,106,14,319.44,129.64,21.25,NA,NA,NA,"Ashton","Dulin","IND","WR",29,1
"weighted","15981","WR",45.3,NA,1.2,NA,NA,-75.4824503311258,NA,NA,252,NA,NA,107,14,296.35,111.11,20.94,NA,NA,NA,"KaVontae","Turpin","DAL","WR",30,-2
"weighted","17511","WR",44.1,NA,0.100000000000001,NA,NA,-76.6824503311258,NA,NA,254,NA,NA,108,14,246.4,89.51,13.63,191,NA,63,"Malachi","Fields","NYG","WR",23,-6
"weighted","17082","WR",44,NA,0.200000000000003,NA,NA,-76.7824503311258,NA,NA,255,NA,NA,109,14,205.65,75.22,10.78,208.63,NA,46.37,"Pat","Bryant","DEN","WR",24,-5
"weighted","16189","WR",43.8,NA,1.2635761589404,NA,NA,-76.9824503311258,NA,NA,256,NA,NA,110,14,274.84,98.97,9.35,NA,NA,NA,"Marvin","Mims","DEN","WR",24,-3
"weighted","15319","WR",42.5364238410596,23.6173664916307,0.356291390728472,26.8935053246242,59.3842387072855,-78.2460264900662,-85.2244542114701,-70.7300851275882,259,230,225,111,14,310.58,112.48,13.58,NA,NA,NA,"Joshua","Palmer","BUF","WR",27,-1
"weighted","16621","WR",42.1801324503311,22.0617315730203,2.38013245033112,27.5675858122238,57.9182110080032,-78.6023178807947,-84.5503737238705,-72.1961128268705,263,229,230,112,14,316,125.19,22.2,NA,NA,NA,"Devontez","Walker","BAL","WR",25,-4
"weighted","17096","WR",39.8,NA,2.00000000000001,NA,NA,-80.9824503311258,NA,NA,270,NA,NA,113,15,337.71,127.77,14.01,NA,NA,NA,"Savion","Williams","GBP","WR",25,-5
"weighted","13289","WR",37.8,NA,0.299999999999997,NA,NA,-82.9824503311258,NA,NA,277,NA,NA,114,15,284.27,103.79,12.34,NA,NA,NA,"Mack","Hollins","NEP","WR",33,3
"weighted","17078","WR",37.5,NA,0.899999999999999,NA,NA,-83.2824503311258,NA,NA,279,NA,NA,115,15,259.01,93.21,11.48,NA,NA,NA,"Jack","Bech","LVR","WR",24,-5
"weighted","17518","WR",36.6,NA,0.417880794701986,NA,NA,-84.1824503311258,NA,NA,281,NA,NA,116,15,229.91,84.1,20.22,163.16,NA,117.84,"Cyrus","Allen","KCC","WR",23,-6
"weighted","16635","WR",36.182119205298,32.6683332908185,2.48211920529801,14.5443097604083,59.4865816849279,-84.6003311258278,-97.5736497756859,-70.6277421499458,282,241,223,117,15,313.43,115.24,15.34,NA,NA,NA,"Luke","McCaffrey","WAS","WR",25,-4
"weighted","15292","WR",33.7,NA,2.3,NA,NA,-87.0824503311258,NA,NA,288,NA,NA,118,15,341.25,133.62,18.02,NA,NA,NA,"Dyami","Brown","WAS","WR",27,-1
"weighted","17134","WR",31.4,NA,0.199999999999999,NA,NA,-89.3824503311258,NA,NA,299,NA,NA,119,15,273.6,99.62,14.86,NA,NA,NA,"Kyle","Williams","NEP","WR",24,-5
"weighted","15301","WR",31.2,NA,1.3,NA,NA,-89.5824503311258,NA,NA,300,NA,NA,120,15,337.81,127.8,17.62,NA,NA,NA,"Tutu","Atwell","MIA","WR",27,-1
"weighted","13418","WR",29.9,NA,2.1,NA,NA,-90.8824503311258,NA,NA,311,NA,NA,121,15,303.31,109.89,14.74,NA,NA,NA,"Kendrick","Bourne","ARI","WR",31,3
"weighted","15752","WR",27.8,NA,0.400000000000002,NA,NA,-92.9824503311258,NA,NA,316,NA,NA,122,15,316.52,117.79,18.87,NA,NA,NA,"Treylon","Burks","WAS","WR",26,-2
"weighted","13066","WR",27.4,NA,2.1,NA,NA,-93.3824503311258,NA,NA,317,NA,NA,123,16,328.62,122.52,16.68,NA,NA,NA,"Kalif","Raymond","CHI","WR",32,4
"weighted","17519","WR",25.3,NA,1.7,NA,NA,-95.4824503311258,NA,NA,320,NA,NA,124,16,299.28,109.08,15.75,NA,NA,NA,"Bryce","Lance","NOS","WR",24,-6
"weighted","17542","WR",23.6,NA,1,NA,NA,-97.1824503311258,NA,NA,323,NA,NA,125,16,343.8,133.89,20.48,NA,NA,NA,"Colbie","Young","CIN","WR",24,-6
"weighted","17505","WR",22.6,NA,0.700000000000003,NA,NA,-98.1824503311258,NA,NA,324,NA,NA,126,16,265.15,95.83,10.82,NA,NA,NA,"Elijah","Sarratt","BAL","WR",23,-6
"weighted","17184","WR",21.9,NA,0.199999999999996,NA,NA,-98.8824503311258,NA,NA,325,NA,NA,127,16,346,130.74,14.5,NA,NA,NA,"Jaylin","Lane","WAS","WR",24,-5
"weighted","17076","WR",21.7,NA,0.300000000000004,NA,NA,-99.0824503311258,NA,NA,326,NA,NA,128,16,295.54,108.72,12.57,NA,NA,NA,"Isaiah","Bond","CLE","WR",22,-5
"weighted","17521","WR",21.4,NA,1.2,NA,NA,-99.3824503311258,NA,NA,327,NA,NA,129,16,327,128.35,18.45,NA,NA,NA,"Zavion","Thomas","CHI","WR",22,-6
"weighted","14592","WR",20.2,NA,0.200000000000003,NA,NA,-100.582450331126,NA,NA,329,NA,NA,130,16,320.03,116.51,8.93,NA,NA,NA,"Olamide","Zaccheaus","ATL","WR",29,1
"weighted","16633","WR",20,NA,0.299999999999997,NA,NA,-100.782450331126,NA,NA,330,NA,NA,131,16,335.73,126.94,16.21,NA,NA,NA,"Jordan","Whittington","LAR","WR",26,-4
"weighted","17508","WR",19.7,NA,0.200000000000003,NA,NA,-101.082450331126,NA,NA,332,NA,NA,132,16,289.04,105.07,12.12,NA,NA,NA,"Skyler","Bell","BUF","WR",24,-6
"weighted","16629","WR",19.5,NA,0.199999999999996,NA,NA,-101.282450331126,NA,NA,333,NA,NA,133,16,306.71,118.35,23.9,NA,NA,NA,"Roman","Wilson","PIT","WR",25,-4
"weighted","17529","WR",19.3,NA,0.600000000000001,NA,NA,-101.482450331126,NA,NA,334,NA,NA,134,16,311.79,114.06,15.71,NA,NA,NA,"Brenen","Thompson","LAC","WR",23,-6
"weighted","17254","WR",18.7,NA,1.4,NA,NA,-102.082450331126,NA,NA,335,NA,NA,135,16,311.11,115,17.22,NA,NA,NA,"Konata","Mumpfield","LAR","WR",24,-5
"weighted","11679","WR",17.3,NA,1.2,NA,NA,-103.482450331126,NA,NA,339,NA,NA,136,16,314,128.63,22.18,NA,NA,NA,"Odell","Beckham","NYG","WR",34,6
"weighted","17079","WR",16.1,NA,2,NA,NA,-104.682450331126,NA,NA,342,NA,NA,137,16,309.35,112.11,11.68,NA,NA,NA,"Tez","Johnson","TBB","WR",24,-5
"weighted","17528","WR",16.1,NA,0,NA,NA,-104.682450331126,NA,NA,342,NA,NA,137,16,327.59,123.48,20.28,NA,NA,NA,"Kevin","Coleman","MIA","WR",23,-6
"weighted","17205","WR",14.1,NA,0.299999999999995,NA,NA,-106.682450331126,NA,NA,347,NA,NA,138,16,377,158.29,14.63,NA,NA,NA,"KeAndre","Lambert-Smith","LAC","WR",25,-5
"weighted","17086","WR",13.8,NA,0.100000000000003,NA,NA,-106.982450331126,NA,NA,349,NA,NA,139,16,318.65,119.85,19.17,NA,NA,NA,"Jalen","Royals","KCC","WR",23,-5
"weighted","15109","WR",13.7,NA,0.999999999999998,NA,NA,-107.082450331126,NA,NA,350,NA,NA,140,16,326.64,123.17,21.52,NA,NA,NA,"Nick","Westbrook-Ikhine","IND","WR",29,0
"weighted","16630","WR",12.7,NA,1.4,NA,NA,-108.082450331126,NA,NA,352,NA,NA,141,17,316.6,133.67,25.86,NA,NA,NA,"Isaiah","Williams","NYJ","WR",25,-4
"weighted","17234","WR",11.3,NA,3,NA,NA,-109.482450331126,NA,NA,355,NA,NA,142,17,363.33,156.17,22.59,NA,NA,NA,"Jimmy","Horn","CAR","WR",24,-5
"weighted","17087","WR",8.3,NA,0.200000000000001,NA,NA,-112.482450331126,NA,NA,361,NA,NA,143,17,326.53,124.83,19.84,NA,NA,NA,"Dont'e","Thornton","LVR","WR",24,-5
"weighted","16858","WR",8.1,NA,1.7,NA,NA,-112.682450331126,NA,NA,362,NA,NA,144,17,NA,184.2,25.28,NA,NA,NA,"Mason","Tipton","NOS","WR",26,-4
"weighted","14108","WR",6.4,NA,0.100000000000001,NA,NA,-114.382450331126,NA,NA,365,NA,NA,145,17,353.43,137.23,18.99,NA,NA,NA,"Greg","Dortch","DET","WR",28,1
"weighted","15785","WR",6.3,NA,0.6,NA,NA,-114.482450331126,NA,NA,367,NA,NA,146,17,NA,173,40.66,NA,NA,NA,"Bo","Melton","GBP","WR",27,-2
"weighted","17541","WR",5.7,NA,0.8,NA,NA,-115.082450331126,NA,NA,368,NA,NA,147,17,295.5,129.55,29.39,NA,NA,NA,"Barion","Brown","NOS","WR",23,-6
"weighted","16299","WR",4.9,NA,0.5,NA,NA,-115.882450331126,NA,NA,371,NA,NA,148,17,NA,182.8,12.14,NA,NA,NA,"Derius","Davis","LAC","WR",26,-3
"weighted","16428","WR",4.4,NA,0.3,NA,NA,-116.382450331126,NA,NA,373,NA,NA,149,17,334.5,154.86,17.6,NA,NA,NA,"Xavier","Smith","LAR","WR",29,-3
"weighted","13776","WR",4.1,NA,0,NA,NA,-116.682450331126,NA,NA,374,NA,NA,150,17,NA,172.67,16.96,NA,NA,NA,"Justin","Watson","HOU","WR",30,2
"weighted","16641","TE",148.18940397351,7.4953318805774,2.02549668874173,143.224884923384,153.53631527836,41.9579470198675,49.2173852535427,35.5609957217432,37,30,42,1,1,17.31,1.1,0.47,31.94,11.6789383079114,5.06,"Brock","Bowers","LVR","TE",24,-4
"weighted","15794","TE",146.163907284768,20.8596500450032,8.18443708609269,132.347557098096,161.044462331285,39.9324503311258,38.3400574282552,43.0691427746682,39,40,36,2,1,24.36,2.14,0.52,34.5625,9.36376092977603,4.4375,"Trey","McBride","ARI","TE",27,-2
"weighted","17104","TE",137.979470198676,18.5261976670876,10.8852649006622,125.708677829496,151.195420782362,31.7480132450331,31.7011781596546,33.2201012257448,46,50,43,3,2,38.08,3.2,0.92,51.1625,10.9613146451509,-5.16249999999999,"Colston","Loveland","CHI","TE",22,-5
"weighted","17102","TE",127.094205298013,1.09601551083915,0.263410596026503,126.368261474646,127.876064969949,20.8627483443709,32.3607618048047,9.90074541333198,60,48,73,4,2,59.42,4.53,1.02,64.4575,11.4385933903605,-4.4575,"Tyler","Warren","IND","TE",24,-5
"weighted","13299","TE",126.830794701987,14.9199530830362,3.2460264900662,116.948591687113,137.474174752207,20.5993377483444,22.9410920172718,19.4988551955904,61,63,58,5,3,91.9,8.66,2.56,100.02,12.5208406267311,-39.02,"George","Kittle","SFO","TE",33,3
"weighted","16222","TE",123.584768211921,25.4558441227157,1.16887417218545,106.724137475643,141.744089624619,17.3533112582782,12.7166378058018,23.7687700680022,64,80,50,6,3,62.24,4.68,0.99,74.28,9.47257356793813,-10.28,"Tucker","Kraft","GBP","TE",26,-3
"weighted","13674","TE",122.415894039735,20.7889393668845,1.62582781456955,108.646378938442,137.246006526772,16.1844370860927,14.6388792686006,19.2706869701554,67,71,59,7,3,111.63,12.09,2.55,93.53,14.5715510499054,-26.53,"Dallas","Goedert","PHI","TE",31,2
"weighted","13671","TE",120.790066225166,11.0308657865101,3.4596026490066,113.483792906112,128.659105504002,14.5586092715232,19.4762932362708,10.6837859473847,72,66,71,8,3,117.12,13.02,3.31,115.7625,4.94714248329275,-43.7625,"Mark","Andrews","BAL","TE",31,2
"weighted","16214","TE",117.330463576159,13.1521861300698,2.9264900662252,108.619137695749,126.712779639387,11.0990066225166,14.6116380259078,8.73746008276964,77,72,77,9,4,80.1,6.87,1.97,89.585,20.8346652240923,-12.585,"Sam","LaPorta","DET","TE",25,-3
"weighted","17103","TE",114.403973509934,21.2132034355964,2.20662251655627,100.353447896369,129.536741353849,8.17251655629136,6.34594822652797,11.5614217972324,81,85,69,10,4,88.7,8.43,2.1,87.7375,9.66832036860591,-6.73750000000001,"Harold","Fannin","CLE","TE",22,-5
"weighted","11244","TE",112.197350993377,7.21248916810278,1.56142384105961,107.420172284765,117.342492060309,5.96589403973509,13.4126726149244,-0.632827496308153,83,77,95,11,4,106.76,11.55,1.84,110.0275,16.2427635810536,-27.0275,"Travis","Kelce","KCC","TE",37,7
"weighted","15329","TE",110.635927152318,10.2884036662643,4.40447019867548,103.821422229739,117.975319556617,4.40447019867548,9.81392255989793,0,88,81,94,12,4,89.93,8.68,1.55,86.05,12.212194724946,1.95,"Kyle","Pitts","ATL","TE",26,-1
"weighted","16213","TE",106.231456953642,18.4554869889689,1.01423841059605,94.007499669841,119.396964977849,0,0,1.42164542123197,94,94,92,13,4,101.7,10.56,2.97,120.7375,17.1878276332409,-26.7375,"Dalton","Kincaid","BUF","TE",27,-3
"weighted","15798","TE",105.217218543046,27.86000717875,6.07549668874172,86.764194903898,125.091586978055,-1.01423841059605,-7.24330476594308,7.11626742143847,95,104,83,14,5,116.67,13.05,3.78,116.6725,13.5567278039356,-21.6725,"Isaiah","Likely","NYG","TE",26,-2
"weighted","12676","TE",99.1417218543046,9.19238815542512,2.03807947019868,93.0531607550932,105.699254586668,-7.08973509933777,-0.954338914747808,-12.2760649699489,103,95,109,15,5,152.16,17.75,2.49,142.62,9.193962692985,-39.62,"Hunter","Henry","NEP","TE",32,4
"weighted","16269","TE",97.103642384106,19.4454364826301,2.59834437086093,84.223993905005,110.975346241029,-9.12781456953645,-9.78350576483611,-6.99997331558841,105,111,102,16,5,156.67,18.38,2.53,154.79,8.27181157103247,-49.79,"Brenton","Strange","JAC","TE",26,-3
"weighted","15799","TE",94.505298013245,6.92964645562815,4.32152317880794,89.9154596461472,99.4486688422574,-11.7261589403974,-4.09204002369383,-18.5266507143595,112,100,119,17,6,134.29,15.66,2.32,130.2575,14.1513716208006,-18.2575,"Jake","Ferguson","DAL","TE",27,-2
"weighted","14861","TE",90.1837748344371,20.1525432638166,4.58443708609272,76.8357755015506,104.559904286157,-16.0476821192053,-17.1717241682905,-13.4154152704601,119,122,110,18,6,143.89,16.68,3.19,142.6725,11.6514706689757,-23.6725,"Juwan","Johnson","NOS","TE",30,0
"weighted","17107","TE",85.5993377483444,3.53553390593274,0.735099337748338,83.0772097743585,87.9410920172718,-20.632119205298,-10.9302898954826,-30.0342275393451,125,114,138,19,6,185.29,21.73,6.14,153.53,26.63,-28.53,"Terrance","Ferguson","LAR","TE",23,-5
"weighted","17543","TE",84.864238410596,1.27279220613579,2.49370860927154,84.0212068737821,85.772204481231,-21.3672185430464,-9.9862927960589,-32.203115075386,127,112,146,20,7,208.92,24.57,5.02,145.613333333333,11.5109291062402,-18.6133333333333,"Kenyon","Sadiq","NYJ","TE",21,-6
"weighted","13772","TE",82.3705298013245,13.5057395206631,2.70761589403972,73.4250284940216,92.0050586619507,-23.8609271523179,-20.5824711758194,-25.9702608946662,128,128,131,21,7,186.84,21.54,3.37,148.886666666667,14.7007150241824,-20.8866666666667,"Dalton","Schultz","HOU","TE",30,2
"weighted","16723","TE",79.6629139072848,15.556349186104,0.018543046357621,69.359195124004,90.7602769928228,-26.5685430463576,-24.6483045458371,-27.2150425637941,136,137,133,22,7,195.52,22.76,2.79,155.84,23.4868303523485,-19.84,"AJ","Barner","SEA","TE",24,-4
"weighted","15331","TE",79.6443708609272,1.97989898732232,0.769205298013247,78.3329884703278,81.0567625263593,-26.5870860927153,-15.6745111995133,-36.9185570302576,137,120,161,23,7,233.09,27.42,4.28,158.335,33.835,-21.335,"Pat","Freiermuth","PIT","TE",28,-1
"weighted","14138","TE",78.8751655629139,4.45477272147526,2.00562913907282,75.6972843156916,81.8257759417625,-27.3562913907285,-18.3102153541494,-36.1495436148544,139,126,159,24,7,220.7,25.43,3.3,147.11,17.81,-8.11000000000001,"T.J.","Hockenson","MIN","TE",29,1
"weighted","12263","TE",76.8695364238411,8.20243866176395,2.28841059602652,71.4366665199294,82.7208733234884,-29.3619205298013,-22.5708331499117,-35.2544462331285,142,132,156,25,7,261.13,32.39,8.03,NA,NA,NA,"Darren","Waller","CAR","TE",34,5
"weighted","15802","TE",74.5811258278146,27.3650324319194,0.306291390728475,56.455947786316,94.1023963464656,-31.6503311258278,-37.551551883525,-23.8729232101513,148,155,126,26,7,245.25,29.26,3.07,204.93,NA,-56.93,"Cade","Otton","TBB","TE",27,-2
"weighted","15797","TE",74.2748344370861,15.1320851173921,0.0811258278145601,64.2521261660766,85.0695421657458,-31.9566225165563,-29.7553735037645,-32.9057773908711,149,149,147,27,7,213.49,24.96,5.02,161.865,29.865,-12.865,"Greg","Dulcich","MIA","TE",26,-2
"weighted","15889","TE",74.1937086092715,9.12167747730647,3.35629139072849,68.1519825954387,80.7007987821552,-32.0377483443709,-25.8555170744024,-37.2745207744617,150,141,162,28,8,169.76,19.85,2.98,155.41,NA,-5.41,"Chigoziem","Okonkwo","WAS","TE",27,-2
"weighted","13192","TE",70.837417218543,7.56604255869606,6.01655629139071,65.8260630830383,76.2347710828729,-35.3940397350994,-28.1814365868028,-41.740548473744,153,147,171,29,8,245.43,29.8,5.4,158.91,34.51,-5.91,"David","Njoku","LAC","TE",30,3
"weighted","17099","TE",64.8208609271523,25.9508188695463,1.50264900662252,47.6323845932248,83.333280256209,-41.4105960264901,-46.3751150766163,-34.6420393004079,162,165,154,30,8,189.71,22.61,5.02,161.26,NA,0.740000000000009,"Oronde","Gadsden","LAC","TE",23,-5
"weighted","13672","TE",63.3182119205298,11.8086832458153,1.22781456953643,55.4967526623121,71.7421193536428,-42.9132450331126,-38.510747007529,-46.2332002029741,163,157,181,31,8,267.9,33.16,4.14,NA,NA,NA,"Mike","Gesicki","CIN","TE",31,2
"weighted","17105","TE",62.0903973509934,8.55599205235723,0.037417218543041,55.9868476539475,67.7574426817978,-44.141059602649,-38.0206520158936,-50.2178768748191,166,156,188,32,8,236.95,28.16,3.89,181.06,NA,-15.06,"Gunnar","Helm","TEN","TE",24,-5
"weighted","13189","TE",62.0529801324503,5.23259018078046,2.34470198675497,58.5871838144377,65.7857295339495,-44.1784768211921,-35.4203158554034,-52.1895900226674,167,154,193,33,9,262.15,32.73,3.38,201.45,NA,-34.45,"Evan","Engram","DEN","TE",32,3
"weighted","14871","TE",59.7082781456954,22.8395490323255,5.40827814569537,44.580545568424,76.0012248576444,-46.523178807947,-49.4269541014171,-41.9740946989725,172,175,173,34,9,259.13,31.98,3.7,161.66,NA,10.34,"Colby","Parkinson","LAR","TE",27,0
"weighted","15626","TE",54.3,NA,0.948013245033103,NA,NA,-51.9314569536424,NA,NA,179,NA,NA,35,9,NA,78.6,11.64,NA,NA,NA,"Brock","Wright","DET","TE",28,-1
"weighted","16649","TE",53.3519867549669,21.2839141137151,2.15198675496689,39.2546260560236,68.5351971583621,-52.8794701986755,-54.7528736138175,-49.4401223982548,182,185,187,36,10,273.19,34.48,5.08,NA,NA,NA,"Theo","Johnson","NYG","TE",25,-4
"weighted","15873","TE",51.2,NA,0.0751655629139165,NA,NA,-55.0314569536424,NA,NA,188,NA,NA,37,10,354.92,55.44,7.21,NA,NA,NA,"Daniel","Bellinger","TEN","TE",26,-2
"weighted","17106","TE",51.1248344370861,25.809397513309,0.0950331125827688,34.0300282739156,69.5363686471833,-55.1066225165563,-59.9774713959254,-48.4389509094336,189,190,185,38,10,280.14,36.02,4.4,NA,NA,NA,"Mason","Taylor","NYJ","TE",22,-5
"weighted","14143","TE",51.0298013245033,9.61665222413705,4.42284768211921,44.6602297130206,57.889989413745,-55.2016556291391,-49.3472699568204,-60.0853301428719,190,174,209,39,10,318.32,43.44,5.06,NA,NA,NA,"Dawson","Knox","BUF","TE",30,1
"weighted","12678","TE",46.6069536423841,37.1231060122938,2.23841059602649,22.0185338186458,73.0892973692362,-59.6245033112583,-71.9889658511953,-44.8860221873807,203,205,178,40,10,316.81,44.02,6.52,NA,NA,NA,"Tyler","Higbee","LAR","TE",33,4
"weighted","16212","TE",44.3685430463576,2.89913780286485,0.468543046357617,42.4483045458371,46.4366879850261,-61.8629139072848,-51.559195124004,-71.5386315715908,210,177,228,41,10,302.45,40.3,5.33,NA,NA,NA,"Michael","Mayer","LVR","TE",25,-3
"weighted","17593","TE",43.9,NA,0.654966887417217,NA,NA,-62.3314569536424,NA,NA,212,NA,NA,42,10,336,62,14.3,NA,NA,NA,"Marlin","Klein","HOU","TE",24,-6
"weighted","16216","TE",43.2450331125828,5.51543289325507,0.845033112582776,39.5918964530559,47.1795527520008,-62.9864238410596,-54.4156032167851,-70.7957668046161,214,183,226,43,10,290.21,37.75,5.41,NA,NA,NA,"Darnell","Washington","PIT","TE",25,-3
"weighted","16483","TE",42.4,NA,0.300000000000004,NA,NA,-63.8314569536424,NA,NA,216,NA,NA,44,10,NA,97.4,6.44,NA,NA,NA,"Ben","Sims","MIA","TE",26,-3
"weighted","16219","TE",42.1,NA,2,NA,NA,-64.1314569536424,NA,NA,217,NA,NA,45,11,NA,82.6,10.19,NA,NA,NA,"Davis","Allen","LAR","TE",25,-3
"weighted","14870","TE",40.1,NA,1.43112582781457,NA,NA,-66.1314569536424,NA,NA,220,NA,NA,46,11,371.4,63.14,9.49,NA,NA,NA,"Adam","Trautman","DEN","TE",29,0
"weighted","16645","TE",38.6688741721854,4.66690475583121,0.168874172185433,35.5777585372012,41.9980830978468,-67.562582781457,-58.4297411326399,-75.9772364587701,224,189,234,47,11,318.08,44.03,7.97,NA,NA,NA,"Erick","All","CIN","TE",26,-4
"weighted","16215","TE",38.5,NA,0.0999999999999943,NA,NA,-67.7314569536424,NA,NA,226,NA,NA,48,11,351.83,55.17,6.75,NA,NA,NA,"Luke","Musgrave","GBP","TE",26,-3
"weighted","17108","TE",38.4,NA,0.0231788079470263,NA,NA,-67.8314569536424,NA,NA,227,NA,NA,49,11,303.11,40.29,5.48,NA,NA,NA,"Elijah","Arroyo","SEA","TE",23,-5
"weighted","15795","TE",38.376821192053,25.7386868351903,3.37682119205298,21.3288501142611,56.7379128426705,-67.8546357615894,-72.67864955558,-61.2374067139464,228,210,211,50,11,273.66,37.11,11.17,NA,NA,NA,"Charlie","Kolar","LAC","TE",27,-2
"weighted","15804","TE",35,NA,0.619867549668868,NA,NA,-71.2314569536424,NA,NA,239,NA,NA,51,11,NA,103,16,NA,NA,NA,"Grant","Calcaterra","PHI","TE",28,-2
"weighted","14867","TE",34.3801324503311,0.707106781186548,0.172516556291399,33.9117815965456,34.8845580451283,-71.8513245033113,-60.0957180732954,-83.0907615114886,242,191,238,52,11,316.77,42.64,4.74,NA,NA,NA,"Cole","Kmet","CHI","TE",27,0
"weighted","14209","TE",34.2076158940397,19.3040151263928,0.699999999999996,21.4216375856958,47.9784346320028,-72.0238410596027,-72.5858620841452,-69.9968849246141,243,208,220,53,11,361.2,58.2,7.48,NA,NA,NA,"Josh","Oliver","MIN","TE",29,1
"weighted","17605","TE",33.5076158940397,19.3040151263927,0.507615894039738,20.7216375856958,47.2784346320028,-72.7238410596027,-73.2858620841452,-70.6968849246141,247,212,224,54,11,330.67,63.91,8.22,NA,NA,NA,"Will","Kacmarek","MIA","TE",23,-6
"weighted","17591","TE",33,NA,1.4,NA,NA,-73.2314569536424,NA,NA,248,NA,NA,55,11,362.2,65.4,7.55,NA,NA,NA,"Nate","Boerkircher","JAC","TE",25,-6
"weighted","15796","TE",31.6,NA,2.69635761589404,NA,NA,-74.6314569536424,NA,NA,251,NA,NA,56,12,NA,80.17,15.44,NA,NA,NA,"Jeremy","Ruckert","NYJ","TE",26,-2
"weighted","17544","TE",28.903642384106,19.4454364826301,0.10364238410596,16.0239939050049,42.7753462410285,-77.3278145695364,-77.9835057648361,-75.1999733155884,257,221,233,57,12,281.13,37.07,7.18,152.82,NA,104.18,"Eli","Stowers","PHI","TE",23,-6
"weighted","16474","TE",28.8,NA,1.01887417218543,NA,NA,-77.4314569536424,NA,NA,258,NA,NA,58,12,NA,95.5,23.08,NA,NA,NA,"Nate","Adkins","DEN","TE",27,-3
"weighted","15332","TE",27.7811258278146,6.01040764008566,0.0526490066225165,23.8001435706379,32.0687433835906,-78.4503311258278,-70.2073560992032,-85.9065761730263,260,202,241,59,12,338.25,53.81,8.75,NA,NA,NA,"Tommy","Tremble","CAR","TE",26,-1
"weighted","14137","TE",27.7284768211921,23.9002092041053,0.315562913907286,11.8982179632424,44.7780619253369,-78.5029801324503,-82.1092817065986,-73.19725763128,261,227,231,60,12,350.7,53.96,5.83,NA,NA,NA,"Noah","Fant","NOS","TE",29,1
"weighted","12677","TE",27.4129139072848,4.87903679018718,1.06655629139074,24.1812930161649,30.8934505113853,-78.8185430463576,-69.8262066536762,-87.0818690452316,264,201,242,61,12,352,54.46,9.11,NA,NA,NA,"Austin","Hooper","ATL","TE",32,4
"weighted","15337","TE",26.346357615894,8.76812408671319,0.0463576158940349,20.091480240409,32.1539082028341,-79.8850993377484,-73.9160194294321,-85.8214113537828,266,213,240,62,12,326.2,45.09,5.13,NA,NA,NA,"Noah","Gray","KCC","TE",27,-1
"weighted","17109","TE",26.3,NA,0.699999999999999,NA,NA,-79.9314569536424,NA,NA,267,NA,NA,63,12,353.81,53.95,7.1,NA,NA,NA,"Mitchell","Evans","CAR","TE",23,-5
"weighted","14984","TE",25.6,NA,0.346026490066226,NA,NA,-80.6314569536424,NA,NA,268,NA,NA,64,12,NA,112.8,18.96,NA,NA,NA,"Charlie","Woerner","ATL","TE",29,0
"weighted","17607","TE",25.2539735099338,10.5358910396796,0.0539735099337726,18.27554578853,32.7699148724118,-80.9774834437086,-75.7319538813111,-85.2054046842051,269,217,239,65,12,317.69,44.97,8.74,192.82,NA,76.18,"Eli","Raridon","NEP","TE",22,-6
"weighted","14239","TE",25.2,NA,1,NA,NA,-81.0314569536424,NA,NA,271,NA,NA,66,12,NA,70,4.24,NA,NA,NA,"Foster","Moreau","HOU","TE",29,1
"weighted","16644","TE",24.2,NA,0.200000000000003,NA,NA,-82.0314569536424,NA,NA,273,NA,NA,67,12,354.71,55.62,8.43,NA,NA,NA,"Ben","Sinnott","WAS","TE",24,-4
"weighted","17213","TE",24,NA,0.199999999999999,NA,NA,-82.2314569536424,NA,NA,274,NA,NA,68,12,364,60.9,6.44,NA,NA,NA,"Jackson","Hawes","BUF","TE",26,-5
"weighted","16796","TE",23.8,NA,0.0556291390728454,NA,NA,-82.4314569536424,NA,NA,275,NA,NA,69,12,NA,115,20.72,NA,NA,NA,"Devin","Culp","TBB","TE",26,-4
"weighted","16643","TE",23.7443708609272,1.97989898732233,0.671854304635762,22.4329884703278,25.1567625263593,-82.4870860927153,-71.5745111995133,-92.8185570302576,276,203,245,70,12,328.26,47.25,7.16,NA,NA,NA,"Ja'Tavion","Sanders","CAR","TE",23,-4
"weighted","16333","TE",23.0725165562914,2.75771644662754,0.326821192052979,21.245948226528,25.0397763760004,-83.158940397351,-72.7615514433131,-92.9355431806165,278,211,246,71,12,363,57.86,6.36,NA,NA,NA,"Elijah","Higgins","ARI","TE",26,-3
"weighted","15344","TE",22.7456953642384,9.05096679918781,1.24569536423841,16.7508044357841,29.2023429776424,-83.485761589404,-77.2566952340569,-88.7729765789745,280,219,243,72,12,330.25,58.67,14.01,NA,NA,NA,"John","Bates","WAS","TE",29,-1
"weighted","12680","TE",21.5,NA,0.5,NA,NA,-84.7314569536424,NA,NA,283,NA,NA,73,12,NA,NA,NA,NA,NA,NA,"Nick","Vannett","SEA","TE",33,4
"weighted","15334","TE",21,NA,0.399999999999999,NA,NA,-85.2314569536424,NA,NA,284,NA,NA,74,12,NA,129.75,6.18,NA,NA,NA,"Hunter","Long","JAC","TE",28,-1
"weighted","14146","TE",20.6,NA,0.828145695364238,NA,NA,-85.6314569536424,NA,NA,285,NA,NA,75,12,371.33,78,18.93,NA,NA,NA,"Drew","Sample","CIN","TE",30,1
"weighted","16642","TE",19.7718543046358,0.777817459305201,0.471854304635762,19.2169861503589,20.2870402437998,-86.4596026490066,-74.7905135194822,-97.6882793128171,286,215,248,76,13,359.5,82.4,19,NA,NA,NA,"Cade","Stover","HOU","TE",26,-4
"weighted","16221","TE",19.3,NA,0.5,NA,NA,-86.9314569536424,NA,NA,287,NA,NA,77,13,379.5,66.88,5.21,NA,NA,NA,"Luke","Schoonmaker","DAL","TE",28,-3
"weighted","16249","TE",18.8,NA,0.300000000000001,NA,NA,-87.4314569536424,NA,NA,290,NA,NA,78,13,NA,NA,NA,NA,NA,NA,"Zack","Kuntz","DAL","TE",27,-3
"weighted","16220","TE",18.5,NA,0.199999999999999,NA,NA,-87.7314569536424,NA,NA,292,NA,NA,79,13,NA,120.5,5.22,NA,NA,NA,"Will","Mallory","IND","TE",27,-3
"weighted","17545","TE",18.3,NA,1,NA,NA,-87.9314569536424,NA,NA,293,NA,NA,80,13,NA,88.43,30.57,NA,NA,NA,"Jack","Endries","CIN","TE",22,-6
"weighted","15991","TE",17.3,NA,0.199999999999999,NA,NA,-88.9314569536424,NA,NA,294,NA,NA,81,13,NA,121.25,17.63,NA,NA,NA,"Tanner","Conner","NYG","TE",28,-2
"weighted","17660","TE",17.3,NA,0,NA,NA,-88.9314569536424,NA,NA,294,NA,NA,81,13,NA,83.83,14.85,NA,NA,NA,"Bauer","Sharp","TBB","TE",23,-6
"weighted","16765","TE",17.1,NA,0.100000000000001,NA,NA,-89.1314569536424,NA,NA,295,NA,NA,82,13,NA,NA,NA,NA,NA,NA,"Tanner","McLachlan","FA","TE",27,-4
"weighted","17644","TE",17.1,NA,0,NA,NA,-89.1314569536424,NA,NA,295,NA,NA,82,13,351.6,62.56,7.79,NA,NA,NA,"Tanner","Koziol","JAC","TE",23,-6
"weighted","14370","TE",17,NA,0.100000000000001,NA,NA,-89.2314569536424,NA,NA,296,NA,NA,83,13,382.67,80.5,19.77,NA,NA,NA,"Tanner","Hudson","CIN","TE",32,2
"weighted","15905","TE",16.9,NA,0.399999999999999,NA,NA,-89.3314569536424,NA,NA,297,NA,NA,84,13,NA,111.25,9.81,NA,NA,NA,"Teagan","Quitoriano","ARI","TE",26,-2
"weighted","16447","TE",16.9,NA,0,NA,NA,-89.3314569536424,NA,NA,297,NA,NA,84,13,NA,NA,NA,NA,NA,NA,"Travis","Vokolek","ARI","TE",28,-3
"weighted","17548","TE",16.5,NA,0.199999999999999,NA,NA,-89.7314569536424,NA,NA,301,NA,NA,85,13,332.14,48.76,8.49,NA,NA,NA,"Justin","Joly","DEN","TE",22,-6
"weighted","17699","TE",16.5,NA,0,NA,NA,-89.7314569536424,NA,NA,301,NA,NA,85,13,NA,NA,NA,NA,NA,NA,"Dallen","Bentley","DEN","TE",26,-6
"weighted","13919","TE",16.3,NA,0.0480132450331112,NA,NA,-89.9314569536424,NA,NA,303,NA,NA,86,13,NA,NA,NA,NA,NA,NA,"Anthony","Firkser","FA","TE",31,2
"weighted","16036","TE",16.2519867549669,0.0707106781186533,0.151986754966888,16.2015441954872,16.2988218403454,-89.9794701986755,-77.8059554743539,-101.676497716271,304,220,250,87,13,284.05,36.68,5.64,193.06,NA,110.94,"Jake","Tonges","SFO","TE",27,-2
"weighted","17243","TE",16.1,NA,0.300000000000001,NA,NA,-90.1314569536424,NA,NA,305,NA,NA,88,13,NA,89.75,19.12,NA,NA,NA,"Thomas","Fidone","NYG","TE",24,-5
"weighted","16646","TE",15.8,NA,0.0999999999999996,NA,NA,-90.4314569536424,NA,NA,307,NA,NA,89,13,NA,96.67,35.12,NA,NA,NA,"Jaheim","Bell","PIT","TE",25,-4
"weighted","17651","TE",15.7,NA,0.0999999999999996,NA,NA,-90.5314569536424,NA,NA,308,NA,NA,90,13,NA,81.6,11.24,NA,NA,NA,"Josh","Cuevas","BAL","TE",23,-6
"weighted","17566","TE",15.6,NA,0.0999999999999996,NA,NA,-90.6314569536424,NA,NA,309,NA,NA,91,13,NA,91,9.83,NA,NA,NA,"Joe","Royer","CLE","TE",24,-6
"weighted","14341","TE",15.5,NA,0.400000000000002,NA,NA,-90.7314569536424,NA,NA,310,NA,NA,92,13,NA,NA,NA,NA,NA,NA,"Donald","Parham","PIT","TE",29,1
"weighted","16218","TE",15.1,NA,0.199999999999999,NA,NA,-91.1314569536424,NA,NA,312,NA,NA,93,13,NA,89.2,10.3,NA,NA,NA,"Payne","Durham","TBB","TE",26,-3
"weighted","15970","TE",14.9,NA,0.0999999999999996,NA,NA,-91.3314569536424,NA,NA,313,NA,NA,94,13,NA,122.75,15.56,NA,NA,NA,"Lucas","Krull","DEN","TE",28,-2
"weighted","17655","TE",14.8,NA,0.199999999999999,NA,NA,-91.4314569536424,NA,NA,314,NA,NA,95,13,NA,94,26.03,NA,NA,NA,"Seydou","Traore","MIA","TE",24,-6
"weighted","15925","TE",14.6,NA,3.64602649006623,NA,NA,-91.6314569536424,NA,NA,315,NA,NA,96,13,NA,NA,NA,NA,NA,NA,"John","FitzPatrick","GBP","TE",26,-2
"weighted","16312","TE",14.6,NA,0,NA,NA,-91.6314569536424,NA,NA,315,NA,NA,96,13,NA,92,23.49,NA,NA,NA,"Josh","Whyle","GBP","TE",27,-3
"weighted","17547","TE",10.9539735099338,10.5358910396796,0,3.97554578852995,18.4699148724118,-95.2774834437086,-90.0319538813111,-99.5054046842051,319,236,249,97,13,321.56,46.28,10.68,NA,NA,NA,"Max","Klare","LAR","TE",23,-6
