"avg_type","id","pos","points","sd_pts","dropoff","floor","ceiling","points_vor","floor_vor","ceiling_vor","rank","floor_rank","ceiling_rank","pos_rank","tier","overall_ecr","pos_ecr","sd_ecr","adp","adp_sd","adp_diff","first_name","last_name","team","position","age","exp"
"average","13593","QB",356.4845,27.5390273551312,4.08350000000002,334.226,389.3347,89.7055,74.81,114.0106,14,17,8,1,1,26.63,1.71,0.7,18.2983333333333,9.87344319655284,-4.29833333333333,"Lamar","Jackson","BAL","QB",28,2
"average","13589","QB",352.401,22.9145055368865,13.813,330.492,378.2146,85.622,71.076,102.8905,15,19,12,2,2,26.16,1.5,0.59,17.9366666666667,8.37596893234183,-2.93666666666667,"Josh","Allen","BUF","QB",29,2
"average","16581","QB",338.588,14.1964649120829,0.0319999999999254,323.8438,352.453,71.809,64.4277999999999,77.1289,20,22,19,3,2,34.22,3.52,0.86,35.3433333333333,27.6183216160738,-15.3433333333333,"Jayden","Daniels","WAS","QB",25,-4
"average","14783","QB",338.556,15.8481850906237,21.3805,320.5536,353.036,71.777,61.1376,77.7119000000001,21,25,18,4,3,36.56,3.72,0.83,30.7766666666667,9.95844476925098,-9.77666666666667,"Jalen","Hurts","PHI","QB",27,0
"average","14777","QB",317.1755,20.2231570482949,17.0025,299.718,340.9113,50.3965,40.3019999999999,65.5872,38,40,31,5,4,46.53,4.59,0.72,32.1233333333333,16.6667239999014,5.87666666666667,"Joe","Burrow","CIN","QB",29,0
"average","13116","QB",300.173,7.57242955288018,5.15649999999999,291.5298,306.88,33.394,32.1138,31.5559,52,50,56,6,5,64.17,7.16,1.63,43.4866666666667,14.0674549542157,8.51333333333333,"Patrick","Mahomes","KCC","QB",30,3
"average","14056","QB",295.0165,15.7454042712998,7.03749999999997,284.004,314.1259,28.2375,24.588,38.8018000000001,59,56,50,7,6,79.66,10.28,2.26,69.9116666666667,21.1161181854578,-10.9116666666667,"Kyler","Murray","ARI","QB",28,1
"average","13590","QB",287.979,9.96989622145921,2.01750000000004,276.8634,297.668,21.2,17.4474,22.3439,61,67,63,8,7,69.72,8.1,2.26,65.8983333333333,27.6302493755586,-4.89833333333333,"Baker","Mayfield","TBB","QB",30,2
"average","16582","QB",285.9615,5.9639524645993,0.529499999999985,279.9099,291.409,19.1825,20.4938999999999,16.0849,65,61,73,9,7,75.91,9.19,2.39,75.785,26.903300138335,-10.785,"Bo","Nix","DEN","QB",25,-4
"average","15698","QB",285.432,8.63658512762229,5.99950000000001,276.2472,292.654,18.653,16.8312,17.3299,67,69,70,10,8,90.7,11.59,2.91,91.0183333333333,23.4081612667225,-24.0183333333333,"Brock","Purdy","SFO","QB",26,-2
"average","15238","QB",279.4325,12.9945921444268,11.439,267.0435,293.918,12.6535,7.62749999999994,18.5939,77,79,69,11,9,89.95,12.29,4.48,96.8583333333333,20.9755209841271,-19.8583333333333,"Justin","Fields","NYJ","QB",26,-1
"average","14779","QB",267.9935,6.8611667375163,1.21450000000004,260.826,275.3241,1.21450000000004,1.40999999999997,0,91,90,94,12,9,97.47,13.16,3.28,111.201666666667,27.8610806303146,-20.2016666666667,"Justin","Herbert","LAC","QB",27,0
"average","12620","QB",266.779,13.2816767515752,3.86349999999999,255.9074,282.426,0,-3.50860000000011,7.1019,94,102,81,13,10,93.84,12.57,3.14,86.8633333333333,21.5166963593908,7.13666666666667,"Dak","Prescott","DAL","QB",32,4
"average","12611","QB",262.9155,10.948592649286,0.234500000000025,249.7203,269.733,-3.86349999999999,-9.69570000000004,-5.59109999999998,105,112,103,14,10,101.56,14.43,3.7,93.6166666666667,21.8335167931223,11.3833333333333,"Jared","Goff","DET","QB",31,4
"average","16579","QB",262.681,4.05241705652318,9.59049999999996,259.416,267.5266,-4.09800000000001,0,-7.79749999999996,109,94,112,15,11,98.14,13.17,3.05,96.87,21.2973910765302,12.13,"Caleb","Williams","CHI","QB",24,-4
"average","16150","QB",253.0905,3.11487415476131,1.15700000000004,250.4,256.7603,-13.6885,-9.01600000000002,-18.5638,127,109,139,16,11,120.83,18.47,2.86,100.68,40.1302579109579,26.32,"C.J.","Stroud","HOU","QB",24,-3
"average","16584","QB",251.9335,10.7239847538123,0.774999999999977,239.375,261.1831,-14.8455,-20.0410000000001,-14.141,130,140,126,17,11,128.53,19.28,3.39,120.546,29.0893235397456,9.45399999999999,"J.J.","McCarthy","MIN","QB",22,-4
"average","14782","QB",251.1585,9.09851319355716,2.87349999999998,244.06,261.9551,-15.6205,-15.3560000000001,-13.369,132,121,125,18,11,108,15.52,2.73,107.965,33.8600525447515,24.035,"Jordan","Love","GBP","QB",27,0
"average","15237","QB",248.285,6.97449400793109,2.58900000000003,241.874,256.131,-18.494,-17.542,-19.1931,138,128,141,19,12,116.84,17.67,2.35,128.451666666667,28.2538749063243,9.54833333333332,"Trevor","Lawrence","JAC","QB",26,-1
"average","16580","QB",245.696,6.58157509010319,3.63400000000001,239.8046,251.551,-21.083,-19.6114000000001,-23.7731,142,139,149,20,13,107.3,15.12,2.66,126.318,35.1088167843919,15.682,"Drake","Maye","NEP","QB",23,-4
"average","9431","QB",242.062,17.7312985800063,2.15199999999999,221.3052,256.88,-24.717,-38.1108,-18.4441,148,166,138,21,13,144.03,22.57,2.18,146.381666666667,25.1069050373708,1.61833333333331,"Matthew","Stafford","LAR","QB",37,11
"average","14778","QB",239.91,16.2905494075553,1.3595,223.081,256.921,-26.869,-36.3350000000001,-18.4031,154,163,137,22,13,137.39,21.74,1.92,134.25,24.1565036101392,19.75,"Tua","Tagovailoa","MIA","QB",27,0
"average","11150","QB",238.5505,17.0219157069154,5.63649999999998,220.5153,254.891,-28.2285,-38.9007,-20.4331,156,167,143,23,14,170.78,24.22,2.51,145.352,26.5017066620246,10.648,"Geno","Smith","LVR","QB",35,7
"average","16583","QB",232.914,7.05916217880469,0.561000000000007,224.6904,239.228,-33.865,-34.7256,-36.0961,167,160,180,24,14,156.63,23.71,2.19,144.758,32.991439131993,22.242,"Michael","Penix Jr.","ATL","QB",25,-4
"average","16148","QB",232.353,15.2251855817918,11.6195,215.5008,247.451,-34.426,-43.9152000000001,-27.8731,168,175,161,25,15,150.84,23.38,2.31,138.06,39.2633578119175,29.94,"Bryce","Young","CAR","QB",24,-3
"average","13592","QB",220.7335,8.00168871759788,1.54199999999997,212.457,227.8571,-46.0455,-46.9590000000001,-47.467,193,186,200,26,16,191.17,25.9,2.37,153.53,37.4333466310454,39.47,"Sam","Darnold","SEA","QB",28,2
"average","17030","QB",219.1915,12.7622336994744,2.62550000000002,204.63,231.2589,-47.5875,-54.7860000000001,-44.0652,197,201,191,27,16,204.5,26.72,1.75,153.7775,46.8173853258594,43.2225,"Cam","Ward","TEN","QB",23,-5
"average","7836","QB",216.566,5.48898873503429,35.3865,212.4856,223.186,-50.213,-46.9304,-52.1381,202,185,207,28,17,212.95,27.29,2.66,147.3275,27.3190706055312,54.6725,"Aaron","Rodgers","PIT","QB",42,15
"average","16152","QB",181.1795,26.2877979488583,17.255,156.397,211.1707,-85.5995,-103.019,-64.1534,358,464,242,29,18,241.94,28.41,3.56,128.41,53.7576613144582,229.59,"Anthony","Richardson","IND","QB",23,-3
"average","10703","QB",163.9245,47.6259430807762,15.3245,113.176,213.7147,-102.8545,-146.24,-61.6094,422,534,231,30,19,264.19,29.83,1.59,144.026666666667,20.7690817215291,277.973333333333,"Russell","Wilson","NYG","QB",37,8
"average","17039","QB",148.6,11.3465883271875,43.7420327700973,138.31,161.326,-118.179,-121.106,-113.9981,502,533,432,31,20,290.25,32.33,1.92,145.26,NA,356.74,"Tyler","Shough","NOS","QB",26,-5
"average","9064","QB",104.857967229903,10.9394693782836,18.4439672299027,92.0590885816692,114.525,-161.921032770097,-167.356911418331,-160.7991,532,535,535,32,21,295,33.19,3.86,184.75,46.75,347.25,"Joe","Flacco","CLE","QB",40,12
"average","14059","QB",86.414,28.2919538149394,27.0365,52.68,108.0464,-180.365,-206.736,-167.2777,533,536,537,33,22,276.98,30.96,1.88,181.53,NA,351.47,"Daniel","Jones","IND","QB",28,1
"average","15692","QB",59.3775,28.4254725847552,0.947000000000003,37.614,93.5205,-207.4015,-221.802,-181.8036,534,538,538,34,22,345.23,39.92,5.08,217,NA,317,"Kenny","Pickett","CLE","QB",27,-2
"average","16586","QB",58.4305,14.057375324007,0.419999999999995,48.486,75.4863,-208.3485,-210.93,-199.8378,535,537,539,35,22,328.73,36.93,2.73,220.4,NA,314.6,"Spencer","Rattler","NOS","QB",25,-4
"average","17032","QB",58.0105,47.7202200434994,23.3627357852826,15.0213,112.675,-208.7685,-244.3947,-162.6491,536,540,536,36,23,306.07,33.44,1.68,119.92,NA,416.08,"Jaxson","Dart","NYG","QB",22,-5
"average","17037","QB",34.6477642147174,29.3447326207114,1.94703767620454,7.95875852883045,68.1019,-232.131235785283,-251.45724147117,-207.2222,537,559,540,37,24,343.65,40.19,5.35,209.5,NA,327.5,"Dillon","Gabriel","CLE","QB",25,-5
"average","17033","QB",32.7007265385129,8.96123390934787,6.51647668741104,25.0355,43.2839359231077,-234.078273461487,-234.3805,-232.040164076892,538,539,542,38,25,329.17,36.97,2.43,149.94,NA,388.06,"Jalen","Milroe","SEA","QB",23,-5
"average","17031","QB",26.1842498511018,20.9561019088514,9.79024985110184,5.01784991066111,49.1087,-240.594750148898,-254.398150089339,-226.2154,539,576,541,39,26,322.98,36.12,2.83,181.94,NA,357.06,"Shedeur","Sanders","CLE","QB",23,-5
"average","12140","QB",16.394,6.90846350500602,0.358666666666668,11.7042,23.2062,-250.385,-247.7118,-252.1179,540,543,543,40,26,344.75,40.83,7.45,NA,NA,NA,"Jameis","Winston","NYG","QB",31,5
"average","15694","QB",16.0353333333333,3.28197887460193,2.12533333333333,12.8126,18.4106,-250.743666666667,-246.6034,-256.9135,541,541,544,41,26,362.5,47.67,4.73,NA,NA,NA,"Malik","Willis","GBP","QB",26,-2
"average","14358","QB",13.91,5.07702668891941,1.219,10.679,17.141,-252.869,-248.737,-258.1831,542,545,545,42,26,388.67,47.67,4.85,NA,NA,NA,"Jake","Browning","CIN","QB",29,1
"average","12141","QB",12.691,0.0975807358037422,0.567000000000002,12.6289,12.7531,-254.088,-246.7871,-262.571,543,542,550,43,26,369,45.43,3.5,NA,NA,NA,"Marcus","Mariota","WAS","QB",32,5
"average","15239","QB",12.124,1.54997806436091,0.594999999999999,11.1376,13.1104,-254.655,-248.2784,-262.2137,544,544,548,44,27,332.5,48.82,4.51,NA,NA,NA,"Zach","Wilson","MIA","QB",26,-1
"average","11760","QB",11.529,1.51462272530159,0.367999999999999,10.5651,12.4929,-255.25,-248.8509,-262.8312,545,546,552,45,27,NA,51.89,5.76,NA,NA,NA,"Jimmy","Garoppolo","LAR","QB",34,6
"average","12616","QB",11.161,2.28961175748204,0.0679999999999996,9.7039,12.6181,-255.618,-249.7121,-262.706,546,549,551,46,27,NA,60.43,5.07,NA,NA,NA,"Jacoby","Brissett","ARI","QB",33,4
"average","16159","QB",11.093,1.42411305730971,0.0460000000000012,10.1867,11.9993,-255.686,-249.2293,-263.3248,547,548,555,47,27,333,50.29,10.52,NA,NA,NA,"Aidan","O'Connell","LVR","QB",27,-3
"average","16585","QB",11.047,2.76195908731466,0.0396666666666672,9.2893,12.8047,-255.732,-250.1267,-262.5194,548,551,549,48,27,371.67,43.67,2.81,214.5,4.5,333.5,"Joe","Milton","DAL","QB",25,-4
"average","13968","QB",11.0073333333333,3.49251218084252,0.457333333333333,8.9678,14.438,-255.771666666667,-250.4482,-260.8861,549,552,547,49,27,NA,58.33,4.99,NA,NA,NA,"Nick","Mullens","JAC","QB",30,3
"average","15241","QB",10.55,0.381837661840735,0.267333333333335,10.307,10.793,-256.229,-249.109,-264.5311,550,547,561,50,27,335.5,47.29,4.82,NA,NA,NA,"Mac","Jones","SFO","QB",27,-1
"average","13595","QB",10.2826666666667,7.98474178250827,0.0106666666666673,2.646,16.8012,-256.496333333333,-256.77,-258.5229,551,581,546,51,27,347.6,45.2,6.19,NA,NA,NA,"Mason","Rudolph","PIT","QB",30,2
"average","16151","QB",10.272,2.92459364698756,0.0069999999999979,8.4108,12.1332,-256.507,-251.0052,-263.1909,552,554,554,52,27,NA,58.88,5.78,NA,NA,NA,"Hendon","Hooker","DET","QB",27,-3
"average","13115","QB",10.265,3.27390439689372,0.376000000000001,8.1815,12.3485,-256.514,-251.2345,-262.9756,553,557,553,53,27,NA,57.63,4.85,NA,NA,NA,"Mitchell","Trubisky","BUF","QB",31,3
"average","16384","QB",9.889,2.95712055892214,0.0459999999999994,8.0071,11.7709,-256.89,-251.4089,-263.5532,554,558,556,54,27,NA,63.38,8.18,NA,NA,NA,"Tyson","Bagent","CHI","QB",25,-3
"average","14063","QB",9.843,2.56962604283191,0.0220000000000002,8.2077,11.4783,-256.936,-251.2083,-263.8458,555,556,558,55,27,NA,61.57,6.59,NA,NA,NA,"Jarrett","Stidham","DEN","QB",29,1
"average","15240","QB",9.821,2.3178960287295,0.177,8.3459,11.2961,-256.958,-251.0701,-264.028,556,555,560,56,27,NA,66.2,8.08,NA,NA,NA,"Trey","Lance","LAC","QB",25,-1
"average","15252","QB",9.644,2.87933881299162,0.0869999999999997,7.8116,11.4764,-257.135,-251.6044,-263.8477,557,560,559,57,27,NA,60.67,4.35,NA,NA,NA,"Davis","Mills","HOU","QB",27,-1
"average","13119","QB",9.557,1.43825519293344,0.0259999999999998,8.6417,10.4723,-257.222,-250.7743,-264.8518,558,553,563,58,27,NA,56.5,5.85,NA,NA,NA,"Joshua","Dobbs","NEP","QB",30,3
"average","14067","QB",9.531,0.0692964645562784,0.303000000000001,9.4869,9.5751,-257.248,-249.9291,-265.749,559,550,569,59,27,NA,50.92,3.95,NA,NA,NA,"Gardner","Minshew","KCC","QB",29,1
"average","13124","QB",9.228,2.39284934753528,0.482000000000001,7.7052,10.7508,-257.551,-251.7108,-264.5733,560,561,562,60,27,374.5,55.63,6.44,NA,NA,NA,"Cooper","Rush","BAL","QB",32,3
"average","15702","QB",8.746,1.91484516345317,0.597999999999999,7.5274,9.9646,-258.033,-251.8886,-265.3595,561,562,565,61,27,NA,55,3,NA,NA,NA,"Tanner","McKee","PHI","QB",25,-3
"average","10948","QB",8.148,3.01510331497944,0.117000000000001,6.2292,10.0668,-258.631,-253.1868,-265.2573,562,566,564,62,27,NA,68.5,3.91,NA,NA,NA,"Case","Keenum","CHI","QB",37,8
"average","15693","QB",8.031,2.84115504680755,0.132,6.2229,9.8391,-258.748,-253.1931,-265.485,563,567,566,63,27,341.5,49.64,4.68,NA,NA,NA,"Sam","Howell","MIN","QB",25,-2
"average","14057","QB",7.899,1.50048058967785,0.268333333333332,6.9441,8.8539,-258.88,-252.4719,-266.4702,564,563,574,64,27,NA,65,2.24,NA,NA,NA,"Drew","Lock","SEA","QB",29,1
"average","10413","QB",7.63066666666667,5.30904335387585,0.160666666666667,2.4552,11.6712,-259.148333333333,-256.9608,-263.6529,565,583,557,65,27,347.89,42.06,4.98,NA,NA,NA,"Tyrod","Taylor","NYJ","QB",36,9
"average","9207","QB",7.47,3.52139177030901,0.0150000000000006,5.229,9.711,-259.309,-254.187,-265.6131,566,572,567,66,27,NA,NA,NA,NA,NA,NA,"Josh","Johnson","WAS","QB",39,12
"average","17034","QB",7.455,3.51432070249714,0.159000000000001,5.2185,9.6915,-259.324,-254.1975,-265.6326,567,573,568,67,27,NA,68.86,7.68,252.5,NA,314.5,"Quinn","Ewers","MIA","QB",22,-5
"average","10313","QB",7.296,0.995606347910658,0.0509999999999993,6.6624,7.9296,-259.483,-252.7536,-267.3945,568,564,576,68,27,NA,56.2,5.64,NA,NA,NA,"Andy","Dalton","CAR","QB",38,9
"average","17240","QB",7.245,3.41532575313102,0.044999999999999,5.0715,9.4185,-259.534,-254.3445,-265.9056,569,574,570,69,27,NA,NA,NA,NA,NA,NA,"Cam","Miller","LVR","QB",24,-5
"average","17227","QB",7.2,3.39411254969543,0.0600000000000005,5.04,9.36,-259.579,-254.376,-265.9641,570,575,571,70,27,NA,NA,NA,NA,NA,NA,"Graham","Mertz","HOU","QB",25,-5
"average","17038","QB",7.14,3.36582827844797,0.119999999999999,4.998,9.282,-259.639,-254.418,-266.0421,571,577,572,71,27,NA,71.4,5.95,NA,NA,NA,"Kyle","McCord","PHI","QB",23,-5
"average","17036","QB",7.02,3.30925973595304,0.0660000000000007,4.914,9.126,-259.759,-254.502,-266.1981,572,578,573,72,27,328.75,50.46,10.28,204.17,NA,367.83,"Will","Howard","PIT","QB",24,-5
"average","12621","QB",6.954,1.16814040252018,0.369,6.2106,7.6974,-259.825,-253.2054,-267.6267,573,568,577,73,28,NA,69.2,8.23,NA,NA,NA,"Brandon","Allen","TEN","QB",33,4
"average","16156","QB",6.585,3.10419876940894,0.327000000000001,4.6095,8.5605,-260.194,-254.8065,-266.7636,574,579,575,74,28,300,60.67,11.88,NA,NA,NA,"Jake","Haener","NOS","QB",26,-3
"average","15242","QB",6.258,NA,0.49,6.258,6.258,-260.521,-253.158,-269.0661,575,565,579,75,28,NA,60.38,12.4,NA,NA,NA,"Kyle","Trask","TBB","QB",27,-1
"average","12476","QB",5.768,NA,0.108,5.768,5.768,-261.011,-253.648,-269.5561,576,569,581,76,28,NA,57.43,9.54,NA,NA,NA,"Taylor","Heinicke","LAC","QB",32,5
"average","13113","QB",5.66,NA,0.42,5.66,5.66,-261.119,-253.756,-269.6641,577,570,582,77,28,278,50.86,17.22,NA,NA,NA,"Deshaun","Watson","CLE","QB",30,3
"average","16153","QB",5.24,NA,0.65,5.24,5.24,-261.539,-254.176,-270.0841,578,571,583,78,28,NA,83,11.2,NA,NA,NA,"Stetson","Bennett","LAR","QB",28,-3
"average","17035","QB",4.59,2.16374675043084,0.553333333333334,3.213,5.967,-262.189,-256.203,-269.3571,579,580,580,79,28,NA,70,5.06,NA,NA,NA,"Riley","Leonard","IND","QB",23,-5
"average","10700","QB",4.03666666666667,3.87407193187392,0.466666666666667,0.221000000000001,6.737,-262.742333333333,-259.195,-268.5871,580,585,578,80,28,336.04,39.93,6.55,184.355,55.755,395.645,"Kirk","Cousins","ATL","QB",37,8
"average","16160","QB",3.57,1.68291413922398,1.34,2.499,4.641,-263.209,-256.917,-270.6831,581,582,584,81,28,NA,73.4,6.92,NA,NA,NA,"Clayton","Tune","ARI","QB",26,-3
"average","14789","QB",2.23,NA,0,2.23,2.23,-264.549,-257.186,-273.0941,582,584,585,82,28,NA,NA,NA,NA,NA,NA,"Tyler","Huntley","CLE","QB",27,0
"average","13604","RB",271.24,6.37503464042877,11.575,264.43,277.714,158.7625,161.868,152.064,1,1,1,1,1,2.48,1.62,1.21,6.02333333333333,4.64157540305253,-5.02333333333333,"Saquon","Barkley","PHI","RB",28,2
"average","16161","RB",259.665,8.44848507130128,0.360000000000014,251.48,269.159,147.1875,148.918,143.509,2,2,3,2,1,2.84,1.88,0.49,3.91166666666667,1.50860218598395,-1.91166666666667,"Bijan","Robinson","ATL","RB",23,-3
"average","12626","RB",259.305,11.1399027524182,5.70249999999999,249.343,272.27,146.8275,146.781,146.62,3,3,2,3,1,8.34,4.13,0.9,11.23,7.51521789437938,-8.23,"Derrick","Henry","BAL","RB",31,4
"average","16162","RB",253.6025,8.6745619485943,23.115,243.74,261.7115,141.125,141.178,136.0615,4,4,4,4,2,6.06,3.28,1.03,6.85833333333333,4.06865832376664,-2.85833333333333,"Jahmyr","Gibbs","DET","RB",23,-3
"average","14073","RB",230.4875,21.979171011058,6.67250000000001,205.0425,250.35,118.01,102.4805,124.7,5,6,6,5,3,18.56,8.45,1.43,19.9966666666667,10.6656296370892,-14.9966666666667,"Josh","Jacobs","GBP","RB",27,1
"average","14802","RB",223.815,26.8763260137988,3.17249999999999,202.73,256.079,111.3375,100.168,130.429,6,9,5,6,3,16.55,7.58,1.8,18.23,8.42258669689227,-12.23,"Jonathan","Taylor","IND","RB",26,0
"average","13130","RB",220.6425,20.1328560235915,1.44750000000002,203.09,243.3855,108.165,100.528,117.7355,7,7,7,7,3,14.5,6.47,2.56,14.366,7.1721282754842,-7.366,"Christian","McCaffrey","SFO","RB",29,3
"average","16167","RB",219.195,15.6360726100471,1.88999999999999,200.412,230.705,106.7175,97.85,105.055,8,10,11,8,3,17.97,8.02,1.72,16.14,5.41203904888598,-8.14,"De'Von","Achane","MIA","RB",24,-3
"average","15710","RB",217.305,20.0824326215725,0.89500000000001,194.668,236.295,104.8275,92.106,110.645,10,11,10,9,3,25.5,10.77,1.68,21.2033333333333,6.62911926444397,-11.2033333333333,"Kyren","Williams","LAR","RB",25,-2
"average","17042","RB",216.41,5.76741420973616,7.18499999999997,211.616,223.22,103.9325,109.054,97.57,11,5,15,10,4,12.92,5.75,1.72,10.468,2.4346120840906,0.532,"Ashton","Jeanty","LVR","RB",22,-5
"average","16598","RB",209.225,14.2665985200865,4.26750000000001,193.915,224.01,96.7475,91.353,98.36,12,12,14,11,4,22.97,9.77,1.94,37.715,36.1120440435044,-25.715,"Bucky","Irving","TBB","RB",23,-4
"average","15715","RB",204.9575,19.821147587026,11.88,186.0245,227.1,92.48,83.4625,101.45,13,13,13,12,5,33.88,13.47,1.68,33.495,8.29655701681929,-20.495,"James","Cook","BUF","RB",26,-2
"average","13146","RB",193.0775,15.6111079576905,4.12,179.5615,211.455,80.6,76.9995,85.805,16,15,16,13,5,46.88,17.98,1.78,49.1966666666667,12.3112721610003,-33.1966666666667,"James","Conner","ARI","RB",30,3
"average","16181","RB",188.9575,9.61189670841989,3.40000000000001,180.05,199.3245,76.48,77.488,73.6745,17,14,21,14,6,29.41,11.82,1.94,43.26,32.2951105690423,-26.26,"Chase","Brown","CIN","RB",25,-3
"average","15708","RB",185.5575,9.97359305031709,2.85499999999999,177.595,197.4995,73.08,75.033,71.8495,19,16,26,15,6,38.66,14.92,2.19,26.4583333333333,11.0796020034817,-7.45833333333333,"Breece","Hall","NYJ","RB",24,-2
"average","15711","RB",182.7025,27.0657106255621,0.810000000000002,152.6615,209.1,70.225,50.0995,83.45,22,33,17,16,6,40.8,15.7,2.04,41.36,6.09854900775586,-19.36,"Kenneth","Walker III","SEA","RB",25,-2
"average","13132","RB",181.8925,19.6854148631248,1.99250000000001,160.3455,200.79,69.415,57.7835,75.14,23,27,20,17,6,47.16,18.3,2.85,41.83,10.54659186657,-18.83,"Alvin","Kamara","NOS","RB",30,3
"average","15261","RB",179.9,14.290556322271,7.09999999999999,170.485,197.155,67.4225,67.923,71.505,25,21,27,18,7,45.47,17.63,1.97,60.2116666666667,29.5874074659399,-35.2116666666667,"Chuba","Hubbard","CAR","RB",26,-1
"average","17044","RB",172.8,27.346053950555,6.94,142.335,198.925,60.3225,39.773,73.275,29,41,22,19,7,43.61,16.45,4.12,42.618,8.80008272688388,-13.618,"Omarion","Hampton","LAC","RB",22,-5
"average","14797","RB",165.86,16.8601621186354,0.600000000000023,146.686,181.73,53.3825,44.124,56.08,33,37,37,20,7,58.45,22.38,4,62.4183333333333,13.8436801666159,-29.4183333333333,"D'Andre","Swift","CHI","RB",26,0
"average","14071","RB",165.26,8.75098470649636,1.63,155.596,174,52.7825,53.034,48.35,35,30,41,21,8,54.41,21.02,2.43,59.715,10.9431831901569,-24.715,"David","Montgomery","DET","RB",28,1
"average","13131","RB",163.63,23.7772356116798,1.90499999999997,136.845,186.383,51.1525,34.283,60.733,36,49,32,22,8,66.08,25.15,6.35,58.165,18.2830018961147,-22.165,"Joe","Mixon","HOU","RB",29,3
"average","13319","RB",161.725,20.0651231410791,8.41500000000002,140.025,182.41,49.2475,37.463,56.76,39,45,35,23,8,64.98,24.92,2.9,62.5283333333333,16.5782431886561,-23.5283333333333,"Aaron","Jones","MIN","RB",31,3
"average","14085","RB",153.31,5.91802895115145,1.465,147.825,160.111,40.8325,45.263,34.461,43,35,54,24,9,67.66,26.1,3.2,76.3716666666667,15.3556443657988,-33.3716666666667,"Tony","Pollard","TEN","RB",28,1
"average","17043","RB",151.845,12.758321467445,1.11749999999998,142.94,167.337,39.3675,40.378,41.687,47,39,46,25,9,62.84,23.87,4.2,61.06,8.64049304148785,-14.06,"TreVeyon","Henderson","NEP","RB",23,-5
"average","17048","RB",150.7275,21.5460829773457,2.27750000000003,131.79,175.8565,38.25,29.228,50.2065,49,53,40,26,9,69.31,26.58,6.84,69.502,10.6350879639051,-20.502,"Kaleb","Johnson","PIT","RB",22,-5
"average","15716","RB",148.45,16.608130538986,5.655,130.445,165.335,35.9725,27.883,39.685,51,54,49,27,9,70.88,27.37,2.55,80.6766666666667,15.8397786881285,-29.6766666666667,"Brian","Robinson","WAS","RB",26,-2
"average","15749","RB",142.795,24.2119275014058,1.01499999999999,116.012,166.155,30.3175,13.45,40.505,54,72,48,28,9,68.44,26.25,3.05,74.054,9.7775285220755,-20.054,"Isiah","Pacheco","KCC","RB",26,-2
"average","17068","RB",141.78,11.0812273688432,8.83000000000001,132.692,154.2,29.3025,30.13,28.55,57,51,59,29,10,67.48,25.4,7.05,64.66,9.25308381027644,-7.66000000000001,"RJ","Harvey","DEN","RB",24,-5
"average","16747","RB",132.95,19.7620005734912,7.78499999999998,114.02,154.4,20.4725,11.458,28.75,64,75,58,30,11,88.56,32.58,4.07,92.196,13.3831365531403,-28.196,"Tyrone","Tracy","NYG","RB",26,-4
"average","15742","RB",125.165,13.0878404126375,6.3875,110.914,137.645,12.6875,8.352,11.995,76,78,77,31,11,93.88,33.62,4.39,98.3166666666667,11.1515210721328,-22.3166666666667,"Jaylen","Warren","PIT","RB",27,-2
"average","15256","RB",118.7775,34.9217032564755,1.0325,84.43,157.7765,6.30000000000001,-18.132,32.1265,82,132,55,32,11,103.81,37.68,6.56,110.705,16.0034483263243,-28.705,"Javonte","Williams","DAL","RB",25,-1
"average","15259","RB",117.745,18.9300493043908,1.06999999999999,102.562,140.145,5.26750000000001,0,14.495,83,94,76,33,11,105.41,37.35,5.17,107.111666666667,20.8167235787853,-24.1116666666667,"Rhamondre","Stevenson","NEP","RB",27,-1
"average","14800","RB",116.675,9.62648256980019,4.19750000000002,105.635,125.65,4.19750000000002,3.07299999999998,0,86,86,94,34,12,118.59,40.95,8.79,110.005,18.6899855091793,-24.005,"J.K.","Dobbins","DEN","RB",27,0
"average","17045","RB",112.4775,9.07895138952365,0.0799999999999841,103.7365,121.25,0,1.17449999999999,-4.39999999999999,94,91,100,35,12,106.97,37.72,6.29,95.868,8.92407395755996,-1.868,"Cam","Skattebo","NYG","RB",23,-5
"average","15254","RB",112.3975,13.9732133622394,2.2475,98.75,128.0785,-0.0799999999999841,-3.81200000000001,2.42850000000003,95,103,92,36,12,101.77,36.47,5.64,104.97,24.3291224667064,-9.96999999999998,"Najee","Harris","LAC","RB",27,-1
"average","17051","RB",110.15,8.49725445854915,0.669999999999987,102.075,118.575,-2.32749999999999,-0.487000000000009,-7.07499999999997,99,96,109,37,12,105.59,38.37,9.42,97.852,7.61956009228879,1.148,"Quinshon","Judkins","CLE","RB",22,-5
"average","15972","RB",109.48,4.7103361521941,0.910000000000011,105.8825,115.1005,-2.99749999999997,3.3205,-10.5495,103,85,119,38,12,96.56,35.07,6.45,108.425,20.6546489924182,-5.425,"Jordan","Mason","MIN","RB",26,-2
"average","13404","RB",108.57,14.2457338643305,0.487500000000011,91.22,117.632,-3.90749999999998,-11.342,-8.01799999999999,107,115,113,39,12,140.39,47.93,5.62,132.646,20.9684883575331,-25.646,"Austin","Ekeler","WAS","RB",30,3
"average","15253","RB",108.0825,12.6510826282444,7.85499999999999,93.405,119.5645,-4.395,-9.15700000000001,-6.0855,111,110,106,40,13,97.06,35.52,5.15,95.12,34.514383475106,15.88,"Travis","Etienne","JAC","RB",26,-1
"average","16169","RB",100.2275,17.6016578291175,0.965160944206005,81.84,118.8565,-12.25,-20.722,-6.79349999999998,122,142,107,41,13,111.73,39.22,2.87,119.098333333333,18.3667602084732,2.90166666666669,"Zach","Charbonnet","SEA","RB",24,-3
"average","16164","RB",99.262339055794,24.146424032526,0.00483905579399391,71.7169527896996,121.225,-13.215160944206,-30.8450472103005,-4.425,124,154,101,42,13,108.08,37.87,6.37,119.19,9.92313256990956,4.80999999999999,"Tank","Bigsby","JAC","RB",24,-3
"average","16165","RB",99.2575,10.1810882686152,1.72250000000001,90.125,111.1095,-13.22,-12.437,-14.5405,126,118,131,43,13,115.38,40.1,3.47,132.7,15.4940336904242,-6.69999999999999,"Tyjae","Spears","TEN","RB",24,-3
"average","15721","RB",97.535,8.69717770314025,7.60499999999999,87.18,104.691,-14.9425,-15.382,-20.959,131,122,146,44,14,125.52,43.13,5.01,109.08,33.2341733762102,21.92,"Rachaad","White","TBB","RB",26,-2
"average","16594","RB",89.93,5.22707056262556,3.44,85.523,96.115,-22.5475,-17.039,-29.535,145,126,167,45,14,138.92,47.52,5.96,139.1225,5.8169982594118,5.8775,"Trey","Benson","ARI","RB",23,-4
"average","16603","RB",86.49,17.6564737891422,0.0600000000000023,67.109,101.055,-25.9875,-35.453,-24.595,151,162,152,46,14,130.91,45.02,4.99,140.13,12.0413807347829,10.87,"Ray","Davis","BUF","RB",26,-4
"average","15712","RB",86.43,7.63253562061783,0.262500000000003,81.947,95.715,-26.0475,-20.615,-29.935,152,141,168,47,14,139.42,47.47,4.22,158.054,10.7249775757341,-6.054,"Tyler","Allgeier","ATL","RB",25,-2
"average","15713","RB",86.1675,12.6736560760237,1.05499999999999,72.815,97.9555,-26.31,-29.747,-27.6945,153,152,160,48,14,151.58,50.8,7.99,137.136,23.2672728096784,15.864,"Jerome","Ford","CLE","RB",26,-2
"average","13610","RB",85.1125,12.483013458296,2.295,74.325,99.6975,-27.365,-28.237,-25.9525,155,148,156,49,14,146.5,50.05,10.05,137.336,14.862261739049,17.664,"Nick","Chubb","HOU","RB",30,2
"average","16175","RB",82.8175,14.8909779732562,0.220000000000013,68.0155,99.345,-29.66,-34.5465,-26.305,160,159,158,50,14,163.72,55.48,5.35,161.94,21.1150388743821,-1.94,"Roschon","Johnson","CHI","RB",24,-3
"average","16688","RB",82.5975,12.2349373380768,1.4175,73.98,97.3435,-29.88,-28.582,-28.3065,162,149,163,51,14,140.86,47.32,5.07,139.082,12.2775916205093,22.918,"Isaac","Guerendo","SFO","RB",25,-4
"average","17047","RB",81.18,8.26351015005124,5.43999999999998,71.785,88.867,-31.2975,-30.777,-36.783,163,153,181,52,15,166.79,55.51,9.46,155.383333333333,12.0921857228359,7.61666666666667,"Dylan","Sampson","CLE","RB",21,-5
"average","14823","RB",75.74,8.09854307885066,0.357500000000002,65.945,81.349,-36.7375,-36.617,-44.301,171,164,194,53,15,149.14,50.77,6.83,153.165,20.2381996481901,17.835,"Rico","Dowdle","CAR","RB",27,0
"average","17052","RB",75.3825,31.5027600642653,0.925000000000011,40.2795,105.54,-37.095,-62.2825,-20.11,172,228,142,54,15,157.33,53.39,11.26,142.4775,6.32167056639303,29.5225,"Bhayshul","Tuten","JAC","RB",22,-5
"average","17069","RB",74.4575,30.1268632895406,1.13749999999999,38.6645,98.9,-38.02,-63.8975,-26.75,173,236,159,55,15,154.48,52.24,9.32,135.856,14.2598661985308,37.144,"Jaydon","Blue","DAL","RB",21,-5
"average","16610","RB",73.32,1.87623736948891,3.14321615976384,71.648,75.51,-39.1575,-30.914,-50.14,177,155,203,56,15,152.59,51.75,5.9,167.016666666667,9.68938365199539,9.98333333333335,"Jaylen","Wright","MIA","RB",22,-4
"average","16604","RB",70.1767838402362,25.8234940204214,3.51178384023616,45.810565056803,99.6695,-42.3007161597638,-56.7514349431971,-25.9805,182,204,157,57,16,180.08,58.78,5.78,167.356666666667,30.8912677341384,14.6433333333333,"MarShawn","Lloyd","GBP","RB",24,-4
"average","16596","RB",66.665,11.9098096822185,0.445000000000007,53.765,78.914,-45.8125,-48.797,-46.736,190,192,199,58,16,152.23,52.23,5.14,163.516666666667,20.1990632346046,26.4833333333333,"Braelon","Allen","NYJ","RB",21,-4
"average","14079","RB",66.22,6.02472129369207,1.88314516129032,59.4395,71.7475,-46.2575,-43.1225,-53.9025,194,173,210,59,16,217.5,65.95,9.46,189.663333333333,19.8139552392303,4.33666666666667,"Miles","Sanders","DAL","RB",28,1
"average","16171","RB",64.3368548387097,36.879781779239,3.41685483870967,28.3058064516129,105.0955,-48.1406451612903,-74.2561935483871,-20.5545,198,307,145,60,16,201.52,63.42,6.32,173.896666666667,41.8551170374928,24.1033333333333,"Kendre","Miller","NOS","RB",23,-3
"average","13138","RB",60.92,8.5361154318968,0.190000000000005,51.71,69.717,-51.5575,-50.852,-55.933,203,196,215,61,16,203.06,64.15,8.21,144.585,31.9614944112443,58.415,"Kareem","Hunt","KCC","RB",30,3
"average","14086","RB",60.73,7.58082669194681,4.1047641509434,53.897,68.445,-51.7475,-48.665,-57.205,204,191,217,62,16,230.03,70.04,10.16,188.71,26.21,15.29,"Justice","Hill","BAL","RB",28,1
"average","12447","RB",56.6252358490566,28.8377360911707,1.57023584905659,30.681141509434,90.094,-55.8522641509434,-71.880858490566,-35.556,212,280,178,63,17,247.97,74.35,8.1,194.393333333333,27.9563103590028,17.6066666666667,"Raheem","Mostert","LVR","RB",33,5
"average","14095","RB",55.055,20.2879216941181,5.20500000000001,41,79.708,-57.4225,-61.562,-45.942,217,223,196,64,17,275.42,81.22,8.04,157,NA,60,"Ty","Johnson","BUF","RB",28,1
"average","16593","RB",49.85,8.39861099626996,1.32451055262427,41.875,58.245,-62.6275,-60.687,-67.405,234,217,250,65,17,175.73,57.72,6.76,200.255,16.055,33.745,"Blake","Corum","LAR","RB",25,-4
"average","15263","RB",48.5254894473757,11.9845226731718,0.982989447375729,40.21,62.9302936684254,-63.9520105526243,-62.352,-62.7197063315746,239,229,238,66,17,244.05,72.78,7.86,190.436666666667,28.5011348701923,48.5633333333334,"Elijah","Mitchell","KCC","RB",27,-1
"average","13133","RB",47.5425,41.3249669288031,0.142500000000005,11.715,96.1555,-64.935,-90.847,-29.4945,242,379,166,67,17,303.29,93.29,16.29,152.5,NA,89.5,"Samaje","Perine","CIN","RB",30,3
"average","14798","RB",47.4,NA,1.67207468879668,47.4,47.4,-65.0775,-55.162,-78.25,243,202,296,68,17,293.42,87.1,9.01,148.755,32.755,94.245,"Zack","Moss","FA","RB",28,0
"average","17058","RB",45.7279253112033,18.763679919657,0.305189179875484,33.7867925311203,57.6690580912863,-66.7495746887967,-68.7752074688797,-67.9809419087137,255,261,252,69,17,247.84,76.6,13.36,193.43,7.99,61.57,"Tahj","Brooks","CIN","RB",23,-5
"average","17064","RB",45.4227361313278,18.9596243943871,4.12400178427953,24.2755,63.8781416787967,-67.0547638686722,-78.2865,-61.7718583212033,256,326,233,70,18,237.54,72.33,12.15,174.39,16.0398898583085,81.61,"Jarquez","Hunter","LAR","RB",23,-5
"average","15271","RB",41.2987343470483,26.6264796033501,0.186234347048305,10.884740608229,66.3945,-71.1787656529517,-91.677259391771,-59.2555,278,385,221,71,18,270.22,80.42,5.71,NA,NA,NA,"Khalil","Herbert","IND","RB",27,-1
"average","16601","RB",41.1125,11.0813187392115,0.509160341555983,30.8875,53.735,-71.365,-71.6745,-71.915,280,278,264,72,18,224.15,68.25,11.19,193.65,10.1560326899828,86.35,"Will","Shipley","PHI","RB",23,-4
"average","16166","RB",40.603339658444,7.69815779788121,1.00833965844402,33.095,49.2223548387097,-71.874160341556,-69.467,-76.4276451612903,284,264,286,73,18,269.62,79.91,8.05,188.7,NA,95.3,"Sean","Tucker","TBB","RB",24,-3
"average","16178","RB",39.595,11.5614344554068,0.299999999999997,26.005,49.412,-72.8825,-76.557,-76.238,290,317,285,74,18,242.51,72.46,6.41,224.75,NA,65.25,"Keaton","Mitchell","BAL","RB",23,-3
"average","14852","RB",39.295,26.3920208901605,0.641666666666666,10.27,65.807,-73.1825,-92.292,-59.843,296,390,224,75,18,257.56,76.44,8.3,192.09,NA,103.91,"Antonio","Gibson","NEP","RB",27,0
"average","17066","RB",38.6533333333333,18.8801094629595,0.456666666666671,23.056,56.626,-73.8241666666667,-79.506,-69.024,300,330,255,76,18,230.56,70.84,8.96,189,22.27,111,"Kyle","Monangai","CHI","RB",23,-5
"average","17053","RB",38.1966666666667,1.56461922950388,1.12666666666667,37.219,39.739,-74.2808333333333,-65.343,-85.911,306,249,337,77,18,249.93,77.9,16.5,189.355,14.645,116.645,"Woody","Marks","HOU","RB",25,-5
"average","16595","RB",37.07,11.356134905856,1.79555555555555,29.843,44.297,-75.4075,-72.719,-81.353,310,287,318,78,18,241.05,73.54,11.92,NA,NA,NA,"Audric","Estime","DEN","RB",22,-4
"average","14080","RB",35.2744444444444,21.020979408882,0.884444444444448,9.91166666666666,50.537,-77.2030555555556,-92.6503333333334,-75.113,320,394,281,79,18,252.91,75.1,6.19,231.44,NA,88.56,"Devin","Singletary","NYG","RB",28,1
"average","17046","RB",34.39,15.8021222203433,0.0402491785323065,21.98,53.254,-78.0875,-80.582,-72.396,324,340,267,80,18,224.23,69.05,9.08,201.395,12.225,122.605,"Devin","Neal","NOS","RB",22,-5
"average","17056","RB",34.3497508214677,25.2677865092807,0.769750821467696,11.2913504928806,63.5335,-78.1277491785323,-91.2706495071194,-62.1165,325,382,236,81,18,265.92,78.45,8.41,142.52,85.195794888402,182.48,"Trevor","Etienne","CAR","RB",21,-5
"average","15714","RB",33.58,NA,2.42333333333333,33.58,33.58,-78.8975,-68.982,-92.07,327,262,365,82,19,322.78,99.81,6.46,239.6,NA,87.4,"Zamir","White","LVR","RB",26,-2
"average","12155","RB",31.1566666666667,7.72512998811886,0.459166666666668,24.373,38.26,-81.3208333333333,-78.189,-87.39,339,325,340,83,19,332.6,104.09,9.17,NA,NA,NA,"Ameer","Abdullah","SFO","RB",32,5
"average","15255","RB",30.6975,6.3907243981675,1.11455479452054,24.395,37.4935,-81.78,-78.167,-88.1565,341,324,345,84,19,261.79,77.23,7.73,NA,NA,NA,"Kenneth","Gainwell","PIT","RB",26,-1
"average","14805","RB",29.5829452054795,15.8632942386925,0.186295990819765,10.395,41.2990136986301,-82.8945547945205,-92.167,-84.3509863013699,344,388,333,85,19,288.89,86.78,13.73,191.23,NA,152.77,"AJ","Dillon","PHI","RB",27,0
"average","15717","RB",29.3966492146597,8.45225837691824,0.979149214659689,24.017664921466,34.7756335078534,-83.0808507853403,-78.544335078534,-90.8743664921466,345,327,358,86,19,303.55,92.54,9.1,NA,NA,NA,"Dameon","Pierce","HOU","RB",25,-2
"average","17055","RB",28.4175,11.7654249816996,0.140178117048347,17.755,42.0655,-84.06,-84.807,-83.5845,353,354,332,87,19,260.14,78.21,10.56,215.25,NA,137.75,"Jordan","James","SFO","RB",21,-5
"average","15730","RB",28.2773218829517,8.50151237947148,0.0510499531270909,19.95,34.5587690839695,-84.2001781170483,-82.612,-91.0912309160305,354,347,359,88,19,331.25,113.14,11.15,NA,NA,NA,"Tyler","Goodson","IND","RB",25,-2
"average","16752","RB",28.2262719298246,14.7886118874944,1.45969121233577,13.04,44.1353245614035,-84.2512280701754,-89.522,-81.5146754385965,355,370,321,89,19,281.61,83.28,7.36,NA,NA,NA,"Isaiah","Davis","NYJ","RB",23,-4
"average","17060","RB",26.7665807174888,14.4239604411488,0.316802430027014,12.1,42.4853744394619,-85.7109192825112,-90.462,-83.1646255605381,359,375,330,90,19,219.82,68.79,11.37,187.78,4.59999999999999,171.22,"DJ","Giddens","IND","RB",22,-5
"average","17256","RB",26.4497782874618,9.06687810021109,0.131282663829388,17.535,36.46324617737,-86.0277217125382,-85.027,-89.18675382263,360,355,348,91,19,256.83,78.56,16.04,166.175,33.175,193.825,"Jacory","Croskey-Merritt","WAS","RB",24,-5
"average","16432","RB",26.3184956236324,17.0676260787591,0.788495623632386,7.625,43.6168851203501,-86.1590043763676,-94.937,-82.0331148796499,361,407,323,92,19,301.29,90.72,10.08,NA,NA,NA,"Emanuel","Wilson","GBP","RB",26,-3
"average","16390","RB",25.53,16.7706201435725,0.43,8.985,36.426,-86.9475,-93.577,-89.224,364,401,349,93,19,238.63,72.66,11.13,146.67,NA,217.33,"Jaleel","McLaughlin","DEN","RB",25,-3
"average","17272","RB",25.1,0,0.356666666666666,25.1,25.1,-87.3775,-77.462,-100.55,366,322,393,94,19,NA,NA,NA,NA,NA,NA,"Amar","Johnson","GBP","RB",22,-5
"average","17049","RB",24.7433333333333,15.2121870003407,0.97430402930403,10.553,37.823,-87.7341666666667,-92.009,-87.827,367,387,343,95,19,248.35,78.35,16.41,189.943333333333,3.95722405509497,177.056666666667,"Brashard","Smith","KCC","RB",22,-5
"average","11367","RB",23.7690293040293,13.9468762848014,0.359029304029306,10.6574175824176,39.724,-88.7084706959707,-91.9045824175824,-85.926,370,386,338,96,19,311,96.57,17.53,NA,NA,NA,"Kyle","Juszczyk","SFO","RB",34,7
"average","16385","RB",23.41,13.1585827504333,0.0390772128060277,13.603,36.283,-89.0675,-88.959,-89.367,372,365,352,97,19,335.11,101,11,NA,NA,NA,"Emari","Demercado","ARI","RB",26,-3
"average","14223","RB",23.370922787194,16.2365039918279,0.154256120527304,7.3532768361582,33.8852768361582,-89.106577212806,-95.2087231638418,-91.7647231638418,373,410,363,98,19,283.4,84.06,7.25,NA,NA,NA,"Alexander","Mattison","MIA","RB",27,1
"average","17059","RB",23.2166666666667,0.66017674401128,0.141666666666666,22.585,23.755,-89.2608333333333,-79.977,-101.895,375,338,395,99,19,252.72,75.51,7.56,204.105,9.065,170.895,"Ollie","Gordon","MIA","RB",21,-5
"average","16174","RB",23.075,8.80347942577252,0.424999999999997,17.4725,28.6775,-89.4025,-85.0895,-96.9725,376,356,382,100,19,314.71,94.59,8.25,NA,NA,NA,"Chris","Rodriguez","WAS","RB",25,-3
"average","14799","RB",22.65,NA,0.501751269035537,22.65,22.65,-89.8275,-79.912,-103,377,337,397,101,19,293.2,88.52,11.59,NA,NA,NA,"Cam","Akers","NOS","RB",26,0
"average","15723","RB",22.1482487309645,6.24834727726767,0.423248730964467,18.1718248730964,26.1246725888325,-90.3292512690355,-84.3901751269036,-99.5253274111675,380,353,389,102,19,311.7,94.29,5.96,143,NA,237,"Ty","Chandler","MIN","RB",27,-2
"average","14803","RB",21.725,5.33865619795843,0.725000000000001,18.3275,25.1225,-90.7525,-84.2345,-100.5275,381,352,391,103,19,362.57,110.25,3.86,NA,NA,NA,"Clyde","Edwards-Helaire","NOS","RB",26,0
"average","17054","RB",21,6.92964645562816,0.274999999999999,16.59,25.41,-91.4775,-85.972,-100.24,382,359,390,104,19,286.46,87.14,9.46,NA,NA,NA,"Damien","Martinez","SEA","RB",21,-5
"average","17050","RB",20.725,6.89429111656884,0.0100000000000016,16.3375,25.1125,-91.7525,-86.2245,-100.5375,383,360,392,105,20,335.33,101.17,4.65,NA,NA,NA,"Kalel","Mullings","TEN","RB",23,-5
"average","13143","RB",20.715,11.5753380080238,2.25833333333333,13.3485,28.0815,-91.7625,-89.2135,-97.5685,384,368,383,106,20,346.4,106.73,7.35,NA,NA,NA,"Jeremy","McNichols","WAS","RB",30,3
"average","16387","RB",18.4566666666667,9.66460725189251,1.29166666666666,9.557,26.927,-94.0208333333333,-93.005,-98.723,387,396,385,107,20,309.48,93,4.66,NA,NA,NA,"Chris","Brooks","GBP","RB",25,-3
"average","16612","RB",17.165,7.12056528654854,0.265000000000004,12.6335,21.6965,-95.3125,-89.9285,-103.9535,388,374,403,108,20,346.5,125.4,9.33,NA,NA,NA,"Carson","Steele","KCC","RB",23,-4
"average","17266","RB",16.9,NA,0.279999999999998,16.9,16.9,-95.5775,-85.662,-108.75,389,358,414,109,20,NA,132.5,0.5,NA,NA,NA,"Montrell","Johnson","PHI","RB",23,-5
"average","16757","RB",16.62,8.17415439051649,0.359999999999999,11.418,21.822,-95.8575,-91.144,-103.828,390,381,402,110,20,289.33,87.04,12.11,NA,NA,NA,"Kimani","Vidal","LAC","RB",24,-4
"average","12325","RB",16.26,4.29920922961421,0.109999999999999,13.524,18.996,-96.2175,-89.038,-106.654,391,366,409,111,20,363.5,120.5,12.05,NA,NA,NA,"Michael","Burton","DEN","RB",33,5
"average","14817","RB",16.15,NA,0.220000000000002,16.15,16.15,-96.3275,-86.412,-109.5,393,361,417,112,20,340.33,112.2,7.73,NA,NA,NA,"Patrick","Taylor","SFO","RB",27,0
"average","15720","RB",15.93,10.2813325984524,0.0350000000000001,9.387,22.473,-96.5475,-93.175,-103.177,394,399,398,113,20,363.5,117.17,5.64,NA,NA,NA,"Hassan","Haskins","LAC","RB",26,-2
"average","16168","RB",15.895,8.91661651076236,0.729999999999999,10.2205,21.5695,-96.5825,-92.3415,-104.0805,396,391,404,114,20,NA,135,13.19,177.2,NA,218.8,"Israel","Abanikanda","GBP","RB",23,-3
"average","15743","RB",15.165,5.28208765546351,0.395000000000001,11.8035,18.5265,-97.3125,-90.7585,-107.1235,398,377,410,115,20,284.76,84.96,10.59,NA,NA,NA,"Sincere","McCormick","LVR","RB",25,-2
"average","12923","RB",14.77,4.70933116270241,0.422916666666666,11.773,17.767,-97.7075,-90.789,-107.883,400,378,411,116,20,358.5,115.67,12.12,NA,NA,NA,"C.J.","Ham","MIN","RB",32,4
"average","13148","RB",14.3470833333333,5.7170983042828,0.297083333333335,9.991,19.919125,-98.1304166666667,-92.571,-105.730875,403,393,407,117,20,350,130.2,10.34,NA,NA,NA,"Dare","Ogunbowale","HOU","RB",31,3
"average","16746","RB",14.05,NA,1.03,14.05,14.05,-98.4275,-88.512,-111.6,406,363,421,118,20,362,119.6,9.89,NA,NA,NA,"Rasheen","Ali","BAL","RB",24,-4
"average","14727","RB",13.02,NA,0.710000000000001,13.02,13.02,-99.4575,-89.542,-112.63,408,371,425,119,20,342.5,108.44,10.62,NA,NA,NA,"Craig","Reynolds","DET","RB",29,1
"average","14420","RB",12.31,4.23465464943719,0.23,8.623,16.228,-100.1675,-93.939,-109.422,410,403,416,120,20,285.75,93.6,21.28,NA,NA,NA,"Alec","Ingold","MIA","RB",29,1
"average","14083","RB",12.08,NA,0.470000000000001,12.08,12.08,-100.3975,-90.482,-113.57,411,376,429,121,20,NA,122,16,NA,NA,NA,"Travis","Homer","CHI","RB",27,1
"average","15258","RB",11.61,NA,0.669999999999998,11.61,11.61,-100.8675,-90.952,-114.04,413,380,433,122,20,351.67,122.83,14.51,NA,NA,NA,"Michael","Carter","ARI","RB",26,-1
"average","15733","RB",10.94,7.26905771059771,0.0500000000000007,6.314,15.566,-101.5375,-96.248,-110.084,415,416,419,123,20,351.8,113,7.35,NA,NA,NA,"Pierre","Strong Jr.","CLE","RB",27,-2
"average","17061","RB",10.89,NA,0.600000000000001,10.89,10.89,-101.5875,-91.672,-114.76,416,384,435,124,20,327.08,104.53,18.47,NA,NA,NA,"LeQuint","Allen","JAC","RB",21,-5
"average","15973","RB",10.29,NA,0.269999999999998,10.29,10.29,-102.1875,-92.272,-115.36,419,389,440,125,20,NA,128,5.05,NA,NA,NA,"Raheem","Blackshear","CAR","RB",27,-2
"average","16424","RB",10.02,NA,0.299999999999999,10.02,10.02,-102.4575,-92.542,-115.63,420,392,441,126,20,NA,126,4,NA,NA,NA,"Jordan","Mims","TEN","RB",26,-3
"average","15726","RB",9.72,NA,0.360000000000003,9.72,9.72,-102.7575,-92.842,-115.93,421,395,443,127,20,350.5,124.25,20.79,NA,NA,NA,"Ronnie","Rivers","LAR","RB",26,-2
"average","15965","RB",9.36,NA,1.79,9.36,9.36,-103.1175,-93.202,-116.29,425,400,446,128,21,NA,126.71,6.56,NA,NA,NA,"Julius","Chestnut","TEN","RB",25,-2
"average","16599","RB",7.57,NA,0.0499999999999998,7.57,7.57,-104.9075,-94.992,-118.08,429,408,450,129,21,NA,140,0,NA,NA,NA,"Frank","Gore Jr.","BUF","RB",23,-4
"average","13455","RB",7.52,NA,0.510000000000001,7.52,7.52,-104.9575,-95.042,-118.13,431,409,452,130,21,NA,126.5,4.5,NA,NA,NA,"Patrick","Ricard","BAL","RB",31,3
"average","16176","RB",7.01,NA,0.140000000000001,7.01,7.01,-105.4675,-95.552,-118.64,434,412,453,131,21,365.5,121.5,6.7,NA,NA,NA,"Deuce","Vaughn","DAL","RB",24,-3
"average","15462","RB",6.87,NA,0.549999999999999,6.87,6.87,-105.6075,-95.692,-118.78,435,413,454,132,21,NA,NA,NA,NA,NA,NA,"Gary","Brightwell","CIN","RB",27,-1
"average","16173","RB",6.32,NA,0.725,6.32,6.32,-106.1575,-96.242,-119.33,437,415,455,133,21,NA,123.8,11.62,NA,NA,NA,"Eric","Gray","NYG","RB",26,-3
"average","16391","RB",5.595,0.148492424049175,0.00999999999999979,5.5005,5.6895,-106.8825,-97.0615,-119.9605,441,422,458,134,21,NA,124,10.23,NA,NA,NA,"Hunter","Luepke","DAL","RB",25,-3
"average","15729","RB",5.585,0.261629509039023,0.725,5.4185,5.7515,-106.8925,-97.1435,-119.8985,442,423,457,135,21,NA,NA,NA,NA,NA,NA,NA,NA,NA,NA,NA,NA
"average","14808","RB",4.86,NA,0.430000000000001,4.86,4.86,-107.6175,-97.702,-120.79,444,428,461,136,21,NA,NA,NA,NA,NA,NA,"Darrynton","Evans","BUF","RB",27,0
"average","15257","RB",4.43,NA,0.369999999999999,4.43,4.43,-108.0475,-98.132,-121.22,447,431,462,137,21,343.67,110.5,12.48,NA,NA,NA,"Trey","Sermon","PIT","RB",26,-1
"average","14815","RB",4.06,NA,0.0499999999999998,4.06,4.06,-108.4175,-98.502,-121.59,448,434,465,138,21,NA,132.2,10.5,NA,NA,NA,"DeeJay","Dallas","ARI","RB",27,0
"average","14827","RB",4.01,NA,0.27,4.01,4.01,-108.4675,-98.552,-121.64,449,435,466,139,21,NA,NA,NA,NA,NA,NA,"J.J.","Taylor","HOU","RB",27,0
"average","15727","RB",3.74,NA,0.04,3.74,3.74,-108.7375,-98.822,-121.91,450,439,468,140,21,NA,NA,NA,NA,NA,NA,"Zonovan","Knight","NYJ","RB",24,-2
"average","16409","RB",3.7,NA,0.0300000000000002,3.7,3.7,-108.7775,-98.862,-121.95,451,440,469,141,21,NA,NA,NA,NA,NA,NA,"Elijah","Dotson","ATL","RB",26,-3
"average","16957","RB",3.67,NA,0.0700000000000003,3.67,3.67,-108.8075,-98.892,-121.98,452,442,470,142,21,NA,NA,NA,NA,NA,NA,"Terrell","Jennings","NEP","RB",24,-4
"average","15767","RB",3.6,NA,0.0800000000000001,3.6,3.6,-108.8775,-98.962,-122.05,453,443,472,143,21,NA,186,8,NA,NA,NA,"Velus","Jones","NOS","WR",28,-2
"average","16335","RB",3.52,NA,0.37,3.52,3.52,-108.9575,-99.042,-122.13,454,445,473,144,21,NA,NA,NA,NA,NA,NA,"Scott","Matlock","LAC","DT",25,-3
"average","15718","RB",3.15,NA,0.35,3.15,3.15,-109.3275,-99.412,-122.5,459,446,475,145,21,383.67,119.33,6.1,NA,NA,NA,"Tyler","Badie","DEN","RB",25,-2
"average","17271","RB",2.8,NA,0.25,2.8,2.8,-109.6775,-99.762,-122.85,461,447,476,146,21,357,109.71,7.34,NA,NA,NA,"Marcus","Yarns","NOS","RB",24,-5
"average","17267","RB",2.55,NA,0.15,2.55,2.55,-109.9275,-100.012,-123.1,462,448,477,147,21,NA,NA,NA,NA,NA,NA,"Lan","Larison","NEP","RB",NA,-5
"average","14331","RB",2.4,NA,0.0500000000000003,2.4,2.4,-110.0775,-100.162,-123.25,463,450,478,148,21,332,112.2,6.27,NA,NA,NA,"D'Ernest","Johnson","BAL","RB",29,1
"average","16613","RB",2.35,NA,0.1,2.35,2.35,-110.1275,-100.212,-123.3,464,452,480,149,21,NA,127,20.42,NA,NA,NA,"Dylan","Laube","LVR","RB",26,-4
"average","16678","RB",2.25,NA,0.15,2.25,2.25,-110.2275,-100.312,-123.4,465,453,482,150,21,373,122.4,12.78,NA,NA,NA,"Sione","Vaki","DET","RB",24,-4
"average","17215","RB",2.1,NA,0.25,2.1,2.1,-110.3775,-100.462,-123.55,466,454,489,151,21,NA,81,10.26,NA,NA,NA,"Robbie","Ouzts","SEA","TE",23,-5
"average","16864","RB",1.85,NA,0.3,1.85,1.85,-110.6275,-100.712,-123.8,467,455,490,152,21,NA,138,1,NA,NA,NA,"Carlos","Washington","ATL","RB",27,-3
"average","16748","RB",1.55,NA,0.15,1.55,1.55,-110.9275,-101.012,-124.1,471,456,491,153,21,NA,127.25,1.3,NA,NA,NA,"Keilan","Robinson","PHI","RB",25,-4
"average","17057","RB",1.4,NA,0.0599999999999998,1.4,1.4,-111.0775,-101.162,-124.25,472,458,495,154,21,321.56,98.67,10.21,NA,NA,NA,"Donovan","Edwards","NYJ","RB",22,-5
"average","17062","RB",1.4,NA,0,1.4,1.4,-111.0775,-101.162,-124.25,472,458,495,154,21,309.68,96.53,13.12,NA,NA,NA,"Raheim","Sanders","LAC","RB",23,-5
"average","17063","RB",1.4,NA,0,1.4,1.4,-111.0775,-101.162,-124.25,472,458,495,154,21,303.62,95.51,12.61,NA,NA,NA,"Phil","Mafah","DAL","RB",23,-5
"average","17274","RB",1.4,NA,0,1.4,1.4,-111.0775,-101.162,-124.25,472,458,495,154,21,NA,NA,NA,NA,NA,NA,"Corey","Kiner","SFO","RB",23,-5
"average","15454","RB",1.34,NA,0.13,1.34,1.34,-111.1375,-101.222,-124.31,473,459,496,155,21,NA,NA,NA,NA,NA,NA,"Avery","Williams","PHI","RB",27,-1
"average","14076","RB",1.21,NA,0,1.21,1.21,-111.2675,-101.352,-124.44,474,460,497,156,21,NA,136.33,4.71,NA,NA,NA,"Trayveon","Williams","CLE","RB",28,1
"average","15281","WR",230.3025,13.0950381824567,31.3375,216.4015,244.06,106.635,100.2215,111.517833333333,9,8,9,1,1,2.08,1.03,0.17,3.60666666666667,1.86391761858964,5.39333333333333,"Ja'Marr","Chase","CIN","WR",25,-1
"average","14836","WR",198.965,8.40176767115112,6.46000000000001,189.011,205.538,75.2975,72.831,72.9958333333334,18,18,23,2,1,4.88,2.47,0.64,7.43833333333333,1.96755700185676,10.5616666666667,"Justin","Jefferson","MIN","WR",26,0
"average","14832","WR",192.505,5.45625940243558,3.52000000000001,186.672,198.205,68.8375,70.492,65.6628333333333,24,20,30,3,2,5.94,3.13,0.99,7.975,4.24547504212819,16.025,"CeeDee","Lamb","DAL","WR",26,0
"average","16211","WR",188.985,10.6006713623871,5.00249999999997,177.511,199.36,65.3175,61.331,66.8178333333334,26,24,29,4,2,9.92,5.52,1.76,15.3533333333333,4.81830421990513,10.6466666666667,"Puka","Nacua","LAR","WR",24,-3
"average","16618","WR",183.9825,16.8393356460402,0.870000000000005,173.98,204.4395,60.315,57.8,71.8973333333333,30,26,25,5,2,10.63,6.27,1.3,33.7083333333333,35.039847515206,-3.70833333333334,"Brian","Thomas Jr.","JAC","WR",23,-4
"average","15290","WR",183.1125,7.8777466109711,0.575000000000017,177.8945,192.702,59.445,61.7145,60.1598333333334,31,23,33,6,2,9.34,5.31,1.62,20.01,6.24204827493882,10.99,"Nico","Collins","HOU","WR",26,-1
"average","16615","WR",182.5375,17.9708734252586,7.88238095238094,164.3125,201.27,58.87,48.1325,68.7278333333334,32,34,28,7,3,10.73,6.02,1.86,21.1433333333333,15.6471964119952,10.8566666666667,"Malik","Nabers","NYG","WR",22,-4
"average","15287","WR",174.655119047619,8.87439119626289,4.14761904761906,167.388571428571,184.7145,50.987619047619,51.2085714285714,52.1723333333333,37,32,39,8,4,13.97,7.63,1.99,14.9033333333333,5.4130110741517,22.0966666666667,"Amon-Ra","St. Brown","DET","WR",26,-1
"average","14104","WR",170.5075,9.44176316514383,1.7525,160.5745,178.96,46.84,44.3945,46.4178333333334,40,36,42,9,4,17.41,9.19,1.43,23.0783333333333,7.85198364887639,16.9216666666667,"A.J.","Brown","PHI","WR",28,1
"average","16627","WR",168.755,16.3259088567834,3.965,153.167,187.206,45.0875,36.987,54.6638333333333,41,46,38,10,4,23.2,11.59,1.79,43.4566666666667,35.8506520938679,-2.45666666666667,"Ladd","McConkey","LAC","WR",24,-4
"average","14835","WR",164.79,12.5062277819226,0.33499999999998,152.254,178.6,41.1225,36.074,46.0578333333333,42,47,43,11,4,27.52,13.25,2.42,42.02,14.1167075953755,-0.019999999999996,"Tee","Higgins","CIN","WR",26,0
"average","15751","WR",164.455,4.7821996333626,0.392500000000013,159.428,169.335,40.7875,43.248,36.7928333333334,44,38,51,12,4,19.23,9.98,2.11,25.1066666666667,3.37425382697996,18.8933333333333,"Drake","London","ATL","WR",24,-2
"average","11671","WR",164.0625,12.0508212029997,0.432500000000005,155.315,178.4625,40.395,39.135,45.9203333333333,45,44,45,13,4,30.05,14.25,2.97,38.685,11.7696470493667,6.315,"Mike","Evans","TBB","WR",32,6
"average","11675","WR",163.63,23.5540711272312,1.66749999999999,138.983,188.725,39.9625,22.803,56.1828333333333,46,59,36,14,5,33.34,15.58,3.28,40.4,12.4490192384782,5.6,"Davante","Adams","LAR","WR",33,6
"average","14109","WR",161.9625,9.58778519784417,0.0977852852852834,155.73,173.5675,38.295,39.55,41.0253333333334,48,43,47,15,5,39.02,18.17,3.67,48.985,16.4553615882484,-0.985000000000007,"Terry","McLaurin","WAS","WR",30,1
"average","12801","WR",161.864714714715,5.31637749740555,7.70471471471473,155.92703003003,167.06,38.1972147147147,39.74703003003,34.5178333333333,50,42,53,16,6,31.58,14.72,2.47,32.1833333333333,14.6930081633711,17.8166666666667,"Tyreek","Hill","MIA","WR",31,4
"average","16614","WR",154.16,2.35649457174565,0.524999999999977,152.04,156.896,30.4925,35.86,24.3538333333333,53,48,62,17,6,39.98,18.63,3.92,37.4666666666667,9.43070811527722,15.5333333333333,"Marvin","Harrison Jr.","ARI","WR",23,-4
"average","16620","WR",153.635,15.2427326946319,2.70000000000002,138.971,168.81,29.9675,22.791,36.2678333333334,56,60,52,18,6,54.72,25.13,5.22,67.83,19.3967969864443,-11.83,"Xavier","Worthy","KCC","WR",22,-4
"average","14102","WR",150.935,8.70805565745496,6.0925,140.686,158.335,27.2675,24.506,25.7928333333334,60,57,61,19,7,46.14,21.39,4.61,51.3983333333333,10.0507087920316,8.60166666666667,"DK","Metcalf","PIT","WR",28,1
"average","16185","WR",144.8425,10.9970855987696,0.537486136783741,131.7655,153.73,21.175,15.5855,21.1878333333333,62,70,65,20,7,35.56,16.38,2.97,53.4516666666667,25.9746070978733,8.54833333333334,"Jaxon","Smith-Njigba","SEA","WR",23,-3
"average","13635","WR",144.305013863216,8.83644616218017,1.61751386321626,136.417047134935,154.615,20.6375138632163,20.2370471349353,22.0728333333333,63,62,64,21,7,49.86,23.31,3.73,52.0666666666667,9.55202887116426,10.9333333333333,"D.J.","Moore","CHI","WR",28,2
"average","15756","WR",142.6875,5.02566330613848,0.509999999999991,139.72,148.7525,19.02,23.54,16.2103333333334,66,58,72,22,7,48.05,22.47,5.31,73.46,23.1039354512025,-7.45999999999999,"Jameson","Williams","DET","WR",24,-2
"average","13630","WR",142.1775,7.80874029533573,0.238333333333344,135.211,151.2895,18.51,19.031,18.7473333333333,68,63,68,23,7,51.05,23.83,3.83,68.48,24.351396948293,-0.480000000000004,"Courtland","Sutton","DEN","WR",30,2
"average","13629","WR",141.939166666667,9.03506271883782,0.537245179063348,134.160166666667,152.44,18.2716666666667,17.9801666666667,19.8978333333334,69,66,67,24,7,61.3,27.72,4.37,74.6483333333333,12.4598761586498,-5.64833333333333,"Calvin","Ridley","TEN","WR",31,2
"average","16190","WR",141.401921487603,12.9138257813538,1.6044214876033,126.475533057851,152.6,17.7344214876033,10.2955330578512,20.0578333333334,71,76,66,25,7,53.22,24.81,3.67,67.8033333333333,4.68348398334212,3.19666666666667,"Zay","Flowers","BAL","WR",25,-3
"average","15762","WR",139.7975,6.31442990300787,1.48500000000001,134.4265,147.265,16.13,18.2465,14.7228333333333,73,65,75,26,7,62.28,28.14,4.13,71.2616666666667,7.48213297722574,1.73833333333333,"George","Pickens","DAL","WR",24,-2
"average","15753","WR",138.3125,4.87961320188393,1.32249999999999,133.33,143.6275,14.645,17.15,11.0853333333333,74,68,78,27,7,39.27,18.13,2.87,40.4433333333333,15.8256465551613,33.5566666666667,"Garrett","Wilson","NYJ","WR",25,-2
"average","15282","WR",136.99,9.44477986332484,4.75999999999999,128.966,148.038,13.3225,12.786,15.4958333333333,75,74,74,28,8,58.06,26.77,3.62,55.6916666666667,7.13305314870303,19.3083333333333,"DeVonta","Smith","PHI","WR",27,-1
"average","14833","WR",132.23,2.61429404110046,1.4675,129.334,134.776,8.56250000000001,13.154,2.23383333333337,79,73,93,29,8,83.19,35.86,4.48,94.828,22.1118768086293,-15.828,"Jerry","Jeudy","CLE","WR",26,0
"average","14136","WR",130.7625,7.75987274380192,2.82221976401181,122.7925,139.135,7.09500000000001,6.6125,6.59283333333335,81,81,82,30,8,93.48,39.22,5.57,79.9016666666667,27.7670850808811,1.09833333333331,"Deebo","Samuel","WAS","WR",29,1
"average","15284","WR",127.940280235988,8.38159908752389,1.0327802359882,119.6355,137.238668141593,4.27278023598821,3.4555,4.69650147492629,85,84,88,31,9,65.78,29.48,4.97,80.845,22.4401179067015,4.15499999999999,"Jaylen","Waddle","MIA","WR",27,-1
"average","14127","WR",126.9075,9.14842563869143,0.333279816513752,116.5635,135.575,3.24000000000001,0.383499999999998,3.03283333333337,87,92,90,32,9,96.66,40.42,4.57,104.896666666667,19.6090477982883,-17.8966666666667,"Jakobi","Meyers","LVR","WR",29,1
"average","17074","WR",126.574220183486,4.5424498958501,1.00422018348624,122.914,131.978532110092,2.90672018348626,6.734,-0.563634556574868,88,80,96,33,9,78.13,34.21,5.38,71.602,10.5272397141891,16.398,"Travis","Hunter","JAC","WR",22,-5
"average","14860","WR",125.57,4.31106908627857,1.14500000000001,120.87525,129.84125,1.90250000000002,4.69525,-2.70091666666661,89,82,98,34,9,92.22,38.91,6.44,100.766,20.7013155137542,-11.766,"Jauan","Jennings","SFO","WR",28,0
"average","16616","WR",124.425,12.4623098447546,0.757500000000007,113.34,138.975,0.757500000000007,-2.84,6.43283333333335,92,101,83,35,9,81.38,35.23,4.56,91.5916666666667,10.0326374343384,0.408333333333317,"Rome","Odunze","CHI","WR",23,-4
"average","13163","WR",123.6675,11.9196570839936,0.4375,113.595,137.7055,0,-2.58500000000001,5.16333333333336,94,100,87,36,9,95.5,39.89,6.99,87.175,10.3253680321817,6.825,"Chris","Godwin","TBB","WR",29,3
"average","16184","WR",123.23,7.81986359642332,1.5775,116.18,132.198,-0.4375,0,-0.344166666666638,96,94,95,37,9,87.81,37.44,5.04,101.248333333333,16.4705964440339,-5.24833333333333,"Jayden","Reed","GBP","WR",25,-3
"average","17071","WR",121.6525,15.5962204288945,0.466859504132231,104.0545,135.383,-2.015,-12.1255,2.84083333333334,98,116,91,38,9,67.06,29.7,7.01,69.568,11.1034398273688,28.432,"Tetairoa","McMillan","CAR","WR",22,-5
"average","16186","WR",121.185640495868,6.37463754615088,1.39855529407404,115.87367768595,128.7525,-2.48185950413223,-0.306322314049581,-3.78966666666665,100,95,99,39,9,82.55,35.55,4.94,92.2433333333333,12.7801834450406,7.75666666666667,"Jordan","Addison","MIN","WR",23,-3
"average","16080","WR",119.787085201794,2.00602170287006,0.0395852017937273,117.764089686099,121.89,-3.88041479820627,1.58408968609865,-10.6521666666666,106,88,120,40,9,130.97,51.83,4.52,153.51,9.7196116177551,-47.51,"Rashid","Shaheed","NOS","WR",27,-2
"average","16194","WR",119.7475,5.28649458526158,2.34333333333333,113.98,124.9585,-3.92,-2.2,-7.58366666666663,108,99,110,41,10,66.22,29.53,7.79,59.84,11.6127636676202,48.16,"Rashee","Rice","KCC","WR",25,-3
"average","16617","WR",117.404166666667,12.5979814300193,0.27000000000001,103.9435,130.177666666667,-6.26333333333334,-12.2365,-2.36449999999999,112,117,97,42,10,126.77,50.36,5.82,124.1,18.0522120528206,-12.1,"Keon","Coleman","BUF","WR",22,-4
"average","17075","WR",117.134166666667,12.8899789888631,2.72266666666664,107.465,132.542166666667,-6.53333333333335,-8.715,0,113,108,94,43,10,121.42,49.32,12.35,105.756,16.0073128288292,7.244,"Matthew","Golden","GBP","WR",22,-5
"average","16622","WR",114.4115,3.22880302898769,1.85400000000001,112.2234,118.3335,-9.25599999999999,-3.95659999999999,-14.2086666666666,116,104,128,44,10,96.5,40.25,6.65,111.47,14.2679192596538,4.53,"Ricky","Pearsall","SFO","WR",25,-4
"average","14974","WR",112.5575,9.56975226081288,0.019999999999996,105.091,124.0035,-11.11,-11.089,-8.53866666666664,119,114,115,45,10,120.02,48.05,5.05,135.152,11.8788171128274,-16.152,"Darnell","Mooney","ATL","WR",28,0
"average","15754","WR",112.5375,8.40896495810672,0.778305084745767,102.805,120.0195,-11.13,-13.375,-12.5226666666667,120,120,124,46,10,79.55,34.28,4.88,90.836,16.2082554274049,29.164,"Chris","Olave","NOS","WR",25,-2
"average","12186","WR",111.759194915254,4.5383605759062,0.599194915254245,106.310762711864,115.3095,-11.9083050847458,-9.86923728813559,-17.2326666666666,121,113,133,47,10,107.41,43.86,4.71,103.71,10.7421617936056,17.29,"Stefon","Diggs","NEP","WR",32,5
"average","13164","WR",111.16,11.9914302733244,1.19,97.281,122.085,-12.5075,-18.899,-10.4571666666666,123,134,118,48,10,121.41,48.67,5.69,93.7766666666667,30.2227390478685,29.2233333333333,"Cooper","Kupp","SEA","WR",32,3
"average","16189","WR",109.97,5.67646603677558,0.457499999999996,103.65,114.932,-13.6975,-12.53,-17.6101666666667,128,119,135,49,11,149.56,57.88,5.72,145.264,22.26243526661,-17.264,"Marvin","Mims","DEN","WR",23,-3
"average","15761","WR",109.5125,9.93179867899063,4.31499999999998,100.77,120.9675,-14.155,-15.41,-11.5746666666666,129,123,123,50,11,105.05,43.27,4.47,111.933333333333,13.1000682780239,17.0666666666667,"Khalil","Shakir","BUF","WR",25,-2
"average","16188","WR",105.1975,19.1290013243417,0.675000000000011,86.9685,126.86,-18.47,-29.2115,-5.68216666666663,137,150,104,51,11,162.81,61.91,7.51,149.856666666667,35.7081189025067,-12.8566666666667,"Quentin","Johnston","LAC","WR",24,-3
"average","15293","WR",104.5225,15.9137328011585,0.617500000000007,92.15,123.6045,-19.145,-24.03,-8.93766666666664,140,144,116,52,11,141.95,55.19,4.9,150.6,21.2411758149119,-10.6,"Rashod","Bateman","BAL","WR",26,-1
"average","14842","WR",103.905,4.11894403943536,2.58500000000001,98.924,106.751,-19.7625,-17.256,-25.7911666666666,141,127,154,53,11,126.17,50.36,3.76,108.873333333333,29.8282794601961,32.1266666666667,"Michael","Pittman","IND","WR",28,0
"average","14840","WR",101.32,24.3760945053414,2.93833333333332,74.41125,125.49525,-22.3475,-41.76875,-7.04691666666666,144,170,108,54,12,123.95,49.3,8.55,117.628,11.1252818391266,26.372,"Brandon","Aiyuk","SFO","WR",27,0
"average","16187","WR",98.3816666666667,4.3915082197856,0.678333333333327,93.0606666666667,101.535,-25.2858333333333,-23.1193333333333,-31.0071666666666,149,143,169,55,12,112.56,45.78,4.09,124.735,11.7308563910171,24.265,"Josh","Downs","IND","WR",24,-3
"average","17072","WR",97.7033333333333,6.44719921964397,3.08083333333335,91.125,104.545333333333,-25.9641666666667,-25.055,-27.9968333333333,150,145,162,56,12,158.39,60.55,7.41,145.4325,10.3389442763756,4.5675,"Tre","Harris","LAC","WR",23,-5
"average","14105","WR",94.6225,9.38910139470227,0.148986486486478,84.952,104.0375,-29.045,-31.228,-28.5046666666666,157,157,164,57,12,162.66,61.66,5.76,148.505,31.562121680901,8.495,"Marquise","Brown","KCC","WR",28,1
"average","17081","WR",94.4735135135135,3.61753920775565,2.43601351351352,90.775,98.316945945946,-29.1939864864865,-25.405,-34.2252207207207,158,146,173,58,12,120.03,48.23,8.62,122.916,20.8730185646446,35.084,"Emeka","Egbuka","TBB","WR",23,-5
"average","17083","WR",92.0375,18.4433874780819,1.6525,71.42,108.385,-31.63,-44.76,-24.1571666666666,164,177,150,59,13,165.23,63.32,13.28,137.15,10.5029360974285,26.85,"Jayden","Higgins","HOU","WR",23,-5
"average","13633","WR",90.385,16.9054103765629,0.389166666666668,72.666,107.985,-33.2825,-43.514,-24.5571666666666,165,174,151,60,13,148.11,57.22,6.09,158.765,17.0340959548783,6.23500000000001,"Christian","Kirk","HOU","WR",29,2
"average","11938","WR",89.9958333333333,5.09313508558334,2.01166666666666,84.1785,94.279,-33.6716666666667,-32.0015,-38.2631666666666,166,158,184,61,13,177.61,66.55,7.77,164.5875,21.3655860848702,1.41249999999999,"Adam","Thielen","CAR","WR",35,6
"average","16191","WR",87.9841666666667,6.42061285582961,4.18992009132421,80.9475,94.4666666666667,-35.6833333333333,-35.2325,-38.0755,169,161,183,62,13,155.22,59.59,5.14,170.466666666667,13.2811704638141,-1.46666666666667,"Cedric","Tillman","CLE","WR",25,-3
"average","16639","WR",83.7942465753425,13.1709090322706,0.304246575342461,68.5774383561644,95.615,-39.8732534246575,-47.6025616438356,-36.9271666666667,179,188,182,63,13,189.11,70,6.55,160.995,18.950905651182,18.005,"Xavier","Legette","CAR","WR",24,-4
"average","15779","WR",83.49,14.3330381752556,1.62750000000001,71.32,100.3115,-40.1775,-44.86,-32.2306666666667,180,178,171,64,14,165.06,62.36,4.52,166.4825,23.9952040781069,13.5175,"Romeo","Doubs","GBP","WR",25,-2
"average","15319","WR",81.8625,11.3274096038474,1.045,69.89375,93.77875,-41.805,-46.28625,-38.7634166666667,181,184,185,65,14,188.33,70.16,9.21,190.235,0.00500000000000966,-9.23500000000001,"Joshua","Palmer","BUF","WR",26,-1
"average","15757","WR",80.8175,10.5072938951949,0.767499999999998,70.375,92.3555,-42.85,-45.805,-40.1866666666667,185,181,187,66,14,195.34,71.78,9.17,172.436666666667,11.2246761893409,12.5633333333334,"Wan'Dale","Robinson","NYG","WR",24,-2
"average","16342","WR",80.05,4.0583247775406,0.586132958801485,75.765,84.195,-43.6175,-40.415,-48.3471666666667,186,169,202,67,14,196.48,72.27,8.81,179.465,4.535,6.535,"Demario","Douglas","NEP","WR",25,-3
"average","16206","WR",79.4638670411985,10.5976253150657,0.10636704119851,69.939170411985,91.795,-44.2036329588015,-46.240829588015,-40.7471666666667,187,183,188,68,14,206.93,75.48,6.42,191.72,19.72,-4.72,"Michael","Wilson","ARI","WR",25,-3
"average","17070","WR",79.3575,8.95260995464451,0.972500000000011,68.8,86.8945,-44.31,-47.38,-45.6476666666666,188,187,195,69,14,155.61,59.59,6.41,162.64,26.2199364352141,25.36,"Luther","Burden","CHI","WR",22,-5
"average","17078","WR",78.385,3.92320872076246,0.672499999999985,73.705,81.406,-45.2825,-42.475,-51.1361666666666,189,172,204,70,14,204.8,75.49,11.41,159.123333333333,4.96156113424886,29.8766666666667,"Jack","Bech","LVR","WR",23,-5
"average","16628","WR",77.7125,10.3379861836498,0.322500000000005,66.6025,88.315,-45.955,-49.5775,-44.2271666666666,191,193,192,71,14,169.55,64.03,10.03,170.413333333333,17.2008378348911,20.5866666666667,"Jalen","McMillan","TBB","WR",24,-4
"average","15768","WR",77.39,22.0868150714402,0.598333333333329,51.9915,97.8675,-46.2775,-64.1885,-34.6746666666666,195,239,176,72,14,187.54,69.85,5.32,180.136666666667,16.0214030457871,14.8633333333333,"Alec","Pierce","IND","WR",25,-2
"average","17134","WR",76.7916666666667,8.05825387758139,1.74940677966102,69.975,86.2496666666667,-46.8758333333333,-46.205,-46.2925,196,182,197,73,14,176.97,67,11.9,169.843333333333,8.22461481705307,26.1566666666667,"Kyle","Williams","NEP","WR",23,-5
"average","15777","WR",75.0422598870057,24.3311332772952,5.16809322033899,55.0245310734463,103.935,-48.6252401129943,-61.1554689265537,-28.6071666666666,200,221,165,74,15,226.87,82.32,10.74,188.93,47.93,11.07,"Calvin","Austin III","PIT","WR",26,-2
"average","14122","WR",69.8741666666667,5.77760835755881,1.70166666666667,63.904,75.4605,-53.7933333333333,-52.276,-57.0816666666666,207,198,216,75,15,220.92,79.97,7.91,223,NA,-16,"Darius","Slayton","NYG","WR",28,1
"average","12187","WR",68.1725,14.0662963023913,1.02249999999999,51.195,77.1665,-55.495,-64.985,-55.3756666666666,211,246,214,76,15,241.32,87.32,11.21,220,NA,-9,"Tyler","Lockett","TEN","WR",33,5
"average","15109","WR",67.15,11.7471273084103,1.61,54.2375,78.7675,-56.5175,-61.9425,-53.7746666666666,215,225,209,77,15,249.27,89.18,7.81,NA,NA,NA,"Nick","Westbrook-Ikhine","MIA","WR",28,0
"average","11232","WR",65.54,12.3564416398897,0.391666666666666,56.545,80.4815,-58.1275,-59.635,-52.0606666666667,219,213,206,78,16,187.94,69.83,8.71,167.896,35.1789406321452,51.104,"DeAndre","Hopkins","BAL","WR",33,7
"average","14208","WR",65.1483333333333,2.98287752570121,0.64833333333334,62.6435,67.967,-58.5191666666667,-53.5365,-64.5751666666666,220,199,244,79,16,244.27,88.14,12.58,221.11,NA,-1.11000000000001,"Diontae","Johnson","CLE","WR",29,1
"average","15292","WR",64.5,8.02197398815695,0.61666666666666,55.136,71.589,-59.1675,-61.044,-60.9531666666666,222,220,229,80,16,255.19,91.7,11.46,224.235,26.435,-2.23500000000001,"Dyami","Brown","JAC","WR",26,-1
"average","13168","WR",63.8833333333333,8.71497752913531,0.123754125412546,57.32,72.395,-59.7841666666667,-58.86,-60.1471666666666,226,211,226,81,16,284.56,103.82,16.02,240.4,NA,-14.4,"Josh","Reynolds","NYJ","WR",30,3
"average","15301","WR",63.7595792079208,7.93101219918639,0.537912541254123,55.2630693069307,71.9055,-59.9079207920792,-60.9169306930693,-60.6366666666666,227,218,228,82,16,263.73,96.57,15.93,NA,NA,NA,"Tutu","Atwell","LAR","WR",26,-1
"average","11674","WR",63.2216666666667,9.47840996979745,1.81416666666667,52.7715,72.4165,-60.4458333333333,-63.4085,-60.1256666666666,228,232,225,83,16,257.02,91.98,11.73,NA,NA,NA,"Brandin","Cooks","NOS","WR",32,6
"average","15788","WR",61.4075,22.5768884407632,0.755833333333328,42.935,88.3045,-62.26,-73.245,-44.2376666666667,232,296,193,84,16,248.45,89.27,8.18,188.4,34.4,43.6,"Jalen","Tolbert","DAL","WR",26,-2
"average","13793","WR",60.6516666666667,12.3457254560855,0.39574950690335,45.8983333333333,69.651,-63.0158333333333,-70.2816666666667,-62.8911666666666,235,270,240,85,16,284.82,104.21,12.32,NA,NA,NA,"Marquez","Valdes-Scantling","SEA","WR",31,2
"average","16287","WR",60.2559171597633,21.2129178018602,0.832437875394206,40.303550295858,84.225,-63.4115828402367,-75.876449704142,-48.3171666666666,236,311,201,86,16,277.13,99.79,8.3,231.33,NA,4.66999999999999,"Tre","Tucker","LVR","WR",24,-3
"average","13641","WR",59.4234792843691,13.2998594580677,0.92181261770245,45.490829566855,73.2,-64.2440207156309,-70.689170433145,-59.3421666666667,240,272,223,87,16,279.19,102.04,18,216.85,10.15,23.15,"Ray-Ray","McCloud","ATL","WR",29,2
"average","16809","WR",58.5016666666667,9.54722938285704,0.131666666666661,47.6271666666667,67.0825,-65.1658333333333,-68.5528333333333,-65.4596666666666,245,260,246,88,16,211.62,77.33,9.96,219.88,NA,25.12,"Jalen","Coker","CAR","WR",24,-4
"average","15766","WR",58.37,NA,0.325000000000003,58.37,58.37,-65.2975,-57.81,-74.1721666666666,246,208,274,89,16,NA,170.25,9.23,NA,NA,NA,"Skyy","Moore","KCC","WR",25,-2
"average","16207","WR",58.045,10.6514991120186,2.875,49.08,70.622,-65.6225,-67.1,-61.9201666666667,250,254,234,90,17,220.15,80.1,6.67,223.75,NA,26.25,"Andrei","Iosivas","CIN","WR",26,-3
"average","13632","WR",55.17,12.4071995228577,0.270000000000003,43.325,68.142,-68.4975,-72.855,-64.4001666666666,262,288,243,91,17,325.77,119.8,19.47,NA,NA,NA,"Allen","Lazard","NYJ","WR",30,2
"average","15789","WR",54.9,29.7752693802536,0.376666666666665,33.265,90.605,-68.7675,-82.915,-41.9371666666667,265,349,190,92,17,274.22,98.4,11.04,200.105,33.605,64.895,"Christian","Watson","GBP","WR",26,-2
"average","16193","WR",54.5233333333333,10.6983004880838,1.31333333333333,44.023,60.7,-69.1441666666667,-72.157,-71.8421666666666,269,283,263,93,17,255.37,91.46,11.17,NA,NA,NA,"Kayshon","Boutte","NEP","WR",23,-3
"average","16195","WR",53.21,26.4407085129477,0.719999999999999,21.586,74.39,-70.4575,-94.594,-58.1521666666666,272,405,219,94,17,217.35,78.83,7.28,NA,NA,NA,"Dontayvion","Wicks","GBP","WR",24,-3
"average","16633","WR",52.49,13.3844424613056,0.039999999999992,39.647,63.317,-71.1775,-76.533,-69.2251666666666,277,316,256,95,17,294.3,107.31,12.55,NA,NA,NA,"Jordan","Whittington","LAR","WR",25,-4
"average","17082","WR",52.45,8.25726952448568,0.782500000000006,44.885,59.735,-71.2175,-71.295,-72.8071666666666,279,276,269,96,17,235.93,85.75,11.51,195.12,5.68000000000001,83.88,"Pat","Bryant","DEN","WR",23,-5
"average","13172","WR",51.6675,7.59446454114223,0.577500000000008,45.375,60.7005,-72,-70.805,-71.8416666666666,285,273,262,97,17,289.8,105.23,16.52,264.4,NA,20.6,"Noah","Brown","WAS","WR",29,3
"average","13809","WR",51.09,NA,0.425995525727068,51.09,51.09,-72.5775,-65.09,-81.4521666666666,287,247,320,98,17,NA,NA,NA,NA,NA,NA,"Russell","Gage","SFO","WR",29,2
"average","16626","WR",50.6640044742729,0.808271699986866,0.154004474272924,50.1202013422819,51.4612013422819,-73.0034955257271,-66.0597986577181,-81.0809653243848,293,251,316,99,17,216.17,78.67,9.22,211,NA,82,"Adonai","Mitchell","IND","WR",23,-4
"average","15981","WR",50.51,9.63137061897216,0.266666666666666,42.567,59.685,-73.1575,-73.613,-72.8571666666666,295,302,270,100,17,283.76,103.17,17.57,NA,NA,NA,"KaVontae","Turpin","DAL","WR",29,-2
"average","17087","WR",50.2433333333333,11.2706092707242,0.146666666666668,39.843,60.093,-73.4241666666667,-76.337,-72.4491666666666,298,313,268,101,17,256.19,94.05,17.95,193.105,3.105,104.895,"Dont'e","Thornton","LVR","WR",23,-5
"average","17080","WR",50.0966666666667,8.32934771355677,1.18666666666667,42.909,57.849,-73.5708333333333,-73.271,-74.6931666666666,299,297,277,102,17,227.61,83.28,10.46,188.045,10.835,110.955,"Jaylin","Noel","HOU","WR",23,-5
"average","15786","WR",48.91,12.6719493370199,1.92333333333333,36.413,57.473,-74.7575,-79.767,-75.0691666666666,308,335,279,103,18,282.94,101.4,8.23,NA,NA,NA,"Jalen","Nailor","MIN","WR",26,-2
"average","16619","WR",46.9866666666667,12.3405240299322,0.155000000000001,34.956,56.376,-76.6808333333333,-81.224,-76.1661666666666,314,344,284,104,18,312.13,112.64,12.07,222.17,NA,91.83,"Troy","Franklin","DEN","WR",22,-4
"average","17073","WR",46.8316666666667,16.1919504178259,0.141666666666673,32.1095,61.247,-76.8358333333333,-84.0705,-71.2951666666666,317,351,259,105,18,242.61,87.84,9.86,199.33,NA,117.67,"Elic","Ayomanor","TEN","WR",22,-5
"average","14977","WR",46.69,NA,0.0249999999999915,46.69,46.69,-76.9775,-69.49,-85.8521666666666,318,265,336,106,18,336,156.33,15.13,NA,NA,NA,"K.J.","Osborn","WAS","WR",28,0
"average","12785","WR",46.665,14.5799256971129,0.654542483660137,35.444,64.165,-77.0025,-80.736,-68.3771666666666,319,341,253,107,18,300.68,108.81,10.12,NA,NA,NA,"Demarcus","Robinson","SFO","WR",31,4
"average","14108","WR",46.0104575163399,13.4710810069288,2.26450188494055,32.445,60.8212745098039,-77.6570424836601,-83.735,-71.7208921568627,321,350,261,108,18,320.82,118,14.23,NA,NA,NA,"Greg","Dortch","ARI","WR",27,1
"average","13157","WR",43.7459556313993,19.293171217916,0.595955631399313,26.3595733788396,66.143,-79.9215443686007,-89.8204266211604,-66.3991666666667,329,372,247,109,18,340.53,122.37,9.8,NA,NA,NA,"Curtis","Samuel","BUF","WR",29,3
"average","13639","WR",43.15,NA,0.286666666666669,43.15,43.15,-80.5175,-73.03,-89.3921666666666,332,293,353,110,18,NA,NA,NA,NA,NA,NA,"Anthony","Miller","BAL","WR",31,2
"average","16788","WR",42.8633333333333,17.5217242936368,0.100144927536235,24.5733333333333,61.123,-80.8041666666667,-91.6066666666667,-71.4191666666666,334,383,260,111,18,249.95,90.03,7.25,249.2,NA,84.8,"Devaughn","Vele","DEN","WR",28,-4
"average","16684","WR",42.7631884057971,7.54244079237552,0.260688405797104,35.322,47.7146086956522,-80.9043115942029,-80.858,-84.8275579710145,335,343,334,112,18,276.83,98.72,7.64,NA,NA,NA,"Malik","Washington","MIA","WR",24,-4
"average","17098","WR",42.5025,32.7928908708376,0.325833333333328,7.114,75.2625,-81.165,-109.066,-57.2796666666667,338,488,218,113,18,298.72,107.47,9.05,216.56,NA,121.44,"Tory","Horton","SEA","WR",23,-5
"average","16632","WR",42.1766666666667,10.6907265110157,1.62666666666667,34.503,52.683,-81.4908333333333,-81.677,-79.8591666666667,340,345,307,114,18,292.49,106.36,9.68,242,NA,98,"Jermaine","Burton","CIN","WR",24,-4
"average","16629","WR",40.55,16.0259945089221,0.840000000000003,26.825,55.535,-83.1175,-89.355,-77.0071666666666,346,369,290,115,18,255.35,91.3,10.41,237.12,NA,108.88,"Roman","Wilson","PIT","WR",24,-4
"average","16201","WR",39.71,NA,2.23,39.71,39.71,-83.9575,-76.47,-92.8321666666666,352,314,369,116,19,NA,163,13.49,NA,NA,NA,"Xavier","Hutchinson","HOU","WR",25,-3
"average","15283","WR",37.48,22.7078224407361,0.0366666666666617,18.654,59.064,-86.1875,-97.526,-73.4781666666666,362,425,272,117,19,353,154.5,15.41,NA,NA,NA,"Rondale","Moore","MIN","WR",25,-1
"average","13377","WR",37.4433333333333,4.14181522201719,1.05,33.93,41.337,-86.2241666666667,-82.25,-91.2051666666666,363,346,360,118,19,274.39,98.5,8.94,NA,NA,NA,"Tim","Patrick","DET","WR",32,3
"average","17171","WR",36.3933333333333,9.6058385023554,0.493333333333339,27.618,44.898,-87.2741666666667,-88.562,-87.6441666666666,365,364,341,119,19,319.53,115.76,13.1,NA,NA,NA,"Chimere","Dike","TEN","WR",24,-5
"average","17086","WR",35.9,20.0029997750337,0.273333333333326,18.04,54.04,-87.7675,-98.14,-78.5021666666667,368,432,297,120,19,251.71,91.27,12.04,195.07,NA,172.93,"Jalen","Royals","KCC","WR",22,-5
"average","17097","WR",35.6266666666667,13.488740983996,1.02333333333333,22.328,44.828,-88.0408333333333,-93.852,-87.7141666666666,369,402,342,121,19,313.25,112.93,9.01,NA,NA,NA,"Tai","Felton","MIN","WR",22,-5
"average","16192","WR",34.6033333333333,4.40363864699788,0.166666666666671,30.571,38.491,-89.0641666666667,-85.609,-94.0511666666666,371,357,371,122,19,293.44,105.71,8.42,NA,NA,NA,"Parker","Washington","JAC","WR",23,-3
"average","14858","WR",34.4366666666667,11.5779114409004,0.946666666666665,23.02,41.749,-89.2308333333333,-93.16,-90.7931666666667,374,398,357,123,19,343.64,124.31,13.34,NA,NA,NA,"Van","Jefferson","TEN","WR",29,0
"average","14864","WR",33.49,NA,0.0266666666666637,33.49,33.49,-90.1775,-82.69,-99.0521666666666,378,348,387,124,19,361,146.83,11.02,NA,NA,NA,"Tyler","Johnson","NYJ","WR",27,0
"average","16751","WR",33.4633333333333,17.1893581419823,2.31219858156028,23.069,50.384,-90.2041666666667,-93.111,-82.1581666666666,379,397,324,125,19,296.5,147.89,13.01,NA,NA,NA,"Bub","Means","NOS","WR",24,-4
"average","16636","WR",31.1511347517731,12.8196488828675,0.839025047131702,19.803,42.8640638297872,-92.516365248227,-96.377,-89.6781028368794,385,417,354,126,19,357,138.29,10.52,NA,NA,NA,"Malachi","Corley","NYJ","WR",23,-4
"average","16299","WR",30.3121097046414,1.99792219553126,2.96210970464135,28.3456962025316,31.517,-93.3553902953587,-87.8343037974684,-101.025166666667,386,362,394,127,20,351.2,142.29,16.71,NA,NA,NA,"Derius","Davis","LAC","WR",25,-3
"average","11228","WR",27.35,1.48576579581036,0.260000000000002,26.34,28.815,-96.3175,-89.84,-103.727166666667,392,373,401,128,20,335.9,130.21,23.08,NA,NA,NA,"Robert","Woods","PIT","WR",33,7
"average","16196","WR",27.09,NA,0.0611965811965796,27.09,27.09,-96.5775,-89.09,-105.452166666667,395,367,406,129,20,NA,NA,NA,NA,NA,NA,"A.T.","Perry","DEN","WR",26,-3
"average","17096","WR",27.0288034188034,11.1865487763737,0.972136752136752,17.143,37.2637692307692,-96.6386965811966,-99.037,-95.2783974358974,397,444,378,130,20,304.11,111.85,11.06,NA,NA,NA,"Savion","Williams","GBP","WR",24,-5
"average","13289","WR",26.0566666666667,7.50444090744496,0.40666666666667,21.307,33.457,-97.6108333333333,-94.873,-99.0851666666667,399,406,388,131,20,328.44,117.95,8.6,NA,NA,NA,"Mack","Hollins","NEP","WR",32,3
"average","13066","WR",25.65,4.2358588267316,0.0499999999999972,21.97,29.575,-98.0175,-94.21,-102.967166666667,401,404,396,132,20,355.8,139.7,9.49,NA,NA,NA,"Kalif","Raymond","DET","WR",31,4
"average","17175","WR",25.6,15.4265193741168,0.0699999999999932,11.63,39.395,-98.0675,-104.55,-93.1471666666666,402,469,370,133,20,356.38,129.89,9.33,NA,NA,NA,"Arian","Smith","NYJ","WR",24,-5
"average","13418","WR",25.53,14.4910282588918,0.206666666666674,11.283,34.107,-98.1375,-104.897,-98.4351666666666,404,470,384,134,20,356.44,135,9.63,NA,NA,NA,"Kendrick","Bourne","NEP","WR",30,3
"average","13156","WR",25.3233333333333,8.32205703737564,1.04833333333334,19.79,33.533,-98.3441666666667,-96.39,-99.0091666666666,405,418,386,135,20,359,135.21,9.59,NA,NA,NA,"JuJu","Smith-Schuster","KCC","WR",29,3
"average","16631","WR",24.275,7.7428192539927,0.368333333333332,19.3475,29.2025,-99.3925,-96.8325,-103.339666666667,407,421,399,136,20,344,134.33,14.37,NA,NA,NA,"Ja'Lynn","Polk","NEP","WR",23,-4
"average","17157","WR",23.9066666666667,19.5032851933548,0.653333333333332,6.212,41.312,-99.7608333333333,-109.968,-91.2301666666666,409,494,361,137,20,290.1,107.11,12.6,210.605,9.845,198.395,"Isaac","TeSlaa","DET","WR",23,-5
"average","16635","WR",23.2533333333333,5.18175002613339,0.866666666666667,19.35,28.314,-100.414166666667,-96.83,-104.228166666667,412,420,405,138,20,295.43,106.88,9.24,263,NA,149,"Luke","McCaffrey","WAS","WR",24,-4
"average","16393","WR",22.3866666666667,6.60730908413806,0.394999999999996,17.96,28.904,-101.280833333333,-98.22,-103.638166666667,414,433,400,139,20,330.67,146,11.29,NA,NA,NA,"Jake","Bobo","SEA","WR",27,-3
"average","15755","WR",21.9916666666667,3.51522521800998,0.315000000000005,18.5315,24.116,-101.675833333333,-97.6485,-108.426166666667,417,427,413,140,20,342.91,123.46,10.62,NA,NA,NA,"Jahan","Dotson","PHI","WR",25,-2
"average","13176","WR",21.6766666666667,4.55199223783756,0.996666666666666,18.93,26.157,-101.990833333333,-97.25,-106.385166666667,418,424,408,141,21,356.43,134.18,11.54,NA,NA,NA,"Zay","Jones","ARI","WR",30,3
"average","15984","WR",20.68,NA,0.038333333333334,20.68,20.68,-102.9875,-95.5,-111.862166666667,423,411,423,142,21,NA,NA,NA,NA,NA,NA,"Irvin","Charles","NYJ","WR",28,-2
"average","15288","WR",20.6416666666667,3.89330301072667,0.541666666666668,17.6165,24.4205,-103.025833333333,-98.5635,-108.121666666667,424,436,412,143,21,264.66,94.45,10.3,NA,NA,NA,"Elijah","Moore","BUF","WR",25,-1
"average","16204","WR",20.1,0,0.699999999999996,20.1,20.1,-103.5675,-96.08,-112.442166666667,426,414,424,144,21,306.53,111.31,14.92,138.855,70.255,287.145,"Tank","Dell","HOU","WR",26,-3
"average","17077","WR",19.4,0,0.485000000000003,19.4,19.4,-104.2675,-96.78,-113.142166666667,427,419,427,145,21,279.23,102.22,18.85,229.2,NA,197.8,"Xavier","Restrepo","TEN","WR",23,-5
"average","13668","WR",18.915,0.827314933988259,0.189999999999998,18.3885,19.4415,-104.7525,-97.7915,-113.100666666667,428,430,426,146,21,NA,147,19.03,NA,NA,NA,"D.J.","Chark","ATL","WR",29,2
"average","17184","WR",18.725,0.388908729652599,0.0250000000000021,18.4775,18.9725,-104.9425,-97.7025,-113.569666666667,430,429,428,147,21,323.93,117.56,12.72,NA,NA,NA,"Jaylin","Lane","WAS","WR",23,-5
"average","13963","WR",18.7,4.2142615011411,0.0999999999999979,15.06,22.62,-104.9675,-101.12,-109.922166666667,432,457,418,148,21,352.5,132.55,13.79,NA,NA,NA,"KhaDarel","Hodge","ATL","WR",30,2
"average","14118","WR",18.6,0,1.07,18.6,18.6,-105.0675,-97.58,-113.942166666667,433,426,431,149,21,NA,NA,NA,NA,NA,NA,"Lil'Jordan","Humphrey","NYG","WR",27,1
"average","14992","WR",17.53,NA,0.145000000000003,17.53,17.53,-106.1375,-98.65,-115.012166666667,436,437,436,150,21,NA,NA,NA,NA,NA,NA,"Quez","Watkins","ARI","WR",27,0
"average","17079","WR",17.385,6.95085965906376,0.0249999999999986,12.9615,21.8085,-106.2825,-103.2185,-110.733666666667,438,465,420,151,21,300.97,111.95,18.75,NA,NA,NA,"Tez","Johnson","TBB","WR",23,-5
"average","15780","WR",17.36,NA,0.0699999999999967,17.36,17.36,-106.3075,-98.82,-115.182166666667,439,438,437,152,21,NA,NA,NA,NA,NA,NA,"Erik","Ezukanma","MIA","WR",25,-2
"average","16758","WR",17.29,NA,0.600000000000001,17.29,17.29,-106.3775,-98.89,-115.252166666667,440,441,438,153,21,NA,193.5,0.5,NA,NA,NA,"Jha'Quan","Jackson","TEN","WR",25,-4
"average","12658","WR",16.69,0.834386001800126,0.643333333333334,16.159,17.221,-106.9775,-100.021,-115.321166666667,443,449,439,154,21,NA,154.2,5.64,NA,NA,NA,"Sterling","Shepard","TBB","WR",32,4
"average","16183","WR",16.0466666666667,10.4571761644018,0.0566666666666649,5.74,23.236,-107.620833333333,-110.44,-109.306166666667,445,499,415,155,21,359.8,131.38,9.24,NA,NA,NA,"Jalin","Hyatt","NYG","WR",24,-3
"average","15303","WR",15.99,NA,1.28,15.99,15.99,-107.6775,-100.19,-116.552166666667,446,451,447,156,21,NA,177,3,NA,NA,NA,"Simi","Fehoko","ARI","WR",28,-1
"average","14112","WR",14.71,NA,0.129999999999997,14.71,14.71,-108.9575,-101.47,-117.832166666667,455,461,448,157,21,NA,NA,NA,NA,NA,NA,"Parris","Campbell","DAL","WR",28,1
"average","12394","WR",14.58,NA,0.160000000000002,14.58,14.58,-109.0875,-101.6,-117.962166666667,456,462,449,158,21,NA,177,17.11,NA,NA,NA,"DeAndre","Carter","CLE","WR",32,5
"average","15285","WR",14.42,NA,0.0749999999999993,14.42,14.42,-109.2475,-101.76,-118.122166666667,457,463,451,159,21,NA,166,16.99,NA,NA,NA,"Tylan","Wallace","BAL","WR",26,-1
"average","15759","WR",14.345,3.04763022691402,0.0883333333333329,12.4055,16.2845,-109.3225,-103.7745,-116.257666666667,458,467,445,160,21,320.24,117.68,16.33,NA,NA,NA,"John","Metchie","HOU","WR",25,-2
"average","14592","WR",14.2566666666667,6.6937010191174,1.30333333333333,7.657,18.817,-109.410833333333,-108.523,-113.725166666667,460,485,430,161,21,370.43,136.86,8.25,NA,NA,NA,"Olamide","Zaccheaus","CHI","WR",28,1
"average","17205","WR",12.9533333333333,8.75708475083651,0.173333333333334,4.936,20.686,-110.714166666667,-111.244,-111.856166666667,468,504,422,162,21,331.56,128.14,21.01,232.5,NA,235.5,"KeAndre","Lambert-Smith","LAC","WR",24,-5
"average","16686","WR",12.78,NA,0.0299999999999994,12.78,12.78,-110.8875,-103.4,-119.762166666667,469,466,456,163,21,NA,165.5,8.06,NA,NA,NA,"Ainias","Smith","PHI","WR",24,-4
"average","16637","WR",12.75,6.01040764008565,0.43,8.925,16.575,-110.9175,-107.255,-115.967166666667,470,483,444,164,21,330,142.25,22.8,NA,NA,NA,"Javon","Baker","NEP","WR",23,-4
"average","16005","WR",12.32,NA,0.18,12.32,12.32,-111.3475,-103.86,-120.222166666667,475,468,460,165,21,NA,179.5,2.5,NA,NA,NA,"Tim","Jones","MIN","WR",27,-1
"average","13776","WR",12.14,5.16050385136955,0.73,7.372,16.642,-111.5275,-108.808,-115.900166666667,476,487,442,166,22,NA,156.25,14.96,NA,NA,NA,"Justin","Watson","HOU","WR",29,2
"average","13646","WR",11.41,10.7621652096593,0.419999999999998,4.561,18.259,-112.2575,-111.619,-114.283166666667,477,508,434,167,22,291.5,146.83,13.61,NA,NA,NA,"Michael","Gallup","WAS","WR",29,2
"average","15589","WR",10.99,NA,1.77635683940025e-15,10.99,10.99,-112.6775,-105.19,-121.552166666667,478,471,463,168,22,NA,NA,NA,NA,NA,NA,"Cody","White","SEA","WR",27,0
"average","15941","WR",10.99,NA,0,10.99,10.99,-112.6775,-105.19,-121.552166666667,478,471,463,168,22,NA,NA,NA,NA,NA,NA,"Dareke","Young","SEA","WR",26,-2
"average","15785","WR",10.99,NA,0.279999999999999,10.99,10.99,-112.6775,-105.19,-121.552166666667,478,472,464,169,22,NA,176.75,6.38,NA,NA,NA,"Bo","Melton","GBP","WR",26,-2
"average","13652","WR",10.71,NA,0.17,10.71,10.71,-112.9575,-105.47,-121.832166666667,479,473,467,170,22,380.5,162,16.22,NA,NA,NA,"Cedrick","Wilson","NOS","WR",30,2
"average","16621","WR",10.54,NA,0.33,10.54,10.54,-113.1275,-105.64,-122.002166666667,480,474,471,171,22,366.6,137.44,10.56,NA,NA,NA,"Devontez","Walker","BAL","WR",24,-4
"average","15491","WR",10.21,NA,0.950000000000001,10.21,10.21,-113.4575,-105.97,-122.332166666667,481,475,474,172,22,NA,161,1,NA,NA,NA,"Ben","Skowronek","PIT","WR",28,-1
"average","16066","WR",9.26,NA,0.0499999999999989,9.26,9.26,-114.4075,-106.92,-123.282166666667,482,476,479,173,22,NA,NA,NA,NA,NA,NA,"Maurice","Alexander","CHI","WR",28,-1
"average","15841","WR",9.21,NA,0.0800000000000018,9.21,9.21,-114.4575,-106.97,-123.332166666667,483,477,481,174,22,NA,NA,NA,NA,NA,NA,"Samori","Toure","CHI","WR",27,-2
"average","16634","WR",9.13,NA,0.0499999999999989,9.13,9.13,-114.5375,-107.05,-123.412166666667,484,478,483,175,22,NA,NA,NA,NA,NA,NA,"Xavier","Weaver","ARI","WR",25,-4
"average","16625","WR",9.08,NA,0.00999999999999979,9.08,9.08,-114.5875,-107.1,-123.462166666667,485,479,484,176,22,NA,150.57,8.52,NA,NA,NA,"Johnny","Wilson","PHI","WR",24,-4
"average","13348","WR",9.07,NA,0.0199999999999996,9.07,9.07,-114.5975,-107.11,-123.472166666667,486,480,485,177,22,NA,148.25,16.39,NA,NA,NA,"David","Moore","CAR","WR",30,3
"average","14123","WR",9.05,NA,0.0299999999999994,9.05,9.05,-114.6175,-107.13,-123.492166666667,487,481,487,178,22,257.8,129.78,30.45,NA,NA,NA,"Hunter","Renfrow","CAR","WR",30,1
"average","14315","WR",9.02,NA,0.58,9.02,9.02,-114.6475,-107.16,-123.522166666667,488,482,488,179,22,NA,171.5,12.3,NA,NA,NA,"Ashton","Dulin","IND","WR",28,1
"average","16413","WR",8.44,NA,0.135000000000002,8.44,8.44,-115.2275,-107.74,-124.102166666667,489,484,492,180,22,NA,190.5,1.5,NA,NA,NA,"Malik","Heath","GBP","WR",25,-3
"average","13308","WR",8.305,6.5124534547281,0.319999999999999,4.1605,12.4495,-115.3625,-112.0195,-120.092666666667,490,510,459,181,22,NA,NA,NA,NA,NA,NA,"Jamal","Agnew","ATL","WR",30,3
"average","17238","WR",7.985,1.67584307141212,0.49,6.9185,9.0515,-115.6825,-109.2615,-123.490666666667,491,490,486,182,22,NA,NA,NA,NA,NA,NA,"Tommy","Mellott","LVR","WR",NA,-5
"average","16197","WR",7.495,1.27986327394765,0.0450000000000008,6.6805,8.3095,-116.1725,-109.4995,-124.232666666667,492,492,493,183,22,371.33,140.69,7.32,NA,NA,NA,"Jonathan","Mingo","DAL","WR",24,-3
"average","16203","WR",7.45,NA,0.0249999999999995,7.45,7.45,-116.2175,-108.73,-125.092166666667,493,486,498,184,22,NA,174.67,23.21,NA,NA,NA,"Charlie","Jones","CIN","WR",27,-3
"average","13634","WR",7.425,1.37885822331377,0.495000000000001,6.5475,8.3025,-116.2425,-109.6325,-124.239666666667,494,493,494,185,22,NA,NA,NA,NA,NA,NA,"Dante","Pettis","NOS","WR",30,2
"average","14113","WR",6.93,NA,0.0499999999999998,6.93,6.93,-116.7375,-109.25,-125.612166666667,495,489,500,186,22,NA,155.6,14.47,NA,NA,NA,"Mecole","Hardman","GBP","WR",27,1
"average","15302","WR",6.88,NA,0.565,6.88,6.88,-116.7875,-109.3,-125.662166666667,496,491,501,187,22,NA,181,14,NA,NA,NA,"Dee","Eskridge","MIA","WR",28,-1
"average","15752","WR",6.315,1.29400540957138,0.275,5.4915,7.1385,-117.3525,-110.6885,-125.403666666667,497,500,499,188,22,348.5,147.8,6.31,NA,NA,NA,"Treylon","Burks","TEN","WR",25,-2
"average","16015","WR",6.04,NA,0.0699999999999994,6.04,6.04,-117.6275,-110.14,-126.502166666667,498,495,502,189,22,NA,NA,NA,NA,NA,NA,"Kendric","Pryor","CIN","WR",27,-2
"average","16364","WR",5.97,NA,0.100000000000001,5.97,5.97,-117.6975,-110.21,-126.572166666667,499,496,503,190,22,NA,170.5,11.54,NA,NA,NA,"Jalen","Brooks","DAL","WR",25,-3
"average","17192","WR",5.87,NA,0.0099999999999989,5.87,5.87,-117.7975,-110.31,-126.672166666667,500,497,504,191,22,354.67,148,15.94,NA,NA,NA,"Jordan","Watkins","SFO","WR",23,-5
"average","14859","WR",5.86,NA,0.44,5.86,5.86,-117.8075,-110.32,-126.682166666667,501,498,505,192,22,NA,NA,NA,NA,NA,NA,"Trishton","Jackson","ARI","WR",27,0
"average","15792","WR",5.42,NA,0.0899999999999999,5.42,5.42,-118.2475,-110.76,-127.122166666667,503,501,506,193,22,NA,176.25,12.97,NA,NA,NA,"Michael","Woods","CLE","WR",25,-2
"average","16499","WR",5.33,NA,0.31,5.33,5.33,-118.3375,-110.85,-127.212166666667,504,502,507,194,22,NA,NA,NA,NA,NA,NA,"Chris","Blair","ATL","WR",28,-1
"average","13488","WR",5.02,NA,0.21,5.02,5.02,-118.6475,-111.16,-127.522166666667,505,503,510,195,22,NA,NA,NA,NA,NA,NA,"Zach","Pascal","NYG","WR",31,3
"average","14125","WR",4.81,NA,0.140000000000001,4.81,4.81,-118.8575,-111.37,-127.732166666667,506,505,511,196,22,NA,NA,NA,NA,NA,NA,NA,NA,NA,NA,NA,NA
"average","15772","WR",4.67,NA,0.0199999999999996,4.67,4.67,-118.9975,-111.51,-127.872166666667,507,506,512,197,22,NA,NA,NA,NA,NA,NA,"Britain","Covey","LAR","WR",28,-2
"average","16624","WR",4.65,NA,0.0449999999999999,4.65,4.65,-119.0175,-111.53,-127.892166666667,508,507,513,198,22,NA,156.4,28.58,NA,NA,NA,"Jamari","Thrash","CLE","WR",25,-4
"average","16120","WR",4.605,0.855599205235723,0.0750000000000002,4.0605,5.1495,-119.0625,-112.1195,-127.392666666667,509,512,508,199,22,NA,153.5,1.5,NA,NA,NA,"Austin","Trammell","JAC","WR",27,-1
"average","16949","WR",4.53,NA,0.0350000000000001,4.53,4.53,-119.1375,-111.65,-128.012166666667,510,509,514,200,22,NA,NA,NA,NA,NA,NA,"Brycen","Tremayne","CAR","WR",26,-3
"average","14280","WR",4.495,0.841457069611991,0.355,3.9595,5.0305,-119.1725,-112.2205,-127.511666666667,511,513,509,201,22,NA,144.5,8.5,NA,NA,NA,"Scotty","Miller","PIT","WR",28,1
"average","13893","WR",4.14,NA,0.25,4.14,4.14,-119.5275,-112.04,-128.402166666667,512,511,515,202,22,NA,178.5,4.5,NA,NA,NA,"Trent","Sherfield","DEN","WR",29,2
"average","14847","WR",3.89,NA,0.0100000000000007,3.89,3.89,-119.7775,-112.29,-128.652166666667,513,514,516,203,22,NA,184.5,6.5,NA,NA,NA,"Devin","Duvernay","CHI","WR",28,0
"average","15758","WR",3.88,NA,0.149999999999999,3.88,3.88,-119.7875,-112.3,-128.662166666667,514,515,517,204,22,331,164.4,20.14,NA,NA,NA,"David","Bell","CLE","WR",25,-2
"average","16205","WR",3.73,NA,0.23,3.73,3.73,-119.9375,-112.45,-128.812166666667,515,516,518,205,22,NA,199,5.35,NA,NA,NA,"Tyler","Scott","CHI","WR",24,-3
"average","17100","WR",3.5,NA,0.12,3.5,3.5,-120.1675,-112.68,-129.042166666667,516,517,519,206,22,NA,161.2,13.09,NA,NA,NA,"Nick","Nash","ATL","WR",25,-5
"average","17234","WR",3.38,NA,0.0800000000000001,3.38,3.38,-120.2875,-112.8,-129.162166666667,517,518,520,207,22,NA,160.4,19.6,NA,NA,NA,"Jimmy","Horn","CAR","WR",23,-5
"average","16630","WR",3.3,NA,0.0100000000000002,3.3,3.3,-120.3675,-112.88,-129.242166666667,518,519,521,208,22,NA,NA,NA,NA,NA,NA,"Isaiah","Williams","CIN","WR",24,-4
"average","16732","WR",3.29,NA,0.29,3.29,3.29,-120.3775,-112.89,-129.252166666667,519,520,522,209,22,NA,184.33,13.77,NA,NA,NA,"Anthony","Gould","IND","WR",24,-4
"average","16198","WR",3,NA,0.23,3,3,-120.6675,-113.18,-129.542166666667,520,521,523,210,23,NA,178,14.92,NA,NA,NA,"Rakim","Jarrett","TBB","WR",24,-3
"average","16199","WR",2.77,NA,0.0900000000000003,2.77,2.77,-120.8975,-113.41,-129.772166666667,521,522,524,211,23,NA,174.2,10.8,NA,NA,NA,"Trey","Palmer","TBB","WR",24,-3
"average","16416","WR",2.68,NA,0.00999999999999979,2.68,2.68,-120.9875,-113.5,-129.862166666667,522,523,525,212,23,NA,165.2,9.33,NA,NA,NA,"Xavier","Gipson","NYJ","WR",24,-3
"average","16778","WR",2.67,NA,0.12,2.67,2.67,-120.9975,-113.51,-129.872166666667,523,524,526,213,23,NA,198,1,NA,NA,NA,"Ryan","Flournoy","DAL","WR",26,-4
"average","14838","WR",2.55,NA,0.14,2.55,2.55,-121.1175,-113.63,-129.992166666667,524,525,527,214,23,NA,NA,NA,NA,NA,NA,"Laviska","Shenault","BUF","WR",27,0
"average","16640","WR",2.41,NA,0.00999999999999979,2.41,2.41,-121.2575,-113.77,-130.132166666667,525,526,528,215,23,352.08,129.35,11.84,NA,NA,NA,"Jacob","Cowing","SFO","WR",24,-4
"average","14613","WR",2.4,NA,0.85,2.4,2.4,-121.2675,-113.78,-130.142166666667,526,527,529,216,23,NA,NA,NA,NA,NA,NA,"Steven","Sims","SEA","WR",28,1
"average","13638","WR",1.55,NA,0.35,1.55,1.55,-122.1175,-114.63,-130.992166666667,527,528,530,217,23,NA,191,3.27,NA,NA,NA,"Braxton","Berrios","HOU","WR",30,2
"average","17232","WR",1.2,NA,0.1,1.2,1.2,-122.4675,-114.98,-131.342166666667,528,529,531,218,23,NA,181.5,6.5,NA,NA,NA,"LaJohntay","Wester","BAL","WR",23,-5
"average","16428","WR",1.1,NA,0.4,1.1,1.1,-122.5675,-115.08,-131.442166666667,529,530,532,219,23,NA,154.5,13.5,NA,NA,NA,"Xavier","Smith","LAR","WR",28,-3
"average","12773","WR",0.7,NA,0.225,0.7,0.7,-122.9675,-115.48,-131.842166666667,530,531,533,220,23,NA,NA,NA,NA,NA,NA,"Chris","Moore","WAS","WR",32,4
"average","15434","WR",0.475,0.247487373415292,0,0.3175,0.6325,-123.1925,-115.8625,-131.909666666667,531,532,534,221,23,NA,169,6,NA,NA,NA,"Ihmir","Smith-Marsette","NYG","WR",26,-1
"average","13299","TE",150.4725,16.4618050346856,2.79500000000002,137.29,170.0635,64.6725,55.31,72.6685,27,29,24,1,1,21.13,1.72,0.56,44.0666666666667,5.36210054197254,-17.0666666666667,"George","Kittle","SFO","TE",32,3
"average","16641","TE",147.6775,7.51704895554101,8.755,139.0615,154.505,61.8775,57.0815,57.11,28,28,34,2,2,21.58,1.58,0.81,40.7433333333333,31.8627884669388,-12.7433333333333,"Brock","Bowers","LVR","TE",23,-4
"average","15794","TE",138.9225,4.84334853174951,22.825,133.9665,143.42,53.1225,51.9865,46.025,34,31,44,3,3,31.98,2.75,0.51,38.5933333333333,10.393898316908,-4.59333333333333,"Trey","McBride","ARI","TE",26,-2
"average","16214","TE",116.0975,6.08117518796052,1.20999999999999,111.395,123.3935,30.2975,29.415,25.9985,55,52,60,4,3,59.64,4.3,0.63,53.1466666666667,12.0778939481278,1.85333333333333,"Sam","LaPorta","DET","TE",24,-3
"average","13671","TE",114.8875,10.0656490931617,10.9475,106.82,126.5425,29.0875,24.84,29.1475,58,55,57,5,4,68.7,5.7,1.97,71.2583333333333,16.2100096819493,-13.2583333333333,"Mark","Andrews","BAL","TE",30,2
"average","11244","TE",103.94,8.68023041168839,1.59999999999999,95.83,113.744,18.14,13.85,16.349,70,71,71,6,4,88.59,8.15,2.47,66.8133333333333,21.0199918067433,3.18666666666667,"Travis","Kelce","KCC","TE",36,7
"average","14138","TE",102.34,1.85285365495138,4.14500000000001,100.78,104.516,16.54,18.8,7.121,72,64,80,7,4,77.31,6.34,1.57,78.234,16.0244558097927,-6.23400000000001,"T.J.","Hockenson","MIN","TE",28,1
"average","13192","TE",98.195,6.03755745314279,4.88499999999999,90.955,102.922,12.395,8.97500000000001,5.52699999999999,78,77,86,8,5,93.91,9.09,2.51,101.584,7.04566987588831,-23.584,"David","Njoku","CLE","TE",29,3
"average","13674","TE",93.31,9.621593769572,2.83500000000001,85.971,104.905,7.51,3.99100000000003,7.50999999999999,80,83,79,9,6,118.75,13.4,2.47,129.652,18.6022422304409,-49.652,"Dallas","Goedert","PHI","TE",30,2
"average","16222","TE",90.475,7.40872233699352,3.17999999999999,81.98,97.395,4.675,0,0,84,94,94,10,6,94.2,9.36,1.47,115.22,10.0283458257083,-31.22,"Tucker","Kraft","GBP","TE",25,-3
"average","17102","TE",87.295,3.82035338679552,1.30499999999999,83.905,91.427,1.495,1.92500000000003,-5.968,90,87,105,11,6,111.7,12.28,3.67,115.44,15.8907381829794,-25.44,"Tyler","Warren","IND","TE",23,-5
"average","15329","TE",85.99,3.26834310724358,0.190000000000012,83.466,89.795,0.190000000000012,1.48600000000002,-7.60000000000002,93,89,111,12,6,131.44,14.64,3.03,120.366,29.3771847527975,-27.366,"Kyle","Pitts","ATL","TE",25,-1
"average","11247","TE",85.8,14.606220136184,0.737499999999997,73.965,103.13,0,-8.01499999999999,5.73499999999999,94,107,84,13,7,169.84,19.7,3.15,143.963333333333,21.1699548627032,-49.9633333333333,"Zach","Ertz","WAS","TE",35,7
"average","13189","TE",85.0625,3.06848904185758,1.2775,82.2675,87.98,-0.737499999999997,0.287500000000009,-9.41500000000002,97,93,117,14,7,99.28,10.25,3.19,111.378,23.7427533365446,-14.378,"Evan","Engram","DEN","TE",31,3
"average","16213","TE",83.785,4.50372808533848,0.709999999999994,80.3,89.181,-2.015,-1.67999999999999,-8.21400000000001,98,98,114,15,7,117.13,12.87,2.52,136.926,9.82926975924458,-38.926,"Dalton","Kincaid","BUF","TE",26,-3
"average","12263","TE",83.075,17.7156475090996,0.230000000000004,66.0375,103.1225,-2.72499999999999,-15.9425,5.72749999999999,101,125,85,16,7,243,29.8,6.14,168.2525,35.7143783195228,-67.2525,"Darren","Waller","MIA","TE",33,5
"average","17104","TE",82.845,9.25390548183126,0.6875,72.797,92.13,-2.955,-9.18299999999999,-5.265,102,111,102,17,7,134.17,15.47,3.27,110.4325,10.7067183931399,-8.4325,"Colston","Loveland","CHI","TE",21,-5
"average","15799","TE",82.1575,1.16757226757063,0.592500000000001,80.755,83.0595,-3.6425,-1.22499999999998,-14.3355,104,97,129,18,7,137.33,15.85,2.94,135.488,8.18951378288113,-31.488,"Jake","Ferguson","DAL","TE",26,-2
"average","12676","TE",81.565,4.22858132238225,2.32000000000001,77.956,86.315,-4.235,-4.02399999999999,-11.08,110,105,122,19,7,155.13,18.04,3.06,151.402,9.41616142597396,-41.402,"Hunter","Henry","NEP","TE",31,4
"average","13193","TE",79.245,18.5880275087667,2.64749999999999,64.125,101.162,-6.55500000000001,-17.855,3.76699999999998,114,131,89,20,8,142.59,16.23,4.78,125.594,28.1818832585759,-11.594,"Jonnu","Smith","PIT","TE",30,3
"average","15802","TE",76.5975,10.0549336977758,0.0949999999999989,64.371,83.1925,-9.2025,-17.609,-14.2025,115,129,127,21,8,208.7,24.17,3.47,162.006,16.0101825098904,-47.006,"Cade","Otton","TBB","TE",26,-2
"average","13672","TE",76.5025,2.61508922728588,0.887499999999989,74.5365,79.655,-9.2975,-7.44349999999999,-17.74,117,106,136,22,8,208.65,24.54,5.25,169.733333333333,30.7984895012005,-52.7333333333333,"Mike","Gesicki","CIN","TE",30,2
"average","15798","TE",75.615,9.65295636925117,3.0325,66.23,86.449,-10.185,-15.75,-10.946,118,124,121,23,9,164.56,19.13,4.51,143.246,19.1381719085183,-25.246,"Isaiah","Likely","BAL","TE",25,-2
"average","16269","TE",72.5825,7.4354259012738,3.2175,64.357,79.9575,-13.2175,-17.623,-17.4375,125,130,134,24,9,187.86,22.25,5.25,178.463333333333,4.94570745416894,-53.4633333333333,"Brenton","Strange","JAC","TE",25,-3
"average","13772","TE",69.365,7.95844834122834,1.22,62.39,78.699,-16.435,-19.59,-18.696,133,138,140,25,9,235.03,27.77,3.71,206.305,6.905,-73.305,"Dalton","Schultz","HOU","TE",29,2
"average","14861","TE",68.145,6.6611385413206,0.182500000000005,62.475,75.992,-17.655,-19.505,-21.403,134,137,147,26,9,247.53,29.65,3.98,227.82,NA,-93.82,"Juwan","Johnson","NOS","TE",29,0
"average","15889","TE",67.9625,7.50459581412173,0.497500000000002,62.6575,76.96,-17.8375,-19.3225,-20.435,135,136,144,27,9,222.6,25.9,3.65,189.86,7.80999999999999,-54.86,"Chigoziem","Okonkwo","TEN","TE",26,-2
"average","15331","TE",67.465,14.4405297686754,0.164999999999992,52.499,82.97,-18.335,-29.481,-14.425,136,151,130,28,9,203.14,23.87,3.8,155.818,23.1850049816686,-19.818,"Pat","Freiermuth","PIT","TE",27,-1
"average","16649","TE",67.3,4.39336621130844,3.0125,63.5525,72.0625,-18.5,-18.4275,-25.3325,139,133,153,29,10,260.39,32.41,4.95,205,NA,-66,"Theo","Johnson","NYG","TE",24,-4
"average","12678","TE",64.2875,17.6376195956257,1.3875,44.085,80.6925,-21.5125,-37.895,-16.7025,143,165,132,30,10,292.53,38.7,4.87,224.44,NA,-81.44,"Tyler","Higbee","LAR","TE",32,4
"average","17215","TE",62.9,0,0.867500000000007,62.9,62.9,-22.9,-19.08,-34.495,146,135,175,31,10,NA,81,10.26,NA,NA,NA,"Robbie","Ouzts","SEA","TE",23,-5
"average","17106","TE",62.0325,8.46186888340868,5.575,53.7555,71.51,-23.7675,-28.2245,-25.885,147,147,155,32,11,225.34,26.37,4.2,162.9,17.63,-15.9,"Mason","Taylor","NYJ","TE",21,-5
"average","17108","TE",56.4575,21.3632213160843,0.439999999999998,31.7645,75.47,-29.3425,-50.2155,-21.925,159,195,148,33,11,234.17,27.78,5.04,172.04,11.5,-13.04,"Elijah","Arroyo","SEA","TE",22,-5
"average","16643","TE",56.0175,6.45751951861806,6.005,50.8295,63.715,-29.7825,-31.1505,-33.68,161,156,172,34,12,255.17,30.44,3.02,187,NA,-26,"Ja'Tavion","Sanders","CAR","TE",22,-4
"average","13675","TE",50.0125,13.3761837482395,2.63550368051776,37.36,65.2725,-35.7875,-44.62,-32.1225,170,176,170,35,13,303.19,40,4.25,NA,NA,NA,"Tyler","Conklin","LAC","TE",30,2
"average","14137","TE",47.3769963194822,12.6313396782773,0.246996319482243,36.5445,62.2806977916893,-38.4230036805178,-45.4355,-35.1143022083107,174,180,177,36,13,288.22,37.76,5.76,NA,NA,NA,"Noah","Fant","CIN","TE",28,1
"average","14239","TE",47.13,16.2253721066729,0.345000000000006,36.711,63.135,-38.67,-45.269,-34.26,175,179,174,37,13,347.46,47.6,4.41,NA,NA,NA,"Foster","Moreau","NOS","TE",28,1
"average","13763","TE",46.785,13.7778892916634,0.632499999999993,33.67,61.741,-39.015,-48.31,-35.654,176,190,179,38,13,303.74,40.5,4.41,NA,NA,NA,"Will","Dissly","LAC","TE",29,2
"average","15337","TE",46.1525,5.55784955415911,2.65916666666666,39.6415,51.05,-39.6475,-42.3385,-46.345,178,171,198,39,13,273.1,34.19,3.77,217.7,NA,-39.7,"Noah","Gray","KCC","TE",26,-1
"average","13424","TE",43.4933333333333,13.3769440954701,0.0733333333333377,33.708,56.613,-42.3066666666667,-48.272,-40.782,183,189,189,40,13,261.3,33.64,7.05,149.9,57.1,33.1,"Taysom","Hill","NOS","TE",35,3
"average","16723","TE",43.42,1.12454435217113,3.6625,42.185,44.368,-42.38,-39.795,-53.027,184,168,208,41,14,316.81,43.35,6.54,NA,NA,NA,"AJ","Barner","SEA","TE",23,-4
"average","14867","TE",39.7575,16.5632089785363,2.2025,23.31,58.0145,-46.0425,-58.67,-39.3805,192,210,186,42,14,254.42,31.43,5.65,198.64,NA,-6.63999999999999,"Cole","Kmet","CHI","TE",26,0
"average","16212","TE",37.555,5.3067033080812,0.664999999999999,32.028,42.9,-48.245,-49.952,-54.495,199,194,211,43,14,334.5,45.35,2.9,257.4,NA,-58.4,"Michael","Mayer","LVR","TE",24,-3
"average","15626","TE",36.89,14.4391204718293,4.3275,27.701,46.079,-48.91,-54.279,-51.316,201,200,205,44,15,373,70.8,6.43,NA,NA,NA,"Brock","Wright","DET","TE",27,-1
"average","17107","TE",32.5625,1.68590974451976,0.475000000000001,30.545,33.7925,-53.2375,-51.435,-63.6025,205,197,241,45,15,270.63,33.82,4.8,160.53,NA,44.47,"Terrance","Ferguson","LAR","TE",22,-5
"average","12677","TE",32.0875,7.75503868462305,0.312499999999993,22.9525,38.58,-53.7125,-59.0275,-58.815,206,212,220,46,15,340.94,46.67,5.32,NA,NA,NA,"Austin","Hooper","NEP","TE",31,4
"average","15916","TE",31.775,16.4402326625872,0.597500000000004,21.3125,42.2375,-54.025,-60.6675,-55.1575,208,215,212,47,15,NA,75.2,9.7,NA,NA,NA,"Andrew","Ogletree","IND","TE",27,-2
"average","14143","TE",31.1775,5.75117596670455,0.725000000000001,24.38,35.6265,-54.6225,-57.6,-61.7685,209,207,232,48,15,320.1,42.65,4.04,NA,NA,NA,"Dawson","Knox","BUF","TE",29,1
"average","17103","TE",30.4525,9.68557475492979,0.762499999999999,23.355,42.1665,-55.3475,-58.625,-55.2285,210,209,213,49,15,283.34,36.53,4.37,177.18,NA,32.82,"Harold","Fannin","CLE","TE",21,-5
"average","15330","TE",29.69,13.1663282656935,0.086666666666666,21.311,38.069,-56.11,-60.669,-59.326,213,216,222,50,15,374,65.71,8.05,NA,NA,NA,"Brevin","Jordan","HOU","TE",25,-1
"average","17099","TE",29.6033333333333,5.78411906285939,1.15083333333333,25.581,35.301,-56.1966666666667,-56.399,-62.094,214,203,235,51,16,280.44,36.94,11.24,230.57,NA,-16.57,"Oronde","Gadsden","LAC","TE",22,-5
"average","15332","TE",28.4525,8.408429797927,0.215,19.2965,37.045,-57.3475,-62.6835,-60.35,216,230,227,52,16,358.38,50.38,4.58,NA,NA,NA,"Tommy","Tremble","CAR","TE",25,-1
"average","16644","TE",28.2375,8.38891878213953,1.5575,18.4475,34.79,-57.5625,-63.5325,-62.605,218,233,237,53,16,300.83,38.81,4.91,199.14,NA,18.86,"Ben","Sinnott","WAS","TE",23,-4
"average","15800","TE",26.68,15.1603693886396,0.129999999999999,17.032,36.328,-59.12,-64.948,-61.067,221,244,230,54,16,NA,88.67,16.05,NA,NA,NA,"Connor","Heyward","PIT","TE",26,-2
"average","15840","TE",26.55,12.5157900270019,0.265000000000004,18.585,34.515,-59.25,-63.395,-62.88,223,231,239,55,16,NA,72,9.67,NA,NA,NA,"Jelani","Woods","IND","TE",27,-2
"average","16215","TE",26.285,5.33375102531042,0.217500000000001,20.96,32.191,-59.515,-61.02,-65.204,224,219,245,56,16,335.88,45.96,4.42,NA,NA,NA,"Luke","Musgrave","GBP","TE",25,-3
"average","14209","TE",26.0675,3.97645885179264,0.8675,22.1505,30.03,-59.7325,-59.8295,-67.365,225,214,249,57,16,367.44,53.7,3.07,NA,NA,NA,"Josh","Oliver","MIN","TE",28,1
"average","13246","TE",25.2,NA,0.329999999999998,25.2,25.2,-60.6,-56.78,-72.195,229,205,266,58,16,NA,81,14.07,NA,NA,NA,"Mo","Alie-Cox","IND","TE",32,3
"average","15796","TE",24.87,0.60811183182043,0.0833333333333357,24.483,25.257,-60.93,-57.497,-72.138,230,206,265,59,16,373.86,58.83,4.06,NA,NA,NA,"Jeremy","Ruckert","NYJ","TE",25,-2
"average","16312","TE",24.7866666666667,5.98134878880452,1.44666666666666,20.596,30.676,-61.0133333333333,-61.384,-66.719,231,222,248,60,16,357.67,62,8.16,NA,NA,NA,"Josh","Whyle","TEN","TE",26,-3
"average","16474","TE",23.34,9.56008368164212,1.14666666666667,17.256,29.424,-62.46,-64.724,-67.971,233,241,251,61,17,NA,84.75,8.93,NA,NA,NA,"Nate","Adkins","DEN","TE",26,-3
"average","14870","TE",22.1933333333333,4.65103572694656,0.0666666666666629,18.048,26.418,-63.6066666666667,-63.932,-70.977,237,237,258,62,17,386,62.13,3.48,NA,NA,NA,"Adam","Trautman","DEN","TE",28,0
"average","16216","TE",22.1266666666667,6.52687776301451,0.876666666666669,17.122,28.48,-63.6733333333333,-64.858,-68.915,238,242,254,63,17,348.2,60.8,10.26,NA,NA,NA,"Darnell","Washington","PIT","TE",24,-3
"average","16218","TE",21.25,4.59619407771256,0.614999999999998,18.325,24.175,-64.55,-63.655,-73.22,241,234,271,64,17,NA,69.44,8.42,NA,NA,NA,"Payne","Durham","TBB","TE",25,-3
"average","16221","TE",20.635,2.41817424241237,0.177500000000002,17.77,22.639,-65.165,-64.21,-74.756,244,240,278,65,17,354,50.5,4.26,NA,NA,NA,"Luke","Schoonmaker","DAL","TE",27,-3
"average","16333","TE",20.4575,2.07200989379877,0.0975000000000001,18.0305,22.265,-65.3425,-63.9495,-75.13,247,238,282,66,17,376.33,56.6,3.8,NA,NA,NA,"Elijah","Higgins","ARI","TE",25,-3
"average","15873","TE",20.36,0.367695526217002,0.0799999999999983,20.126,20.594,-65.44,-61.854,-76.801,248,224,289,67,17,NA,70.57,4.59,NA,NA,NA,"Daniel","Bellinger","NYG","TE",25,-2
"average","15804","TE",20.28,0.876812408671318,0.229999999999997,19.722,20.838,-65.52,-62.258,-76.557,249,227,287,68,17,365.22,58.36,5.93,NA,NA,NA,"Grant","Calcaterra","PHI","TE",27,-2
"average","16642","TE",20.05,2.7637534863539,0.230000000000004,16.7625,22.2875,-65.75,-65.2175,-75.1075,251,248,280,69,17,363.89,56.91,4.52,NA,NA,NA,"Cade","Stover","HOU","TE",25,-4
"average","14984","TE",19.82,NA,0.210000000000001,19.82,19.82,-65.98,-62.16,-77.575,252,226,293,70,17,NA,79.8,12.43,NA,NA,NA,"Charlie","Woerner","ATL","TE",28,0
"average","14871","TE",19.61,3.94565583902094,0.199999999999999,17.099,22.121,-66.19,-64.881,-75.274,253,243,283,71,17,354,68.38,8.69,NA,NA,NA,"Colby","Parkinson","LAR","TE",26,0
"average","15334","TE",19.41,11.4409877195983,1.0275,12.129,26.691,-66.39,-69.851,-70.704,254,268,257,72,17,351.5,72.2,9.43,NA,NA,NA,"Hunter","Long","JAC","TE",27,-1
"average","17105","TE",18.3825,4.22664859354706,0.282499999999999,13.975,22.8845,-67.4175,-68.005,-74.5105,257,257,275,73,17,346.22,47.78,4.34,NA,NA,NA,"Gunnar","Helm","TEN","TE",23,-5
"average","17268","TE",18.1,0,0.175000000000001,18.1,18.1,-67.7,-63.88,-79.295,258,235,304,74,17,NA,68.5,4.72,NA,NA,NA,"Jake","Briningstool","KCC","TE",23,-5
"average","15905","TE",17.925,8.44992603517924,0.351666666666667,12.5475,23.3025,-67.875,-69.4325,-74.0925,259,263,273,75,17,NA,93.5,8.5,NA,NA,NA,"Teagan","Quitoriano","ATL","TE",25,-2
"average","13940","TE",17.5733333333333,3.15976792396741,0.023333333333337,15.162,20.652,-68.2266666666667,-66.818,-76.743,260,253,288,76,17,NA,70.25,4.12,NA,NA,NA,"Johnny","Mundt","JAC","TE",31,3
"average","15041","TE",17.55,8.27314933988261,0.344999999999999,12.285,22.815,-68.25,-69.695,-74.58,261,266,276,77,17,NA,NA,NA,NA,NA,NA,"Lawrence","Cager","WAS","TE",28,0
"average","15970","TE",17.205,2.53851334445971,0.114999999999998,15.5895,18.8205,-68.595,-66.3905,-78.5745,263,252,298,78,17,NA,86.25,18.17,NA,NA,NA,"Lucas","Krull","DEN","TE",27,-2
"average","16425","TE",17.09,3.00604391185491,0.0899999999999999,14.467,19.867,-68.71,-67.513,-77.528,264,255,292,79,17,354.4,63.3,10.13,NA,NA,NA,"Julian","Hill","MIA","TE",25,-3
"average","13427","TE",17,NA,0.123333333333335,17,17,-68.8,-64.98,-80.395,266,245,310,80,17,NA,NA,NA,NA,NA,NA,"Robert","Tonyan","KCC","TE",31,3
"average","16796","TE",16.8766666666667,4.7843111660231,0.179999999999996,12.167,20.24,-68.9233333333333,-69.813,-77.155,267,267,291,81,18,NA,89,3.16,NA,NA,NA,"Devin","Culp","TBB","TE",25,-4
"average","16113","TE",16.6966666666667,2.6482132341134,0.496666666666666,14.091,18.285,-69.1033333333333,-67.889,-79.11,268,256,302,82,18,374.67,59,10.97,NA,NA,NA,"Stone","Smartt","NYJ","TE",27,-2
"average","17259","TE",16.2,NA,0.753333333333336,16.2,16.2,-69.6,-65.78,-81.195,270,250,317,83,18,NA,103.33,8.22,NA,NA,NA,"Moliki","Matavao","NOS","TE",22,-5
"average","14146","TE",15.4466666666667,1.6806348007028,0.346666666666666,13.916,16.94,-70.3533333333333,-68.064,-80.455,271,258,311,84,18,NA,67,6.4,NA,NA,NA,"Drew","Sample","CIN","TE",29,1
"average","17231","TE",15.1,5.65685424949238,0.324999999999999,11.5,18.7,-70.7,-70.48,-78.695,273,271,300,85,18,NA,89.33,6.94,NA,NA,NA,"Gavin","Bartholomew","MIN","TE",22,-5
"average","16765","TE",14.775,6.96500179468749,0.0400000000000027,10.3425,19.2075,-71.025,-71.6375,-78.1875,274,277,295,86,18,NA,84.67,15.15,NA,NA,NA,"Tanner","McLachlan","CIN","TE",26,-4
"average","15795","TE",14.735,7.30441304965704,0.109999999999999,10.0865,19.3835,-71.065,-71.8935,-78.0115,275,281,294,87,18,NA,76.25,6.98,NA,NA,NA,"Charlie","Kolar","BAL","TE",26,-2
"average","16647","TE",14.625,5.48007755419574,0.224999999999998,11.1375,18.1125,-71.175,-70.8425,-79.2825,276,274,303,88,18,NA,75.2,15.43,NA,NA,NA,"Brevyn","Spann-Ford","DAL","TE",26,-4
"average","15054","TE",14.4,6.78822509939086,0.0500000000000025,10.08,18.72,-71.4,-71.9,-78.675,281,282,299,89,18,NA,NA,NA,NA,NA,NA,"Giovanni","Ricci","MIN","TE",29,0
"average","15341","TE",14.35,0.919238815542512,0.0449999999999999,13.765,14.935,-71.45,-68.215,-82.46,282,259,327,90,18,NA,NA,NA,NA,NA,NA,"Quintin","Morris","JAC","TE",26,-1
"average","16648","TE",14.305,5.22551911296859,0.694999999999999,10.9795,17.6305,-71.495,-71.0005,-79.7645,283,275,306,91,18,NA,87,7.8,NA,NA,NA,"Jared","Wiley","KCC","TE",25,-4
"average","16979","TE",13.61,6.3498188950552,0.425000000000002,9.569,17.651,-72.19,-72.411,-79.744,286,285,305,92,18,NA,NA,NA,NA,NA,NA,"Cam","Grandy","CIN","TE",26,-4
"average","13988","TE",13.185,8.08223050896224,0.209999999999997,8.0415,18.3285,-72.615,-73.9385,-79.0665,288,306,301,93,18,NA,NA,NA,NA,NA,NA,"Ross","Dwelley","SFO","TE",30,2
"average","17111","TE",12.975,6.11647365726364,0.0700000000000021,9.0825,16.8675,-72.825,-72.8975,-80.5275,289,291,312,94,18,333,68.43,20.47,NA,NA,NA,"Luke","Lachey","HOU","TE",24,-5
"average","14370","TE",12.905,6.63973267534168,0.0799999999999983,8.6795,17.1305,-72.895,-73.3005,-80.2645,291,298,308,95,18,383.33,67.86,8.39,NA,NA,NA,"Tanner","Hudson","CIN","TE",31,2
"average","16447","TE",12.825,6.04576297914498,0.15,8.9775,16.6725,-72.975,-73.0025,-80.7225,292,292,313,96,18,NA,NA,NA,NA,NA,NA,"Travis","Vokolek","ARI","TE",27,-3
"average","16940","TE",12.675,4.56083873865323,1.77635683940025e-15,9.7725,15.5775,-73.125,-72.2075,-81.8175,294,284,322,97,18,NA,NA,NA,NA,NA,NA,"Blake","Whiteheart","CLE","TE",25,-3
"average","16367","TE",12.675,5.97505230102633,0.0849999999999991,8.8725,16.4775,-73.125,-73.1075,-80.9175,294,294,315,98,18,NA,101,11,NA,NA,NA,"Brayden","Willis","SFO","TE",26,-3
"average","17213","TE",12.59,6.37810316630266,0.625,8.531,16.649,-73.21,-73.449,-80.746,297,300,314,99,18,NA,91,12.33,NA,NA,NA,"Jackson","Hawes","BUF","TE",25,-5
"average","16706","TE",11.965,4.99924494298889,0.0449999999999999,8.7835,15.1465,-73.835,-73.1965,-82.2485,301,295,325,100,18,NA,88.75,8.87,NA,NA,NA,"Tip","Reiman","ARI","TE",24,-4
"average","13994","TE",11.92,NA,0.0250000000000004,11.92,11.92,-73.88,-70.06,-85.475,302,269,335,101,18,NA,84.4,17.96,NA,NA,NA,"Pharaoh","Brown","MIA","TE",31,3
"average","13678","TE",11.895,5.09823989235501,0.19,8.6505,15.1395,-73.905,-73.3295,-82.2555,303,299,326,102,18,NA,81.67,1.25,NA,NA,NA,"Ian","Thomas","LVR","TE",29,2
"average","15335","TE",11.705,6.78115403157899,0.0499999999999989,7.3895,16.0205,-74.095,-74.5905,-81.3745,304,308,319,103,18,NA,80.2,13.96,NA,NA,NA,"Luke","Farrell","SFO","TE",28,-1
"average","17109","TE",11.655,5.01338707861262,0.290000000000001,8.4645,14.8455,-74.145,-73.5155,-82.5495,305,301,328,104,18,359.83,60.3,20.1,NA,NA,NA,"Mitchell","Evans","CAR","TE",22,-5
"average","16220","TE",11.365,4.99924494298889,0.569999999999999,8.1835,14.5465,-74.435,-73.7965,-82.8485,307,303,329,105,18,NA,89.8,16.83,NA,NA,NA,"Will","Mallory","IND","TE",26,-3
"average","15797","TE",10.795,9.76514464818622,0.675000000000001,4.5805,17.0095,-75.005,-77.3995,-80.3855,309,321,309,106,19,334.8,66.44,26.26,NA,NA,NA,"Greg","Dulcich","NYG","TE",25,-2
"average","16646","TE",10.12,NA,0.690000000000001,10.12,10.12,-75.68,-71.86,-87.275,311,279,339,107,19,NA,94.2,15.99,NA,NA,NA,"Jaheim","Bell","NEP","TE",24,-4
"average","15991","TE",9.43,NA,0.219999999999999,9.43,9.43,-76.37,-72.55,-87.965,312,286,344,108,19,NA,93.5,14.5,NA,NA,NA,"Tanner","Conner","MIA","TE",27,-2
"average","13676","TE",9.21,7.62261110119098,0.109999999999999,4.359,14.061,-76.59,-77.621,-83.334,313,323,331,109,19,NA,93,8.75,NA,NA,NA,"Durham","Smythe","CHI","TE",30,2
"average","13315","TE",9.1,NA,0.0100000000000016,9.1,9.1,-76.7,-72.88,-88.295,315,289,346,110,19,NA,92.5,4.5,NA,NA,NA,"Eric","Saubert","SEA","TE",31,3
"average","15344","TE",9.09,NA,0.989999999999998,9.09,9.09,-76.71,-72.89,-88.305,316,290,347,111,19,NA,73.63,11.56,NA,NA,NA,"John","Bates","WAS","TE",28,-1
"average","16483","TE",8.1,NA,0.0500000000000007,8.1,8.1,-77.7,-73.88,-89.295,322,304,350,112,19,NA,95.5,7.5,NA,NA,NA,"Ben","Sims","GBP","TE",25,-3
"average","17243","TE",8.05,NA,0.820000000000001,8.05,8.05,-77.75,-73.93,-89.345,323,305,351,113,19,NA,89.2,17.46,NA,NA,NA,"Thomas","Fidone","NYG","TE",23,-5
"average","15339","TE",7.23,NA,0.499999999999999,7.23,7.23,-78.57,-74.75,-90.165,326,309,355,114,19,NA,NA,NA,NA,NA,NA,"Kenny","Yeboah","DET","TE",27,-1
"average","12955","TE",6.73,NA,0.99,6.73,6.73,-79.07,-75.25,-90.665,328,310,356,115,19,NA,96.5,4.5,NA,NA,NA,"Chris","Manhertz","NYG","TE",33,4
"average","16219","TE",5.74,NA,0.289999999999999,5.74,5.74,-80.06,-76.24,-91.655,330,312,362,116,19,NA,91.75,17.94,NA,NA,NA,"Davis","Allen","LAR","TE",24,-3
"average","16557","TE",5.45,NA,0.270000000000001,5.45,5.45,-80.35,-76.53,-91.945,331,315,364,117,19,NA,NA,NA,NA,NA,NA,"Tucker","Fisk","LAC","TE",26,-2
"average","14141","TE",5.18,NA,0.319999999999999,5.18,5.18,-80.62,-76.8,-92.215,333,318,366,118,19,NA,NA,NA,NA,NA,NA,"Irv","Smith","HOU","TE",27,1
"average","15419","TE",4.86,NA,0.17,4.86,4.86,-80.94,-77.12,-92.535,336,319,367,119,19,379,77.88,16.05,NA,NA,NA,"Kylen","Granson","PHI","TE",27,-1
"average","15214","TE",4.69,NA,1.43,4.69,4.69,-81.11,-77.29,-92.705,337,320,368,120,20,NA,NA,NA,NA,NA,NA,NA,NA,NA,NA,NA,NA
"average","16645","TE",3.26,NA,0.16,3.26,3.26,-82.54,-78.72,-94.135,342,328,372,121,20,NA,65.33,8.73,NA,NA,NA,"Erick","All","CIN","TE",25,-4
"average","15343","TE",3.1,NA,0.64,3.1,3.1,-82.7,-78.88,-94.295,343,329,373,122,20,NA,NA,NA,NA,NA,NA,"Zach","Davidson","BUF","TE",27,-1
"average","16831","TE",2.46,NA,0.0900000000000003,2.46,2.46,-83.34,-79.52,-94.935,347,331,374,123,20,NA,NA,NA,NA,NA,NA,"David","Martin-Robinson","TEN","TE",26,-4
"average","15244","TE",2.37,NA,0.00999999999999979,2.37,2.37,-83.43,-79.61,-95.025,348,332,375,124,20,NA,NA,NA,NA,NA,NA,"Feleipe","Franks","ATL","TE",28,-1
"average","15909","TE",2.36,NA,0.0100000000000002,2.36,2.36,-83.44,-79.62,-95.035,349,333,376,125,20,NA,NA,NA,NA,NA,NA,"James","Mitchell","CAR","TE",26,-2
"average","15541","TE",2.35,NA,0.25,2.35,2.35,-83.45,-79.63,-95.045,350,334,377,126,20,NA,NA,NA,NA,NA,NA,"Jack","Stoll","NOS","TE",27,-1
"average","17285","TE",2.1,NA,0.65,2.1,2.1,-83.7,-79.88,-95.295,351,336,379,127,20,NA,NA,NA,NA,NA,NA,"Ben","Yurosek","MIN","TE",23,-5
"average","12680","TE",1.45,NA,0.25,1.45,1.45,-84.35,-80.53,-95.945,356,339,380,128,20,NA,NA,NA,NA,NA,NA,"Nick","Vannett","MIN","TE",32,4
"average","14875","TE",1.2,NA,0,1.2,1.2,-84.6,-80.78,-96.195,357,342,381,129,20,NA,80.71,22.9,NA,NA,NA,"Harrison","Bryant","PHI","TE",27,0
"robust","13593","QB",352.6785,17.4042414,2.04049999999995,334.226,389.3347,85.242,74.81,114.0106,14,17,8,1,1,26.63,1.71,0.7,18.2983333333333,9.87344319655284,-4.29833333333333,"Lamar","Jackson","BAL","QB",28,2
"robust","13589","QB",350.638,17.9275992,12.0500000000001,330.492,378.2146,83.2015,71.076,102.8905,15,19,12,2,2,26.16,1.5,0.59,17.9366666666667,8.37596893234183,-2.93666666666667,"Josh","Allen","BUF","QB",29,2
"robust","16581","QB",338.588,16.4183124,0.0319999999999254,323.8438,352.453,71.1514999999999,64.4277999999999,77.1289,20,22,19,3,2,34.22,3.52,0.86,35.3433333333333,27.6183216160738,-15.3433333333333,"Jayden","Daniels","WAS","QB",25,-4
"robust","14783","QB",338.556,14.3337768,22.8295,320.5536,353.036,71.1195,61.1376,77.7119000000001,21,25,18,4,3,36.56,3.72,0.83,30.7766666666667,9.95844476925098,-9.77666666666667,"Jalen","Hurts","PHI","QB",27,0
"robust","14777","QB",315.7265,15.0202206000001,15.5535,299.718,340.9113,48.29,40.3019999999999,65.5872,39,40,31,5,4,46.53,4.59,0.72,32.1233333333333,16.6667239999014,6.87666666666667,"Joe","Burrow","CIN","QB",29,0
"robust","13116","QB",300.173,6.64797840000001,9.07349999999997,291.5298,306.88,32.7365,32.1138,31.5559,52,50,56,6,5,64.17,7.16,1.63,43.4866666666667,14.0674549542157,8.51333333333333,"Patrick","Mahomes","KCC","QB",30,3
"robust","14056","QB",291.0995,6.83923380000008,2.49250000000001,284.004,314.1259,23.663,24.588,38.8018000000001,61,56,50,7,5,79.66,10.28,2.26,69.9116666666667,21.1161181854578,-8.91166666666668,"Kyler","Murray","ARI","QB",28,1
"robust","13590","QB",288.607,8.0386572,2.64550000000003,276.8634,297.668,21.1705,17.4474,22.3439,62,67,63,8,6,69.72,8.1,2.26,65.8983333333333,27.6302493755586,-3.89833333333333,"Baker","Mayfield","TBB","QB",30,2
"robust","16582","QB",285.9615,6.84516419999999,0.529499999999985,279.9099,291.409,18.525,20.4938999999999,16.0849,67,61,73,9,6,75.91,9.19,2.39,75.785,26.903300138335,-8.78500000000001,"Bo","Nix","DEN","QB",25,-4
"robust","15698","QB",285.432,8.60797560000002,5.99950000000001,276.2472,292.654,17.9955,16.8312,17.3299,69,69,70,10,7,90.7,11.59,2.91,91.0183333333333,23.4081612667225,-22.0183333333333,"Brock","Purdy","SFO","QB",26,-2
"robust","15238","QB",279.4325,12.6762300000001,11.439,267.0435,293.918,11.996,7.62749999999994,18.5939,78,79,69,11,8,89.95,12.29,4.48,96.8583333333333,20.9755209841271,-18.8583333333333,"Justin","Fields","NYJ","QB",26,-1
"robust","14779","QB",267.9935,6.90446820000002,0.557000000000016,260.826,275.3241,0.557000000000016,1.40999999999997,0,91,90,94,12,8,97.47,13.16,3.28,111.201666666667,27.8610806303146,-20.2016666666667,"Justin","Herbert","LAC","QB",27,0
"robust","12611","QB",267.4365,2.01485340000001,3.8725,249.7203,269.733,0,-9.69570000000004,-5.59109999999998,94,112,103,13,9,101.56,14.43,3.7,93.6166666666667,21.8335167931223,0.383333333333326,"Jared","Goff","DET","QB",31,4
"robust","12620","QB",263.564,6.74583000000006,1.5560000000001,255.9074,282.426,-3.8725,-3.50860000000011,7.1019,109,102,81,14,10,93.84,12.57,3.14,86.8633333333333,21.5166963593908,22.1366666666667,"Dak","Prescott","DAL","QB",32,4
"robust","16579","QB",262.008,2.41960319999992,8.15949999999995,259.416,267.5266,-5.4285000000001,0,-7.79749999999996,113,94,112,15,11,98.14,13.17,3.05,96.87,21.2973910765302,16.13,"Caleb","Williams","CHI","QB",24,-4
"robust","16584","QB",253.8485,6.553092,1.14199999999997,239.375,261.1831,-13.588,-20.0410000000001,-14.141,128,140,126,16,11,128.53,19.28,3.39,120.546,29.0893235397456,7.45399999999999,"J.J.","McCarthy","MIN","QB",22,-4
"robust","16150","QB",252.7065,2.12160060000002,2.47100000000003,250.4,256.7603,-14.73,-9.01600000000002,-18.5638,131,109,139,17,12,120.83,18.47,2.86,100.68,40.1302579109579,30.32,"C.J.","Stroud","HOU","QB",24,-3
"robust","14782","QB",250.2355,5.98525620000001,1.95049999999995,244.06,261.9551,-17.201,-15.3560000000001,-13.369,134,121,125,18,12,108,15.52,2.73,107.965,33.8600525447515,26.035,"Jordan","Love","GBP","QB",27,0
"robust","15237","QB",248.285,6.553092,2.589,241.874,256.131,-19.1515,-17.542,-19.1931,140,128,141,19,13,116.84,17.67,2.35,128.451666666667,28.2538749063243,11.5483333333333,"Trevor","Lawrence","JAC","QB",26,-1
"robust","16580","QB",245.696,8.40337680000001,2.81000000000006,239.8046,251.551,-21.7405,-19.6114000000001,-23.7731,144,139,149,20,14,107.3,15.12,2.66,126.318,35.1088167843919,17.682,"Drake","Maye","NEP","QB",23,-4
"robust","9431","QB",242.886,13.3967736,2.97599999999997,221.3052,256.88,-24.5505000000001,-38.1108,-18.4441,150,166,138,21,14,144.03,22.57,2.18,146.381666666667,25.1069050373708,3.61833333333331,"Matthew","Stafford","LAR","QB",37,11
"robust","14778","QB",239.91,18.873498,1.35949999999997,223.081,256.921,-27.5265,-36.3350000000001,-18.4031,155,163,137,22,15,137.39,21.74,1.92,134.25,24.1565036101392,20.75,"Tua","Tagovailoa","MIA","QB",27,0
"robust","11150","QB",238.5505,18.8720154,4.84350000000001,220.5153,254.891,-28.886,-38.9007,-20.4331,158,167,143,23,16,170.78,24.22,2.51,145.352,26.5017066620246,12.648,"Geno","Smith","LVR","QB",35,7
"robust","16583","QB",233.707,5.01415319999999,1.35400000000001,224.6904,239.228,-33.7295,-34.7256,-36.0961,168,160,180,24,17,156.63,23.71,2.19,144.758,32.991439131993,23.242,"Michael","Penix Jr.","ATL","QB",25,-4
"robust","16148","QB",232.353,14.8912344,11.6195,215.5008,247.451,-35.0835,-43.9152000000001,-27.8731,172,175,161,25,18,150.84,23.38,2.31,138.06,39.2633578119175,33.94,"Bryce","Young","CAR","QB",24,-3
"robust","13592","QB",220.7335,8.77699199999998,1.047,212.457,227.8571,-46.703,-46.9590000000001,-47.467,196,186,200,26,18,191.17,25.9,2.37,153.53,37.4333466310454,42.47,"Sam","Darnold","SEA","QB",28,2
"robust","17030","QB",219.6865,10.541286,4.6105,204.63,231.2589,-47.75,-54.7860000000001,-44.0652,199,201,191,27,19,204.5,26.72,1.75,153.7775,46.8173853258594,45.2225,"Cam","Ward","TEN","QB",23,-5
"robust","7836","QB",215.076,2.37215999999999,35.5775,212.4856,223.186,-52.3605,-46.9304,-52.1381,208,185,207,28,20,212.95,27.29,2.66,147.3275,27.3190706055312,60.6725,"Aaron","Rodgers","PIT","QB",42,15
"robust","16152","QB",179.4985,20.8586994,15.574,156.397,211.1707,-87.938,-103.019,-64.1534,372,464,242,29,21,241.94,28.41,3.56,128.41,53.7576613144582,243.59,"Anthony","Richardson","IND","QB",23,-3
"robust","10703","QB",163.9245,50.85318,15.3245,113.176,213.7147,-103.512,-146.24,-61.6094,426,534,231,30,22,264.19,29.83,1.59,144.026666666667,20.7690817215291,281.973333333333,"Russell","Wilson","NYG","QB",37,8
"robust","17039","QB",148.6,10.704372,42.4575,138.31,161.326,-118.8365,-121.106,-113.9981,512,533,432,31,23,290.25,32.33,1.92,145.26,NA,366.74,"Tyler","Shough","NOS","QB",26,-5
"robust","9064","QB",106.1425,7.642803,11.5335,92.0590885816692,114.525,-161.294,-167.356911418331,-160.7991,533,535,535,32,24,295,33.19,3.86,184.75,46.75,348.25,"Joe","Flacco","CLE","QB",40,12
"robust","14059","QB",94.609,11.875626,39.6925,52.68,108.0464,-172.8275,-206.736,-167.2777,534,536,537,33,25,276.98,30.96,1.88,181.53,NA,352.47,"Daniel","Jones","IND","QB",28,1
"robust","16586","QB",54.9165,6.15427259999999,0.283999999999999,48.486,75.4863,-212.52,-210.93,-199.8378,535,537,539,34,25,328.73,36.93,2.73,220.4,NA,314.6,"Spencer","Rattler","NOS","QB",25,-4
"robust","15692","QB",54.6325,16.271535,4.35699999999999,37.614,93.5205,-212.804,-221.802,-181.8036,536,538,538,35,26,345.23,39.92,5.08,217,NA,319,"Kenny","Pickett","CLE","QB",27,-2
"robust","17032","QB",50.2755,30.956688,15.6277357852826,15.0213,112.675,-217.161,-244.3947,-162.6491,537,540,536,36,27,306.07,33.44,1.68,119.92,NA,417.08,"Jaxson","Dart","NYG","QB",22,-5
"robust","17037","QB",34.6477642147174,26.1130338,3.18308459917878,7.95875852883045,68.1019,-232.788735785283,-251.45724147117,-207.2222,538,559,540,37,28,343.65,40.19,5.35,209.5,NA,328.5,"Dillon","Gabriel","CLE","QB",25,-5
"robust","17033","QB",31.4646796155386,5.9029023319984,5.2804297644368,25.0355,43.2839359231077,-235.971820384461,-234.3805,-232.040164076892,539,539,542,38,29,329.17,36.97,2.43,149.94,NA,389.06,"Jalen","Milroe","SEA","QB",23,-5
"robust","17031","QB",26.1842498511018,21.1552194,9.84624985110185,5.01784991066111,49.1087,-241.252250148898,-254.398150089339,-226.2154,540,576,541,39,30,322.98,36.12,2.83,181.94,NA,358.06,"Shedeur","Sanders","CLE","QB",23,-5
"robust","15694","QB",16.338,1.9184844,0.701999999999998,12.8126,18.4106,-251.0985,-246.6034,-256.9135,541,541,544,40,30,362.5,47.67,4.73,NA,NA,NA,"Malik","Willis","GBP","QB",26,-2
"robust","12140","QB",15.636,2.73094920000001,1.726,11.7042,23.2062,-251.8005,-247.7118,-252.1179,542,543,543,41,31,344.75,40.83,7.45,NA,NA,NA,"Jameis","Winston","NYG","QB",31,5
"robust","14358","QB",13.91,5.322534,1.219,10.679,17.141,-253.5265,-248.737,-258.1831,543,545,545,42,31,388.67,47.67,4.85,NA,NA,NA,"Jake","Browning","CIN","QB",29,1
"robust","12141","QB",12.691,0.102299399999999,0.567000000000002,12.6289,12.7531,-254.7455,-246.7871,-262.571,544,542,550,43,31,369,45.43,3.5,NA,NA,NA,"Marcus","Mariota","WAS","QB",32,5
"robust","15239","QB",12.124,1.6249296,0.594999999999999,11.1376,13.1104,-255.3125,-248.2784,-262.2137,545,544,548,44,31,332.5,48.82,4.51,NA,NA,NA,"Zach","Wilson","MIA","QB",26,-1
"robust","11760","QB",11.529,1.5878646,0.367999999999999,10.5651,12.4929,-255.9075,-248.8509,-262.8312,546,546,552,45,31,NA,51.89,5.76,NA,NA,NA,"Jimmy","Garoppolo","LAR","QB",34,6
"robust","12616","QB",11.161,2.4003294,0.0679999999999996,9.7039,12.6181,-256.2755,-249.7121,-262.706,547,549,551,46,31,NA,60.43,5.07,NA,NA,NA,"Jacoby","Brissett","ARI","QB",33,4
"robust","16159","QB",11.093,1.4929782,0.0460000000000012,10.1867,11.9993,-256.3435,-249.2293,-263.3248,548,548,555,47,31,333,50.29,10.52,NA,NA,NA,"Aidan","O'Connell","LVR","QB",27,-3
"robust","16585","QB",11.047,2.8955178,0.365,9.2893,12.8047,-256.3895,-250.1267,-262.5194,549,551,549,48,32,371.67,43.67,2.81,214.5,4.5,334.5,"Joe","Milton","DAL","QB",25,-4
"robust","13595","QB",10.682,8.1068568,0.132,2.646,16.8012,-256.7545,-256.77,-258.5229,550,581,546,49,32,347.6,45.2,6.19,NA,NA,NA,"Mason","Rudolph","PIT","QB",30,2
"robust","15241","QB",10.55,0.400301999999999,0.0395000000000003,10.307,10.793,-256.8865,-249.109,-264.5311,551,547,561,50,32,335.5,47.29,4.82,NA,NA,NA,"Mac","Jones","SFO","QB",27,-1
"robust","13968","QB",10.5105,0.0859907999999997,0.238500000000002,8.9678,14.438,-256.926,-250.4482,-260.8861,552,552,547,51,32,NA,58.33,4.99,NA,NA,NA,"Nick","Mullens","JAC","QB",30,3
"robust","16151","QB",10.272,3.0660168,0.0069999999999979,8.4108,12.1332,-257.1645,-251.0052,-263.1909,553,554,554,52,32,NA,58.88,5.78,NA,NA,NA,"Hendon","Hooker","DET","QB",27,-3
"robust","13115","QB",10.265,3.432219,0.376000000000001,8.1815,12.3485,-257.1715,-251.2345,-262.9756,554,557,553,53,32,NA,57.63,4.85,NA,NA,NA,"Mitchell","Trubisky","BUF","QB",31,3
"robust","16384","QB",9.889,3.1001166,0.0459999999999994,8.0071,11.7709,-257.5475,-251.4089,-263.5532,555,558,556,54,32,NA,63.38,8.18,NA,NA,NA,"Tyson","Bagent","CHI","QB",25,-3
"robust","14063","QB",9.843,2.6938842,0.0220000000000002,8.2077,11.4783,-257.5935,-251.2083,-263.8458,556,556,558,55,32,NA,61.57,6.59,NA,NA,NA,"Jarrett","Stidham","DEN","QB",29,1
"robust","15240","QB",9.821,2.4299814,0.177,8.3459,11.2961,-257.6155,-251.0701,-264.028,557,555,560,56,32,NA,66.2,8.08,NA,NA,NA,"Trey","Lance","LAC","QB",25,-1
"robust","15252","QB",9.644,3.0185736,0.0869999999999997,7.8116,11.4764,-257.7925,-251.6044,-263.8477,558,560,559,57,32,NA,60.67,4.35,NA,NA,NA,"Davis","Mills","HOU","QB",27,-1
"robust","13119","QB",9.557,1.5078042,0.0259999999999998,8.6417,10.4723,-257.8795,-250.7743,-264.8518,559,553,563,58,32,NA,56.5,5.85,NA,NA,NA,"Joshua","Dobbs","NEP","QB",30,3
"robust","14067","QB",9.531,0.0726473999999966,0.303000000000001,9.4869,9.5751,-257.9055,-249.9291,-265.749,560,550,569,59,32,NA,50.92,3.95,NA,NA,NA,"Gardner","Minshew","KCC","QB",29,1
"robust","13124","QB",9.228,2.5085592,0.482000000000001,7.7052,10.7508,-258.2085,-251.7108,-264.5733,561,561,562,60,32,374.5,55.63,6.44,NA,NA,NA,"Cooper","Rush","BAL","QB",32,3
"robust","15702","QB",8.746,2.0074404,0.597999999999999,7.5274,9.9646,-258.6905,-251.8886,-265.3595,562,562,565,61,32,NA,55,3,NA,NA,NA,"Tanner","McKee","PHI","QB",25,-3
"robust","10948","QB",8.148,3.1609032,0.111999999999998,6.2292,10.0668,-259.2885,-253.1868,-265.2573,563,566,564,62,32,NA,68.5,3.91,NA,NA,NA,"Case","Keenum","CHI","QB",37,8
"robust","10413","QB",8.036,3.9852288,0.00500000000000256,2.4552,11.6712,-259.4005,-256.9608,-263.6529,564,583,557,63,32,347.89,42.06,4.98,NA,NA,NA,"Tyrod","Taylor","NYJ","QB",36,9
"robust","15693","QB",8.031,2.9785434,0.132,6.2229,9.8391,-259.4055,-253.1931,-265.485,565,567,566,64,32,341.5,49.64,4.68,NA,NA,NA,"Sam","Howell","MIN","QB",25,-2
"robust","14057","QB",7.899,1.5730386,0.428999999999998,6.9441,8.8539,-259.5375,-252.4719,-266.4702,566,563,574,65,32,NA,65,2.24,NA,NA,NA,"Drew","Lock","SEA","QB",29,1
"robust","9207","QB",7.47,3.691674,0.0150000000000006,5.229,9.711,-259.9665,-254.187,-265.6131,567,572,567,66,32,NA,NA,NA,NA,NA,NA,"Josh","Johnson","WAS","QB",39,12
"robust","17034","QB",7.455,3.684261,0.159000000000001,5.2185,9.6915,-259.9815,-254.1975,-265.6326,568,573,568,67,33,NA,68.86,7.68,252.5,NA,315.5,"Quinn","Ewers","MIA","QB",22,-5
"robust","10313","QB",7.296,1.0437504,0.0509999999999993,6.6624,7.9296,-260.1405,-252.7536,-267.3945,569,564,576,68,33,NA,56.2,5.64,NA,NA,NA,"Andy","Dalton","CAR","QB",38,9
"robust","17240","QB",7.245,3.580479,0.044999999999999,5.0715,9.4185,-260.1915,-254.3445,-265.9056,570,574,570,69,33,NA,NA,NA,NA,NA,NA,"Cam","Miller","LVR","QB",24,-5
"robust","17227","QB",7.2,3.55824,0.0600000000000005,5.04,9.36,-260.2365,-254.376,-265.9641,571,575,571,70,33,NA,NA,NA,NA,NA,NA,"Graham","Mertz","HOU","QB",25,-5
"robust","17038","QB",7.14,3.528588,0.119999999999999,4.998,9.282,-260.2965,-254.418,-266.0421,572,577,572,71,33,NA,71.4,5.95,NA,NA,NA,"Kyle","McCord","PHI","QB",23,-5
"robust","17036","QB",7.02,3.469284,0.0660000000000007,4.914,9.126,-260.4165,-254.502,-266.1981,573,578,573,72,33,328.75,50.46,10.28,204.17,NA,368.83,"Will","Howard","PIT","QB",24,-5
"robust","12621","QB",6.954,1.2246276,0.369,6.2106,7.6974,-260.4825,-253.2054,-267.6267,574,568,577,73,33,NA,69.2,8.23,NA,NA,NA,"Brandon","Allen","TEN","QB",33,4
"robust","16156","QB",6.585,3.254307,0.327000000000001,4.6095,8.5605,-260.8515,-254.8065,-266.7636,575,579,575,74,33,300,60.67,11.88,NA,NA,NA,"Jake","Haener","NOS","QB",26,-3
"robust","15242","QB",6.258,NA,0.49,6.258,6.258,-261.1785,-253.158,-269.0661,576,565,579,75,33,NA,60.38,12.4,NA,NA,NA,"Kyle","Trask","TBB","QB",27,-1
"robust","12476","QB",5.768,NA,0.108,5.768,5.768,-261.6685,-253.648,-269.5561,577,569,581,76,33,NA,57.43,9.54,NA,NA,NA,"Taylor","Heinicke","LAC","QB",32,5
"robust","13113","QB",5.66,NA,0.42,5.66,5.66,-261.7765,-253.756,-269.6641,578,570,582,77,33,278,50.86,17.22,NA,NA,NA,"Deshaun","Watson","CLE","QB",30,3
"robust","16153","QB",5.24,NA,0.65,5.24,5.24,-262.1965,-254.176,-270.0841,579,571,583,78,33,NA,83,11.2,NA,NA,NA,"Stetson","Bennett","LAR","QB",28,-3
"robust","17035","QB",4.59,2.268378,0.155,3.213,5.967,-262.8465,-256.203,-269.3571,580,580,580,79,33,NA,70,5.06,NA,NA,NA,"Riley","Leonard","IND","QB",23,-5
"robust","10700","QB",4.435,1.823598,0.865000000000001,0.221000000000001,6.737,-263.0015,-259.195,-268.5871,581,585,578,80,34,336.04,39.93,6.55,184.355,55.755,396.645,"Kirk","Cousins","ATL","QB",37,8
"robust","16160","QB",3.57,1.764294,1.34,2.499,4.641,-263.8665,-256.917,-270.6831,582,582,584,81,34,NA,73.4,6.92,NA,NA,NA,"Clayton","Tune","ARI","QB",26,-3
"robust","14789","QB",2.23,NA,0,2.23,2.23,-265.2065,-257.186,-273.0941,583,584,585,82,34,NA,NA,NA,NA,NA,NA,"Tyler","Huntley","CLE","QB",27,0
"robust","13604","RB",271.44,5.48561999999998,12.145,264.43,277.714,158.545,161.868,152.064,1,1,1,1,1,2.48,1.62,1.21,6.02333333333333,4.64157540305253,-5.02333333333333,"Saquon","Barkley","PHI","RB",28,2
"robust","16161","RB",259.295,7.01269800000003,0.614999999999952,251.48,269.159,146.4,148.918,143.509,2,2,3,2,1,2.84,1.88,0.49,3.91166666666667,1.50860218598395,-1.91166666666667,"Bijan","Robinson","ATL","RB",23,-3
"robust","12626","RB",258.68,8.67321000000001,5.07750000000004,249.343,272.27,145.785,146.781,146.62,3,3,2,3,1,8.34,4.13,0.9,11.23,7.51521789437938,-8.23,"Derrick","Henry","BAL","RB",31,4
"robust","16162","RB",253.6025,7.78365,22.39,243.74,261.7115,140.7075,141.178,136.0615,4,4,4,4,2,6.06,3.28,1.03,6.85833333333333,4.06865832376664,-2.85833333333333,"Jahmyr","Gibbs","DET","RB",23,-3
"robust","14073","RB",231.2125,17.828265,9.42750000000004,205.0425,250.35,118.3175,102.4805,124.7,5,6,6,5,3,18.56,8.45,1.43,19.9966666666667,10.6656296370892,-14.9966666666667,"Josh","Jacobs","GBP","RB",27,1
"robust","16167","RB",221.785,8.68803600000004,1.14249999999996,200.412,230.705,108.89,97.85,105.055,6,10,11,6,3,17.97,8.02,1.72,16.14,5.41203904888598,-10.14,"De'Von","Achane","MIA","RB",24,-3
"robust","13130","RB",220.6425,18.139611,2.5975,203.09,243.3855,107.7475,100.528,117.7355,7,7,7,7,3,14.5,6.47,2.56,14.366,7.1721282754842,-7.366,"Christian","McCaffrey","SFO","RB",29,3
"robust","14802","RB",218.045,14.129178,0.740000000000009,202.73,256.079,105.15,100.168,130.429,9,9,5,8,3,16.55,7.58,1.8,18.23,8.42258669689227,-9.23,"Jonathan","Taylor","IND","RB",26,0
"robust","15710","RB",217.305,18.740064,2.12,194.668,236.295,104.41,92.106,110.645,10,11,10,9,3,25.5,10.77,1.68,21.2033333333333,6.62911926444397,-11.2033333333333,"Kyren","Williams","LAR","RB",25,-2
"robust","17042","RB",215.185,3.18759000000003,5.95999999999998,211.616,223.22,102.29,109.054,97.57,11,5,15,10,4,12.92,5.75,1.72,10.468,2.4346120840906,0.532,"Ashton","Jeanty","LVR","RB",22,-5
"robust","16598","RB",209.225,13.78818,6.24250000000001,193.915,224.01,96.33,91.353,98.36,12,12,14,11,5,22.97,9.77,1.94,37.715,36.1120440435044,-25.715,"Bucky","Irving","TBB","RB",23,-4
"robust","15715","RB",202.9825,14.90013,11.93,186.0245,227.1,90.0875,83.4625,101.45,13,13,13,12,6,33.88,13.47,1.68,33.495,8.29655701681929,-20.495,"James","Cook","BUF","RB",26,-2
"robust","13146","RB",191.0525,10.52646,2.095,179.5615,211.455,78.1575,76.9995,85.805,16,15,16,13,6,46.88,17.98,1.78,49.1966666666667,12.3112721610003,-33.1966666666667,"James","Conner","ARI","RB",30,3
"robust","16181","RB",188.9575,10.103919,4.5,180.05,199.3245,76.0625,77.488,73.6745,18,14,21,14,7,29.41,11.82,1.94,43.26,32.2951105690423,-25.26,"Chase","Brown","CIN","RB",25,-3
"robust","15711","RB",184.4575,21.786807,0.585000000000008,152.6615,209.1,71.5625,50.0995,83.45,19,33,17,15,7,40.8,15.7,2.04,41.36,6.09854900775586,-22.36,"Kenneth","Walker III","SEA","RB",25,-2
"robust","15708","RB",183.8725,5.87850899999998,1.97999999999999,177.595,197.4995,70.9775,75.033,71.8495,22,16,26,16,7,38.66,14.92,2.19,26.4583333333333,11.0796020034817,-4.45833333333333,"Breece","Hall","NYJ","RB",24,-2
"robust","13132","RB",181.8925,20.333859,6.24250000000001,160.3455,200.79,68.9975,57.7835,75.14,24,27,20,17,8,47.16,18.3,2.85,41.83,10.54659186657,-17.83,"Alvin","Kamara","NOS","RB",30,3
"robust","17044","RB",175.65,20.38575,1.09999999999999,142.335,198.925,62.755,39.773,73.275,26,41,22,18,8,43.61,16.45,4.12,42.618,8.80008272688388,-16.618,"Omarion","Hampton","LAC","RB",22,-5
"robust","15261","RB",174.55,3.63237000000003,7.22,170.485,197.155,61.655,67.923,71.505,28,21,27,19,9,45.47,17.63,1.97,60.2116666666667,29.5874074659399,-32.2116666666667,"Chuba","Hubbard","CAR","RB",26,-1
"robust","14797","RB",167.33,12.868968,1.92499999999998,146.686,181.73,54.435,44.124,56.08,32,37,37,20,9,58.45,22.38,4,62.4183333333333,13.8436801666159,-30.4183333333333,"D'Andre","Swift","CHI","RB",26,0
"robust","13131","RB",165.405,18.68076,0.125000000000057,136.845,186.383,52.51,34.283,60.733,35,49,32,21,9,66.08,25.15,6.35,58.165,18.2830018961147,-23.165,"Joe","Mixon","HOU","RB",29,3
"robust","14071","RB",165.28,7.828128,3.55499999999995,155.596,174,52.385,53.034,48.35,36,30,41,22,9,54.41,21.02,2.43,59.715,10.9431831901569,-23.715,"David","Montgomery","DET","RB",28,1
"robust","13319","RB",161.725,19.94097,8.56999999999999,140.025,182.41,48.83,37.463,56.76,38,45,35,23,10,64.98,24.92,2.9,62.5283333333333,16.5782431886561,-24.5283333333333,"Aaron","Jones","MIN","RB",31,3
"robust","14085","RB",153.155,4.92223200000001,4.59500000000003,147.825,160.111,40.26,45.263,34.461,45,35,54,24,11,67.66,26.1,3.2,76.3716666666667,15.3556443657988,-31.3716666666667,"Tony","Pollard","TEN","RB",28,1
"robust","17043","RB",148.56,5.39666400000002,0.0849999999999795,142.94,167.337,35.665,40.378,41.687,48,39,46,25,11,62.84,23.87,4.2,61.06,8.64049304148785,-13.06,"TreVeyon","Henderson","NEP","RB",23,-5
"robust","15716","RB",148.475,14.97426,1.11750000000001,130.445,165.335,35.58,27.883,39.685,49,54,49,26,11,70.88,27.37,2.55,80.6766666666667,15.8397786881285,-31.6766666666667,"Brian","Robinson","WAS","RB",26,-2
"robust","17048","RB",147.3575,13.943853,2.2475,131.79,175.8565,34.4625,29.228,50.2065,51,53,40,27,11,69.31,26.58,6.84,69.502,10.6350879639051,-18.502,"Kaleb","Johnson","PIT","RB",22,-5
"robust","15749","RB",145.11,18.399066,3.33000000000001,116.012,166.155,32.215,13.45,40.505,53,72,48,28,11,68.44,26.25,3.05,74.054,9.7775285220755,-21.054,"Isiah","Pacheco","KCC","RB",26,-2
"robust","17068","RB",141.78,9.69620399999999,8.83000000000001,132.692,154.2,28.885,30.13,28.55,58,51,59,29,12,67.48,25.4,7.05,64.66,9.25308381027644,-6.66000000000001,"RJ","Harvey","DEN","RB",24,-5
"robust","16747","RB",132.95,20.83053,7.78499999999998,114.02,154.4,20.055,11.458,28.75,65,75,58,30,13,88.56,32.58,4.07,92.196,13.3831365531403,-27.196,"Tyrone","Tracy","NYG","RB",26,-4
"robust","15742","RB",125.165,13.669572,6.3875,110.914,137.645,12.27,8.352,11.995,76,78,77,31,14,93.88,33.62,4.39,98.3166666666667,11.1515210721328,-22.3166666666667,"Jaylen","Warren","PIT","RB",27,-2
"robust","15256","RB",118.7775,32.402223,1.4025,84.43,157.7765,5.88249999999999,-18.132,32.1265,82,132,55,32,14,103.81,37.68,6.56,110.705,16.0034483263243,-28.705,"Javonte","Williams","DAL","RB",25,-1
"robust","14800","RB",117.375,7.48713000000001,3.97999999999999,105.635,125.65,4.47999999999999,3.07299999999998,0,86,86,94,33,14,118.59,40.95,8.79,110.005,18.6899855091793,-24.005,"J.K.","Dobbins","DEN","RB",27,0
"robust","13404","RB",113.395,4.07715,0.5,91.22,117.632,0.5,-11.342,-8.01799999999999,92,115,113,34,14,140.39,47.93,5.62,132.646,20.9684883575331,-40.646,"Austin","Ekeler","WAS","RB",30,3
"robust","15259","RB",112.895,9.11799000000001,0.417500000000018,102.562,140.145,0,0,14.495,94,94,76,35,15,105.41,37.35,5.17,107.111666666667,20.8167235787853,-13.1116666666667,"Rhamondre","Stevenson","NEP","RB",27,-1
"robust","17045","RB",112.4775,11.41602,0.109999999999985,103.7365,121.25,-0.417500000000018,1.17449999999999,-4.39999999999999,95,91,100,36,15,106.97,37.72,6.29,95.868,8.92407395755996,-0.867999999999995,"Cam","Skattebo","NYG","RB",23,-5
"robust","15254","RB",112.3675,12.372297,2.2175,98.75,128.0785,-0.527500000000003,-3.81200000000001,2.42850000000003,96,103,92,37,15,101.77,36.47,5.64,104.97,24.3291224667064,-8.96999999999998,"Najee","Harris","LAC","RB",27,-1
"robust","17051","RB",110.15,10.30407,1.16750000000002,102.075,118.575,-2.745,-0.487000000000009,-7.07499999999997,104,96,109,38,15,105.59,38.37,9.42,97.852,7.61956009228879,6.148,"Quinshon","Judkins","CLE","RB",22,-5
"robust","15253","RB",108.9825,9.71103000000001,0.104999999999976,93.405,119.5645,-3.91250000000002,-9.15700000000001,-6.0855,110,110,106,39,15,97.06,35.52,5.15,95.12,34.514383475106,14.88,"Travis","Etienne","JAC","RB",26,-1
"robust","15972","RB",108.8775,2.905896,5.90250000000002,105.8825,115.1005,-4.0175,3.3205,-10.5495,111,85,119,40,16,96.56,35.07,6.45,108.425,20.6546489924182,2.575,"Jordan","Mason","MIN","RB",26,-2
"robust","16164","RB",102.975,16.01208,2.74749999999999,71.7169527896996,121.225,-9.92000000000002,-30.8450472103005,-4.425,120,154,101,41,16,108.08,37.87,6.37,119.19,9.92313256990956,0.809999999999988,"Tank","Bigsby","JAC","RB",24,-3
"robust","16169","RB",100.2275,16.834923,1.11750000000002,81.84,118.8565,-12.6675,-20.722,-6.79349999999998,126,142,107,42,16,111.73,39.22,2.87,119.098333333333,18.3667602084732,6.90166666666669,"Zach","Charbonnet","SEA","RB",24,-3
"robust","15721","RB",99.11,5.11497,0.53749999999998,87.18,104.691,-13.785,-15.382,-20.959,129,122,146,43,16,125.52,43.13,5.01,109.08,33.2341733762102,19.92,"Rachaad","White","TBB","RB",26,-2
"robust","16165","RB",98.5725,7.805889,9.5425,90.125,111.1095,-14.3225,-12.437,-14.5405,130,118,131,44,17,115.38,40.1,3.47,132.7,15.4940336904242,-2.69999999999999,"Tyjae","Spears","TEN","RB",24,-3
"robust","16594","RB",89.03,3.18759,2.53999999999999,85.523,96.115,-23.865,-17.039,-29.535,149,126,167,45,17,138.92,47.52,5.96,139.1225,5.8169982594118,9.8775,"Trey","Benson","ARI","RB",23,-4
"robust","16603","RB",86.49,16.338252,0.322500000000005,67.109,101.055,-26.405,-35.453,-24.595,153,162,152,46,17,130.91,45.02,4.99,140.13,12.0413807347829,12.87,"Ray","Davis","BUF","RB",26,-4
"robust","15713","RB",86.1675,13.93644,2.7175,72.815,97.9555,-26.7275,-29.747,-27.6945,154,152,160,47,18,151.58,50.8,7.99,137.136,23.2672728096784,16.864,"Jerome","Ford","CLE","RB",26,-2
"robust","15712","RB",83.45,1.46777400000001,0.624999999999986,81.947,95.715,-29.445,-20.615,-29.935,159,141,168,48,18,139.42,47.47,4.22,158.054,10.7249775757341,0.945999999999998,"Tyler","Allgeier","ATL","RB",25,-2
"robust","13610","RB",82.825,7.56126,0.00750000000000739,74.325,99.6975,-30.07,-28.237,-25.9525,161,148,156,49,18,146.5,50.05,10.05,137.336,14.862261739049,23.664,"Nick","Chubb","HOU","RB",30,2
"robust","16175","RB",82.8175,13.49166,0.667500000000018,68.0155,99.345,-30.0775,-34.5465,-26.305,162,159,158,50,18,163.72,55.48,5.35,161.94,21.1150388743821,0.0600000000000023,"Roschon","Johnson","CHI","RB",24,-3
"robust","17047","RB",82.15,5.945226,1.895,71.785,88.867,-30.745,-30.777,-36.783,163,153,181,51,18,166.79,55.51,9.46,155.383333333333,12.0921857228359,7.61666666666667,"Dylan","Sampson","CLE","RB",21,-5
"robust","16688","RB",80.255,6.182442,1.73249999999999,73.98,97.3435,-32.64,-28.582,-28.3065,166,149,163,52,18,140.86,47.32,5.07,139.082,12.2775916205093,26.918,"Isaac","Guerendo","SFO","RB",25,-4
"robust","17052","RB",78.5225,23.699361,0.107500000000016,40.2795,105.54,-34.3725,-62.2825,-20.11,169,228,142,53,18,157.33,53.39,11.26,142.4775,6.32167056639303,26.5225,"Bhayshul","Tuten","JAC","RB",22,-5
"robust","14823","RB",78.415,2.66868000000001,0.617499999999993,65.945,81.349,-34.48,-36.617,-44.301,170,164,194,54,18,149.14,50.77,6.83,153.165,20.2381996481901,16.835,"Rico","Dowdle","CAR","RB",27,0
"robust","17069","RB",77.7975,20.066991,4.67249999999999,38.6645,98.9,-35.0975,-63.8975,-26.75,173,236,159,55,19,154.48,52.24,9.32,135.856,14.2598661985308,37.144,"Jaydon","Blue","DAL","RB",21,-5
"robust","16610","RB",73.125,1.34916600000002,4.00250000000001,71.648,75.51,-39.77,-30.914,-50.14,179,155,203,56,19,152.59,51.75,5.9,167.016666666667,9.68938365199539,11.9833333333333,"Jaylen","Wright","MIA","RB",22,-4
"robust","16604","RB",69.1225,21.2403685569317,2.45750000000001,45.810565056803,99.6695,-43.7725,-56.7514349431971,-25.9805,189,204,157,57,19,180.08,58.78,5.78,167.356666666667,30.8912677341384,21.6433333333333,"MarShawn","Lloyd","GBP","RB",24,-4
"robust","16596","RB",66.665,11.63841,0.444999999999993,53.765,78.914,-46.23,-48.797,-46.736,194,192,199,58,20,152.23,52.23,5.14,163.516666666667,20.1990632346046,30.4833333333333,"Braelon","Allen","NYJ","RB",21,-4
"robust","14079","RB",66.22,5.648706,4.45499999999999,59.4395,71.7475,-46.675,-43.1225,-53.9025,195,173,210,59,20,217.5,65.95,9.46,189.663333333333,19.8139552392303,5.33666666666667,"Miles","Sanders","DAL","RB",28,1
"robust","16171","RB",61.765,29.4611750322581,0.844999999999999,28.3058064516129,105.0955,-51.13,-74.2561935483871,-20.5545,203,307,145,60,20,201.52,63.42,6.32,173.896666666667,41.8551170374928,29.1033333333333,"Kendre","Miller","NOS","RB",23,-3
"robust","13138","RB",60.92,8.85853500000001,0.190000000000005,51.71,69.717,-51.975,-50.852,-55.933,205,196,215,61,20,203.06,64.15,8.21,144.585,31.9614944112443,60.415,"Kareem","Hunt","KCC","RB",30,3
"robust","14086","RB",60.73,8.58425399999999,5.37476415094341,53.897,68.445,-52.165,-48.665,-57.205,206,191,217,62,21,230.03,70.04,10.16,188.71,26.21,17.29,"Justice","Hill","BAL","RB",28,1
"robust","12447","RB",55.3552358490566,22.950648,5.5052358490566,30.681141509434,90.094,-57.5397641509434,-71.880858490566,-35.556,218,280,178,63,21,247.97,74.35,8.1,194.393333333333,27.9563103590028,23.6066666666667,"Raheem","Mostert","LVR","RB",33,5
"robust","16593","RB",49.85,10.08168,0.397499999999994,41.875,58.245,-63.045,-60.687,-67.405,236,217,250,64,21,175.73,57.72,6.76,200.255,16.055,35.745,"Blake","Corum","LAR","RB",25,-4
"robust","14095","RB",49.4525,8.057931,2.05250000000001,41,79.708,-63.4425,-61.562,-45.942,238,223,196,65,22,275.42,81.22,8.04,157,NA,81,"Ty","Johnson","BUF","RB",28,1
"robust","14798","RB",47.4,NA,0.892263868672167,47.4,47.4,-65.495,-55.162,-78.25,252,202,296,66,22,293.42,87.1,9.01,148.755,32.755,103.245,"Zack","Moss","FA","RB",28,0
"robust","17064","RB",46.5077361313278,15.441279,0.77981082012451,24.2755,63.8781416787967,-66.3872638686722,-78.2865,-61.7718583212033,254,326,233,67,22,237.54,72.33,12.15,174.39,16.0398898583085,79.61,"Jarquez","Hunter","LAR","RB",23,-5
"robust","17058","RB",45.7279253112033,19.67102606639,1.43895696907613,33.7867925311203,57.6690580912863,-67.1670746887967,-68.7752074688797,-67.9809419087137,260,261,252,68,22,247.84,76.6,13.36,193.43,7.99,66.57,"Tahj","Brooks","CIN","RB",23,-5
"robust","15263","RB",44.2889683421272,3.59675630935852,1.60776530098229,40.21,62.9302936684254,-68.6060316578728,-62.352,-62.7197063315746,269,229,238,69,22,244.05,72.78,7.86,190.436666666667,28.5011348701923,78.5633333333334,"Elijah","Mitchell","KCC","RB",27,-1
"robust","15271","RB",42.6812030411449,21.5236919141324,0.741203041144907,10.884740608229,66.3945,-70.2137969588551,-91.677259391771,-59.2555,274,385,221,70,22,270.22,80.42,5.71,NA,NA,NA,"Khalil","Herbert","IND","RB",27,-1
"robust","13133","RB",41.94,27.591186,0.406666666666666,11.715,96.1555,-70.955,-90.847,-29.4945,282,379,166,71,22,303.29,93.29,16.29,152.5,NA,129.5,"Samaje","Perine","CIN","RB",30,3
"robust","14080","RB",41.5333333333333,8.18559933333334,0.420833333333327,9.91166666666666,50.537,-71.3616666666667,-92.6503333333334,-75.113,283,394,281,72,22,252.91,75.1,6.19,231.44,NA,51.56,"Devin","Singletary","NYG","RB",28,1
"robust","16601","RB",41.1125,9.896355,0.509160341555983,30.8875,53.735,-71.7825,-71.6745,-71.915,285,278,264,73,22,224.15,68.25,11.19,193.65,10.1560326899828,91.35,"Will","Shipley","PHI","RB",23,-4
"robust","16166","RB",40.603339658444,7.205436,0.208339658444025,33.095,49.2223548387097,-72.291660341556,-69.467,-76.4276451612903,291,264,286,74,22,269.62,79.91,8.05,188.7,NA,102.3,"Sean","Tucker","TBB","RB",24,-3
"robust","16178","RB",40.395,8.52495,1.09999999999999,26.005,49.412,-72.5,-76.557,-76.238,295,317,285,75,22,242.51,72.46,6.41,224.75,NA,70.25,"Keaton","Mitchell","BAL","RB",23,-3
"robust","14852","RB",39.295,23.86986,1.3,10.27,65.807,-73.6,-92.292,-59.843,307,390,224,76,23,257.56,76.44,8.3,192.09,NA,114.91,"Antonio","Gibson","NEP","RB",27,0
"robust","17053","RB",37.995,0.281693999999997,0.189999999999998,37.219,39.739,-74.9,-65.343,-85.911,310,249,337,77,23,249.93,77.9,16.5,189.355,14.645,120.645,"Woody","Marks","HOU","RB",25,-5
"robust","17066","RB",37.805,20.104056,0.735000000000007,23.056,56.626,-75.09,-79.506,-69.024,312,330,255,78,23,230.56,70.84,8.96,189,22.27,123,"Kyle","Monangai","CHI","RB",23,-5
"robust","16595","RB",37.07,11.905278,3.49,29.843,44.297,-75.825,-72.719,-81.353,315,287,318,79,23,241.05,73.54,11.92,NA,NA,NA,"Audric","Estime","DEN","RB",22,-4
"robust","15714","RB",33.58,NA,0.0477491785323068,33.58,33.58,-79.315,-68.982,-92.07,328,262,365,80,23,322.78,99.81,6.46,239.6,NA,88.4,"Zamir","White","LVR","RB",26,-2
"robust","17056","RB",33.5322508214677,20.637792,0.122250821467688,11.2913504928806,63.5335,-79.3627491785323,-91.2706495071194,-62.1165,330,382,236,81,23,265.92,78.45,8.41,142.52,85.195794888402,187.48,"Trevor","Etienne","CAR","RB",21,-5
"robust","14805","RB",33.41,7.40690712328768,1.09,10.395,41.2990136986301,-79.485,-92.167,-84.3509863013699,332,388,333,82,23,288.89,86.78,13.73,191.23,NA,140.77,"AJ","Dillon","PHI","RB",27,0
"robust","17046","RB",32.32,9.903768,1.27750000000001,21.98,53.254,-80.575,-80.582,-72.396,340,340,267,83,23,224.23,69.05,9.08,201.395,12.225,138.605,"Devin","Neal","NOS","RB",22,-5
"robust","12155","RB",31.0425,10.422678,0.344999999999999,24.373,38.26,-81.8525,-78.189,-87.39,342,325,340,84,23,332.6,104.09,9.17,NA,NA,NA,"Ameer","Abdullah","SFO","RB",32,5
"robust","15255","RB",30.6975,7.109067,1.30085078534031,24.395,37.4935,-82.1975,-78.167,-88.1565,345,324,345,85,24,261.79,77.23,7.73,NA,NA,NA,"Kenneth","Gainwell","PIT","RB",26,-1
"robust","15717","RB",29.3966492146597,8.86098012565445,0.388657802445948,24.017664921466,34.7756335078534,-83.4983507853403,-78.544335078534,-90.8743664921466,353,327,358,86,24,303.55,92.54,9.1,NA,NA,NA,"Dameon","Pierce","HOU","RB",25,-2
"robust","15730","RB",29.0079914122137,5.53301227099237,0.781719482389178,19.95,34.5587690839695,-83.8870085877863,-82.612,-91.0912309160305,356,347,359,87,24,331.25,113.14,11.15,NA,NA,NA,"Tyler","Goodson","IND","RB",25,-2
"robust","16752","RB",28.2262719298246,13.654746,0.678771929824563,13.04,44.1353245614035,-84.6687280701754,-89.522,-81.5146754385965,357,370,321,88,24,281.61,83.28,7.36,NA,NA,NA,"Isaiah","Davis","NYJ","RB",23,-4
"robust","16390","RB",27.5475,4.655364,0.269999999999996,8.985,36.426,-85.3475,-93.577,-89.224,358,401,349,89,24,238.63,72.66,11.13,146.67,NA,211.33,"Jaleel","McLaughlin","DEN","RB",25,-3
"robust","17055","RB",27.2775,8.650971,0.510919282511214,17.755,42.0655,-85.6175,-84.807,-83.5845,359,354,332,90,24,260.14,78.21,10.56,215.25,NA,143.75,"Jordan","James","SFO","RB",21,-5
"robust","17060","RB",26.7665807174888,13.365639,0.448085093856402,12.1,42.4853744394619,-86.1284192825112,-90.462,-83.1646255605381,362,375,330,91,24,219.82,68.79,11.37,187.78,4.59999999999999,174.22,"DJ","Giddens","IND","RB",22,-5
"robust","16432","RB",26.3184956236324,16.1188142231948,0.370995623632389,7.625,43.6168851203501,-86.5765043763676,-94.937,-82.0331148796499,365,407,323,92,24,301.29,90.72,10.08,NA,NA,NA,"Emanuel","Wilson","GBP","RB",26,-3
"robust","17256","RB",25.9475,7.435239,0.611115819209036,17.535,36.46324617737,-86.9475,-85.027,-89.18675382263,366,355,348,93,24,256.83,78.56,16.04,166.175,33.175,199.825,"Jacory","Croskey-Merritt","WAS","RB",24,-5
"robust","14223","RB",25.336384180791,4.36956562711864,0.196384180790961,7.3532768361582,33.8852768361582,-87.558615819209,-95.2087231638418,-91.7647231638418,369,410,363,94,24,283.4,84.06,7.25,NA,NA,NA,"Alexander","Mattison","MIA","RB",27,1
"robust","17049","RB",25.14,18.932802,0.0399999999999991,10.553,37.823,-87.755,-92.009,-87.827,370,387,343,95,24,248.35,78.35,16.41,189.943333333333,3.95722405509497,180.056666666667,"Brashard","Smith","KCC","RB",22,-5
"robust","17272","RB",25.1,0,1.85,25.1,25.1,-87.795,-77.462,-100.55,371,322,393,96,24,NA,NA,NA,NA,NA,NA,"Amar","Johnson","GBP","RB",22,-5
"robust","17059","RB",23.25,0.667169999999994,0.100970695970695,22.585,23.755,-89.645,-79.977,-101.895,375,338,395,97,24,252.72,75.51,7.56,204.105,9.065,170.895,"Ollie","Gordon","MIA","RB",21,-5
"robust","11367","RB",23.1490293040293,11.386368,0.0740293040293025,10.6574175824176,39.724,-89.7459706959707,-91.9045824175824,-85.926,376,386,338,98,24,311,96.57,17.53,NA,NA,NA,"Kyle","Juszczyk","SFO","RB",34,7
"robust","16174","RB",23.075,9.229185,0.424999999999997,17.4725,28.6775,-89.82,-85.0895,-96.9725,377,356,382,99,24,314.71,94.59,8.25,NA,NA,NA,"Chris","Rodriguez","WAS","RB",25,-3
"robust","14799","RB",22.65,NA,0.335000000000004,22.65,22.65,-90.245,-79.912,-103,378,337,397,100,24,293.2,88.52,11.59,NA,NA,NA,"Cam","Akers","NOS","RB",26,0
"robust","16385","RB",22.315,8.940078,0.166751269035533,13.603,36.283,-90.58,-88.959,-89.367,379,365,352,101,24,335.11,101,11,NA,NA,NA,"Emari","Demercado","ARI","RB",26,-3
"robust","15723","RB",22.1482487309645,6.55049556852792,0.423248730964467,18.1718248730964,26.1246725888325,-90.7467512690355,-84.3901751269036,-99.5253274111675,380,353,389,102,24,311.7,94.29,5.96,143,NA,237,"Ty","Chandler","MIN","RB",27,-2
"robust","14803","RB",21.725,5.596815,0.725000000000001,18.3275,25.1225,-91.17,-84.2345,-100.5275,381,352,391,103,24,362.57,110.25,3.86,NA,NA,NA,"Clyde","Edwards-Helaire","NOS","RB",26,0
"robust","17054","RB",21,7.26474,0.274999999999999,16.59,25.41,-91.895,-85.972,-100.24,383,359,390,104,25,286.46,87.14,9.46,NA,NA,NA,"Damien","Martinez","SEA","RB",21,-5
"robust","17050","RB",20.725,7.227675,0.0100000000000016,16.3375,25.1125,-92.17,-86.2245,-100.5375,385,360,392,105,25,335.33,101.17,4.65,NA,NA,NA,"Kalel","Mullings","TEN","RB",23,-5
"robust","13143","RB",20.715,12.135081,2.105,13.3485,28.0815,-92.18,-89.2135,-97.5685,386,368,383,106,25,346.4,106.73,7.35,NA,NA,NA,"Jeremy","McNichols","WAS","RB",30,3
"robust","16387","RB",18.61,12.943098,1.445,9.557,26.927,-94.285,-93.005,-98.723,388,396,385,107,25,309.48,93,4.66,NA,NA,NA,"Chris","Brooks","GBP","RB",25,-3
"robust","16612","RB",17.165,7.464891,0.265000000000004,12.6335,21.6965,-95.73,-89.9285,-103.9535,390,374,403,108,25,346.5,125.4,9.33,NA,NA,NA,"Carson","Steele","KCC","RB",23,-4
"robust","17266","RB",16.9,NA,0.279999999999998,16.9,16.9,-95.995,-85.662,-108.75,393,358,414,109,25,NA,132.5,0.5,NA,NA,NA,"Montrell","Johnson","PHI","RB",23,-5
"robust","16757","RB",16.62,8.569428,0.359999999999999,11.418,21.822,-96.275,-91.144,-103.828,395,381,402,110,25,289.33,87.04,12.11,NA,NA,NA,"Kimani","Vidal","LAC","RB",24,-4
"robust","12325","RB",16.26,4.507104,0.109999999999999,13.524,18.996,-96.635,-89.038,-106.654,396,366,409,111,25,363.5,120.5,12.05,NA,NA,NA,"Michael","Burton","DEN","RB",33,5
"robust","14817","RB",16.15,NA,0.220000000000002,16.15,16.15,-96.745,-86.412,-109.5,397,361,417,112,25,340.33,112.2,7.73,NA,NA,NA,"Patrick","Taylor","SFO","RB",27,0
"robust","15720","RB",15.93,10.778502,0.0350000000000001,9.387,22.473,-96.965,-93.175,-103.177,398,399,398,113,25,363.5,117.17,5.64,NA,NA,NA,"Hassan","Haskins","LAC","RB",26,-2
"robust","16168","RB",15.895,9.347793,0.729999999999999,10.2205,21.5695,-97,-92.3415,-104.0805,399,391,404,114,25,NA,135,13.19,177.2,NA,221.8,"Israel","Abanikanda","GBP","RB",23,-3
"robust","15743","RB",15.165,5.537511,0.395000000000001,11.8035,18.5265,-97.73,-90.7585,-107.1235,402,377,410,115,25,284.76,84.96,10.59,NA,NA,NA,"Sincere","McCormick","LVR","RB",25,-2
"robust","12923","RB",14.77,4.937058,0.720000000000001,11.773,17.767,-98.125,-90.789,-107.883,404,378,411,116,25,358.5,115.67,12.12,NA,NA,NA,"C.J.","Ham","MIN","RB",32,4
"robust","16746","RB",14.05,NA,0.1371875,14.05,14.05,-98.845,-88.512,-111.6,407,363,421,117,25,362,119.6,9.89,NA,NA,NA,"Rasheen","Ali","BAL","RB",24,-4
"robust","13148","RB",13.9128125,4.314366,0.892812499999998,9.991,19.919125,-98.9821875,-92.571,-105.730875,408,393,407,118,25,350,130.2,10.34,NA,NA,NA,"Dare","Ogunbowale","HOU","RB",31,3
"robust","14727","RB",13.02,NA,0.792500000000002,13.02,13.02,-99.875,-89.542,-112.63,410,371,425,119,25,342.5,108.44,10.62,NA,NA,NA,"Craig","Reynolds","DET","RB",29,1
"robust","14420","RB",12.2275,5.530098,0.147499999999999,8.623,16.228,-100.6675,-93.939,-109.422,413,403,416,120,25,285.75,93.6,21.28,NA,NA,NA,"Alec","Ingold","MIA","RB",29,1
"robust","14083","RB",12.08,NA,0.470000000000001,12.08,12.08,-100.815,-90.482,-113.57,414,376,429,121,25,NA,122,16,NA,NA,NA,"Travis","Homer","CHI","RB",27,1
"robust","15258","RB",11.61,NA,0.669999999999998,11.61,11.61,-101.285,-90.952,-114.04,415,380,433,122,26,351.67,122.83,14.51,NA,NA,NA,"Michael","Carter","ARI","RB",26,-1
"robust","15733","RB",10.94,7.620564,0.0500000000000007,6.314,15.566,-101.955,-96.248,-110.084,417,416,419,123,26,351.8,113,7.35,NA,NA,NA,"Pierre","Strong Jr.","CLE","RB",27,-2
"robust","17061","RB",10.89,NA,0.600000000000001,10.89,10.89,-102.005,-91.672,-114.76,419,384,435,124,26,327.08,104.53,18.47,NA,NA,NA,"LeQuint","Allen","JAC","RB",21,-5
"robust","15973","RB",10.29,NA,0.269999999999998,10.29,10.29,-102.605,-92.272,-115.36,421,389,440,125,26,NA,128,5.05,NA,NA,NA,"Raheem","Blackshear","CAR","RB",27,-2
"robust","16424","RB",10.02,NA,0.299999999999999,10.02,10.02,-102.875,-92.542,-115.63,423,392,441,126,26,NA,126,4,NA,NA,NA,"Jordan","Mims","TEN","RB",26,-3
"robust","15726","RB",9.72,NA,0.360000000000003,9.72,9.72,-103.175,-92.842,-115.93,425,395,443,127,26,350.5,124.25,20.79,NA,NA,NA,"Ronnie","Rivers","LAR","RB",26,-2
"robust","15965","RB",9.36,NA,1.79,9.36,9.36,-103.535,-93.202,-116.29,427,400,446,128,26,NA,126.71,6.56,NA,NA,NA,"Julius","Chestnut","TEN","RB",25,-2
"robust","16599","RB",7.57,NA,0.0499999999999998,7.57,7.57,-105.325,-94.992,-118.08,432,408,450,129,26,NA,140,0,NA,NA,NA,"Frank","Gore Jr.","BUF","RB",23,-4
"robust","13455","RB",7.52,NA,0.510000000000001,7.52,7.52,-105.375,-95.042,-118.13,433,409,452,130,26,NA,126.5,4.5,NA,NA,NA,"Patrick","Ricard","BAL","RB",31,3
"robust","16176","RB",7.01,NA,0.140000000000001,7.01,7.01,-105.885,-95.552,-118.64,439,412,453,131,26,365.5,121.5,6.7,NA,NA,NA,"Deuce","Vaughn","DAL","RB",24,-3
"robust","15462","RB",6.87,NA,0.549999999999999,6.87,6.87,-106.025,-95.692,-118.78,440,413,454,132,26,NA,NA,NA,NA,NA,NA,"Gary","Brightwell","CIN","RB",27,-1
"robust","16173","RB",6.32,NA,0.725,6.32,6.32,-106.575,-96.242,-119.33,442,415,455,133,26,NA,123.8,11.62,NA,NA,NA,"Eric","Gray","NYG","RB",26,-3
"robust","16391","RB",5.595,0.155673,0.00999999999999979,5.5005,5.6895,-107.3,-97.0615,-119.9605,444,422,458,134,26,NA,124,10.23,NA,NA,NA,"Hunter","Luepke","DAL","RB",25,-3
"robust","15729","RB",5.585,0.274281000000001,0.725,5.4185,5.7515,-107.31,-97.1435,-119.8985,445,423,457,135,26,NA,NA,NA,NA,NA,NA,NA,NA,NA,NA,NA,NA
"robust","14808","RB",4.86,NA,0.430000000000001,4.86,4.86,-108.035,-97.702,-120.79,446,428,461,136,26,NA,NA,NA,NA,NA,NA,"Darrynton","Evans","BUF","RB",27,0
"robust","15257","RB",4.43,NA,0.369999999999999,4.43,4.43,-108.465,-98.132,-121.22,450,431,462,137,26,343.67,110.5,12.48,NA,NA,NA,"Trey","Sermon","PIT","RB",26,-1
"robust","14815","RB",4.06,NA,0.0499999999999998,4.06,4.06,-108.835,-98.502,-121.59,453,434,465,138,26,NA,132.2,10.5,NA,NA,NA,"DeeJay","Dallas","ARI","RB",27,0
"robust","14827","RB",4.01,NA,0.27,4.01,4.01,-108.885,-98.552,-121.64,454,435,466,139,26,NA,NA,NA,NA,NA,NA,"J.J.","Taylor","HOU","RB",27,0
"robust","15727","RB",3.74,NA,0.04,3.74,3.74,-109.155,-98.822,-121.91,455,439,468,140,26,NA,NA,NA,NA,NA,NA,"Zonovan","Knight","NYJ","RB",24,-2
"robust","16409","RB",3.7,NA,0.0300000000000002,3.7,3.7,-109.195,-98.862,-121.95,456,440,469,141,26,NA,NA,NA,NA,NA,NA,"Elijah","Dotson","ATL","RB",26,-3
"robust","16957","RB",3.67,NA,0.0700000000000003,3.67,3.67,-109.225,-98.892,-121.98,457,442,470,142,26,NA,NA,NA,NA,NA,NA,"Terrell","Jennings","NEP","RB",24,-4
"robust","15767","RB",3.6,NA,0.0800000000000001,3.6,3.6,-109.295,-98.962,-122.05,458,443,472,143,26,NA,186,8,NA,NA,NA,"Velus","Jones","NOS","WR",28,-2
"robust","16335","RB",3.52,NA,0.37,3.52,3.52,-109.375,-99.042,-122.13,459,445,473,144,26,NA,NA,NA,NA,NA,NA,"Scott","Matlock","LAC","DT",25,-3
"robust","15718","RB",3.15,NA,0.35,3.15,3.15,-109.745,-99.412,-122.5,460,446,475,145,26,383.67,119.33,6.1,NA,NA,NA,"Tyler","Badie","DEN","RB",25,-2
"robust","17271","RB",2.8,NA,0.25,2.8,2.8,-110.095,-99.762,-122.85,462,447,476,146,26,357,109.71,7.34,NA,NA,NA,"Marcus","Yarns","NOS","RB",24,-5
"robust","17267","RB",2.55,NA,0.15,2.55,2.55,-110.345,-100.012,-123.1,465,448,477,147,27,NA,NA,NA,NA,NA,NA,"Lan","Larison","NEP","RB",NA,-5
"robust","14331","RB",2.4,NA,0.0500000000000003,2.4,2.4,-110.495,-100.162,-123.25,466,450,478,148,27,332,112.2,6.27,NA,NA,NA,"D'Ernest","Johnson","BAL","RB",29,1
"robust","16613","RB",2.35,NA,0.1,2.35,2.35,-110.545,-100.212,-123.3,467,452,480,149,27,NA,127,20.42,NA,NA,NA,"Dylan","Laube","LVR","RB",26,-4
"robust","16678","RB",2.25,NA,0.15,2.25,2.25,-110.645,-100.312,-123.4,468,453,482,150,27,373,122.4,12.78,NA,NA,NA,"Sione","Vaki","DET","RB",24,-4
"robust","17215","RB",2.1,NA,0.25,2.1,2.1,-110.795,-100.462,-123.55,471,454,489,151,27,NA,81,10.26,NA,NA,NA,"Robbie","Ouzts","SEA","TE",23,-5
"robust","16864","RB",1.85,NA,0.3,1.85,1.85,-111.045,-100.712,-123.8,472,455,490,152,27,NA,138,1,NA,NA,NA,"Carlos","Washington","ATL","RB",27,-3
"robust","16748","RB",1.55,NA,0.15,1.55,1.55,-111.345,-101.012,-124.1,473,456,491,153,27,NA,127.25,1.3,NA,NA,NA,"Keilan","Robinson","PHI","RB",25,-4
"robust","17057","RB",1.4,NA,0.0599999999999998,1.4,1.4,-111.495,-101.162,-124.25,474,458,495,154,27,321.56,98.67,10.21,NA,NA,NA,"Donovan","Edwards","NYJ","RB",22,-5
"robust","17062","RB",1.4,NA,0,1.4,1.4,-111.495,-101.162,-124.25,474,458,495,154,27,309.68,96.53,13.12,NA,NA,NA,"Raheim","Sanders","LAC","RB",23,-5
"robust","17063","RB",1.4,NA,0,1.4,1.4,-111.495,-101.162,-124.25,474,458,495,154,27,303.62,95.51,12.61,NA,NA,NA,"Phil","Mafah","DAL","RB",23,-5
"robust","17274","RB",1.4,NA,0,1.4,1.4,-111.495,-101.162,-124.25,474,458,495,154,27,NA,NA,NA,NA,NA,NA,"Corey","Kiner","SFO","RB",23,-5
"robust","15454","RB",1.34,NA,0.13,1.34,1.34,-111.555,-101.222,-124.31,475,459,496,155,27,NA,NA,NA,NA,NA,NA,"Avery","Williams","PHI","RB",27,-1
"robust","14076","RB",1.21,NA,0,1.21,1.21,-111.685,-101.352,-124.44,477,460,497,156,27,NA,136.33,4.71,NA,NA,NA,"Trayveon","Williams","CLE","RB",28,1
"robust","15281","WR",230.3025,13.187727,30.5425,216.4015,244.06,107.2775,100.2215,111.517833333333,8,8,9,1,1,2.08,1.03,0.17,3.60666666666667,1.86391761858964,4.39333333333333,"Ja'Marr","Chase","CIN","WR",25,-1
"robust","14836","WR",199.76,5.60422800000002,7.255,189.011,205.538,76.735,72.831,72.9958333333334,17,18,23,2,2,4.88,2.47,0.64,7.43833333333333,1.96755700185676,9.56166666666667,"Justin","Jefferson","MIN","WR",26,0
"robust","14832","WR",192.505,5.55975,3.52000000000001,186.672,198.205,69.48,70.492,65.6628333333333,23,20,30,3,2,5.94,3.13,0.99,7.975,4.24547504212819,15.025,"CeeDee","Lamb","DAL","WR",26,0
"robust","16211","WR",188.985,11.312238,6.44749999999999,177.511,199.36,65.96,61.331,66.8178333333334,25,24,29,4,3,9.92,5.52,1.76,15.3533333333333,4.81830421990513,9.64666666666667,"Puka","Nacua","LAR","WR",24,-3
"robust","16615","WR",182.5375,20.90466,1.85249999999999,164.3125,201.27,59.5125,48.1325,68.7278333333334,30,34,28,5,4,10.73,6.02,1.86,21.1433333333333,15.6471964119952,8.85666666666667,"Malik","Nabers","NYG","WR",22,-4
"robust","15290","WR",180.685,2.67609300000001,3.41250000000002,177.8945,192.702,57.66,61.7145,60.1598333333334,31,23,33,6,4,9.34,5.31,1.62,20.01,6.24204827493882,10.99,"Nico","Collins","HOU","WR",26,-1
"robust","16618","WR",177.2725,3.13569899999999,2.61738095238093,173.98,204.4395,54.2475,57.8,71.8973333333333,33,26,25,7,5,10.63,6.27,1.3,33.7083333333333,35.039847515206,-0.708333333333336,"Brian","Thomas Jr.","JAC","WR",23,-4
"robust","15287","WR",174.655119047619,7.509369,4.14761904761906,167.388571428571,184.7145,51.630119047619,51.2085714285714,52.1723333333333,37,32,39,8,5,13.97,7.63,1.99,14.9033333333333,5.4130110741517,22.0966666666667,"Amon-Ra","St. Brown","DET","WR",26,-1
"robust","14104","WR",170.5075,10.133571,2.88249999999999,160.5745,178.96,47.4825,44.3945,46.4178333333334,40,36,42,9,6,17.41,9.19,1.43,23.0783333333333,7.85198364887639,16.9216666666667,"A.J.","Brown","PHI","WR",28,1
"robust","16627","WR",167.625,12.928272,2.83500000000001,153.167,187.206,44.6,36.987,54.6638333333333,41,46,38,10,6,23.2,11.59,1.79,43.4566666666667,35.8506520938679,-2.45666666666667,"Ladd","McConkey","LAC","WR",24,-4
"robust","14835","WR",164.79,11.8608,0.33499999999998,152.254,178.6,41.765,36.074,46.0578333333333,42,47,43,11,6,27.52,13.25,2.42,42.02,14.1167075953755,-0.019999999999996,"Tee","Higgins","CIN","WR",26,0
"robust","15751","WR",164.455,5.47079400000002,0.825000000000017,159.428,169.335,41.43,43.248,36.7928333333334,43,38,51,12,6,19.23,9.98,2.11,25.1066666666667,3.37425382697996,17.8933333333333,"Drake","London","ATL","WR",24,-2
"robust","11675","WR",163.63,25.05594,1.29249999999999,138.983,188.725,40.605,22.803,56.1828333333333,44,59,36,13,7,33.34,15.58,3.28,40.4,12.4490192384782,3.6,"Davante","Adams","LAR","WR",33,6
"robust","11671","WR",162.3375,6.931155,0.472785285285283,155.315,178.4625,39.3125,39.135,45.9203333333333,46,44,45,14,7,30.05,14.25,2.97,38.685,11.7696470493667,7.315,"Mike","Evans","TBB","WR",32,6
"robust","12801","WR",161.864714714715,5.048253,3.47721471471468,155.92703003003,167.06,38.8397147147147,39.74703003003,34.5178333333333,47,42,53,15,7,31.58,14.72,2.47,32.1833333333333,14.6930081633711,14.8166666666667,"Tyreek","Hill","MIA","WR",31,4
"robust","14109","WR",158.3875,2.40922500000002,4.50750000000005,155.73,173.5675,35.3625,39.55,41.0253333333334,50,43,47,16,8,39.02,18.17,3.67,48.985,16.4553615882484,1.01499999999999,"Terry","McLaurin","WAS","WR",30,1
"robust","16614","WR",153.88,1.66051200000001,0.244999999999976,152.04,156.896,30.855,35.86,24.3538333333333,54,48,62,17,8,39.98,18.63,3.92,37.4666666666667,9.43070811527722,16.5333333333333,"Marvin","Harrison Jr.","ARI","WR",23,-4
"robust","16620","WR",153.635,18.5325,2.03,138.971,168.81,30.61,22.791,36.2678333333334,55,60,52,18,8,54.72,25.13,5.22,67.83,19.3967969864443,-12.83,"Xavier","Worthy","KCC","WR",22,-4
"robust","14102","WR",151.605,6.345528,4.2525,140.686,158.335,28.58,24.506,25.7928333333334,59,57,61,19,9,46.14,21.39,4.61,51.3983333333333,10.0507087920316,7.60166666666667,"DK","Metcalf","PIT","WR",28,1
"robust","16185","WR",147.3525,5.73024899999999,3.30500000000001,131.7655,153.73,24.3275,15.5855,21.1878333333333,60,70,65,20,10,35.56,16.38,2.97,53.4516666666667,25.9746070978733,6.54833333333334,"Jaxon","Smith-Njigba","SEA","WR",23,-3
"robust","16190","WR",144.0475,7.46489100000004,0.510000000000019,126.475533057851,152.6,21.0225,10.2955330578512,20.0578333333334,63,76,66,21,10,53.22,24.81,3.67,67.8033333333333,4.68348398334212,-4.80333333333333,"Zay","Flowers","BAL","WR",25,-3
"robust","13635","WR",143.5375,6.54563789279113,2.01999999999995,136.417047134935,154.615,20.5125,20.2370471349353,22.0728333333333,64,62,64,22,10,49.86,23.31,3.73,52.0666666666667,9.55202887116426,11.9333333333333,"D.J.","Moore","CHI","WR",28,2
"robust","13630","WR",141.5175,5.80437900000005,1.00500000000002,135.211,151.2895,18.4925,19.031,18.7473333333333,68,63,68,23,10,51.05,23.83,3.83,68.48,24.351396948293,-0.480000000000004,"Courtland","Sutton","DEN","WR",30,2
"robust","15756","WR",140.5125,0.704235000000034,0.414999999999992,139.72,148.7525,17.4875,23.54,16.2103333333334,70,58,72,24,10,48.05,22.47,5.31,73.46,23.1039354512025,-3.45999999999999,"Jameson","Williams","DET","WR",24,-2
"robust","13629","WR",140.0975,5.21381,1.09750000000003,134.160166666667,152.44,17.0725,17.9801666666667,19.8978333333334,71,66,67,25,10,61.3,27.72,4.37,74.6483333333333,12.4598761586498,-3.64833333333333,"Calvin","Ridley","TEN","WR",31,2
"robust","15762","WR",139,4.23282300000001,0.6875,134.4265,147.265,15.975,18.2465,14.7228333333333,73,65,75,26,11,62.28,28.14,4.13,71.2616666666667,7.48213297722574,1.73833333333333,"George","Pickens","DAL","WR",24,-2
"robust","15753","WR",138.3125,4.85551500000003,3.28749999999997,133.33,143.6275,15.2875,17.15,11.0853333333333,74,68,78,27,11,39.27,18.13,2.87,40.4433333333333,15.8256465551613,33.5566666666667,"Garrett","Wilson","NYJ","WR",25,-2
"robust","15282","WR",135.025,5.35218600000002,2.60500000000005,128.966,148.038,12,12.786,15.4958333333333,77,74,74,28,12,58.06,26.77,3.62,55.6916666666667,7.13305314870303,21.3083333333333,"DeVonta","Smith","PHI","WR",27,-1
"robust","14833","WR",132.42,2.07564000000003,1.65749999999997,129.334,134.776,9.39499999999998,13.154,2.23383333333337,79,73,93,29,12,83.19,35.86,4.48,94.828,22.1118768086293,-15.828,"Jerry","Jeudy","CLE","WR",26,0
"robust","14136","WR",130.7625,7.26474000000002,2.9516592920354,122.7925,139.135,7.73750000000001,6.6125,6.59283333333335,80,81,82,30,12,93.48,39.22,5.57,79.9016666666667,27.7670850808811,0.098333333333315,"Deebo","Samuel","WAS","WR",29,1
"robust","15284","WR",127.810840707965,7.33228795575221,0.0833407079646094,119.6355,137.238668141593,4.78584070796461,3.4555,4.69650147492629,84,84,88,31,12,65.78,29.48,4.97,80.845,22.4401179067015,3.15499999999999,"Jaylen","Waddle","MIA","WR",27,-1
"robust","14127","WR",127.7275,6.97563300000002,1.68483944954126,116.5635,135.575,4.7025,0.383499999999998,3.03283333333337,85,92,90,32,13,96.66,40.42,4.57,104.896666666667,19.6090477982883,-19.8966666666667,"Jakobi","Meyers","LVR","WR",29,1
"robust","17074","WR",126.042660550459,2.97771368807343,0.472660550458727,122.914,131.978532110092,3.01766055045874,6.734,-0.563634556574868,87,80,96,33,13,78.13,34.21,5.38,71.602,10.5272397141891,15.398,"Travis","Hunter","JAC","WR",22,-5
"robust","14860","WR",125.57,4.52193000000003,2.34000000000003,120.87525,129.84125,2.54500000000002,4.69525,-2.70091666666661,88,82,98,34,13,92.22,38.91,6.44,100.766,20.7013155137542,-12.766,"Jauan","Jennings","SFO","WR",28,0
"robust","16184","WR",123.23,6.760656,0.204999999999984,116.18,132.198,0.204999999999984,0,-0.344166666666638,93,94,95,35,13,87.81,37.44,5.04,101.248333333333,16.4705964440339,-8.24833333333333,"Jayden","Reed","GBP","WR",25,-3
"robust","16616","WR",123.025,8.82147000000001,1.3725,113.34,138.975,0,-2.84,6.43283333333335,94,101,83,36,13,81.38,35.23,4.56,91.5916666666667,10.0326374343384,2.40833333333332,"Rome","Odunze","CHI","WR",23,-4
"robust","17071","WR",121.6525,14.195895,0.299999999999997,104.0545,135.383,-1.3725,-12.1255,2.84083333333334,97,116,91,37,13,67.06,29.7,7.01,69.568,11.1034398273688,27.432,"Tetairoa","McMillan","CAR","WR",22,-5
"robust","13163","WR",121.3525,6.945981,1.23,113.595,137.7055,-1.6725,-2.58500000000001,5.16333333333336,98,100,87,38,14,95.5,39.89,6.99,87.175,10.3253680321817,10.825,"Chris","Godwin","TBB","WR",29,3
"robust","16194","WR",120.1225,4.22541,0.0600000000000165,113.98,124.9585,-2.9025,-2.2,-7.58366666666663,105,99,110,39,14,66.22,29.53,7.79,59.84,11.6127636676202,45.16,"Rashee","Rice","KCC","WR",25,-3
"robust","16186","WR",120.0625,3.82320880165287,0.275414798206256,115.87367768595,128.7525,-2.96250000000002,-0.306322314049581,-3.78966666666665,106,95,99,40,14,82.55,35.55,4.94,92.2433333333333,12.7801834450406,13.7566666666667,"Jordan","Addison","MIN","WR",23,-3
"robust","16080","WR",119.787085201794,2.30667295964127,1.94458520179373,117.764089686099,121.89,-3.23791479820628,1.58408968609865,-10.6521666666666,107,88,120,41,14,130.97,51.83,4.52,153.51,9.7196116177551,-46.51,"Rashid","Shaheed","NOS","WR",27,-2
"robust","16617","WR",117.8425,10.776031,2.49000000000001,103.9435,130.177666666667,-5.1825,-12.2365,-2.36449999999999,112,117,97,42,14,126.77,50.36,5.82,124.1,18.0522120528206,-12.1,"Keon","Coleman","BUF","WR",22,-4
"robust","17075","WR",115.3525,7.68728099999999,1.47999999999999,107.465,132.542166666667,-7.67250000000001,-8.715,0,115,108,94,43,15,121.42,49.32,12.35,105.756,16.0073128288292,9.244,"Matthew","Golden","GBP","WR",22,-5
"robust","15754","WR",113.8725,5.455968,0.290999999999997,102.805,120.0195,-9.1525,-13.375,-12.5226666666667,116,120,124,44,15,79.55,34.28,4.88,90.836,16.2082554274049,25.164,"Chris","Olave","NOS","WR",25,-2
"robust","16622","WR",113.5815,1.326927,1.024,112.2234,118.3335,-9.4435,-3.95659999999999,-14.2086666666666,118,104,128,45,15,96.5,40.25,6.65,111.47,14.2679192596538,6.53,"Ricky","Pearsall","SFO","WR",25,-4
"robust","12186","WR",112.5575,2.59455,0.252499999999998,106.310762711864,115.3095,-10.4675,-9.86923728813559,-17.2326666666666,122,113,133,46,15,107.41,43.86,4.71,103.71,10.7421617936056,18.29,"Stefon","Diggs","NEP","WR",32,5
"robust","13164","WR",112.305,8.865948,1.10249999999999,97.281,122.085,-10.72,-18.899,-10.4571666666666,123,134,118,47,15,121.41,48.67,5.69,93.7766666666667,30.2227390478685,29.2233333333333,"Cooper","Kupp","SEA","WR",32,3
"robust","14974","WR",111.2025,5.84885700000001,1.23250000000002,105.091,124.0035,-11.8225,-11.089,-8.53866666666664,124,114,115,48,15,120.02,48.05,5.05,135.152,11.8788171128274,-11.152,"Darnell","Mooney","ATL","WR",28,0
"robust","16189","WR",109.97,5.33736,2.3075,103.65,114.932,-13.055,-12.53,-17.6101666666667,127,119,135,49,16,149.56,57.88,5.72,145.264,22.26243526661,-18.264,"Marvin","Mims","DEN","WR",23,-3
"robust","15761","WR",107.6625,6.041595,2.86749999999999,100.77,120.9675,-15.3625,-15.41,-11.5746666666666,132,123,123,50,16,105.05,43.27,4.47,111.933333333333,13.1000682780239,20.0666666666667,"Khalil","Shakir","BUF","WR",25,-2
"robust","14842","WR",104.795,1.92738000000001,0.872499999999988,98.924,106.751,-18.23,-17.256,-25.7911666666666,138,127,154,51,16,126.17,50.36,3.76,108.873333333333,29.8282794601961,29.1266666666667,"Michael","Pittman","IND","WR",28,0
"robust","16188","WR",103.9225,15.19665,1.83125000000001,86.9685,126.86,-19.1025,-29.2115,-5.68216666666663,139,150,104,52,17,162.81,61.91,7.51,149.856666666667,35.7081189025067,-10.8566666666667,"Quentin","Johnston","LAC","WR",24,-3
"robust","14840","WR",102.09125,20.823117,1.46124999999998,74.41125,125.49525,-20.93375,-41.76875,-7.04691666666666,143,170,108,53,17,123.95,49.3,8.55,117.628,11.1252818391266,25.372,"Brandon","Aiyuk","SFO","WR",27,0
"robust","15293","WR",100.63,7.70952000000003,1.03500000000003,92.15,123.6045,-22.395,-24.03,-8.93766666666664,146,144,116,54,17,141.95,55.19,4.9,150.6,21.2411758149119,-4.60000000000002,"Rashod","Bateman","BAL","WR",26,-1
"robust","16187","WR",99.595,1.808772,2.07249999999999,93.0606666666667,101.535,-23.43,-23.1193333333333,-31.0071666666666,148,143,169,55,17,112.56,45.78,4.09,124.735,11.7308563910171,23.265,"Josh","Downs","IND","WR",24,-3
"robust","17072","WR",97.5225,5.58198900000001,2.90000000000001,91.125,104.545333333333,-25.5025,-25.055,-27.9968333333333,152,145,162,56,18,158.39,60.55,7.41,145.4325,10.3389442763756,6.5675,"Tre","Harris","LAC","WR",23,-5
"robust","14105","WR",94.6225,11.1195,0.148986486486478,84.952,104.0375,-28.4025,-31.228,-28.5046666666666,156,157,164,57,18,162.66,61.66,5.76,148.505,31.562121680901,7.495,"Marquise","Brown","KCC","WR",28,1
"robust","17081","WR",94.4735135135135,4.032672,2.43601351351352,90.775,98.316945945946,-28.5514864864865,-25.405,-34.2252207207207,157,146,173,58,18,120.03,48.23,8.62,122.916,20.8730185646446,34.084,"Emeka","Egbuka","TBB","WR",23,-5
"robust","17083","WR",92.0375,17.3278875,1.6525,71.42,108.385,-30.9875,-44.76,-24.1571666666666,164,177,150,59,18,165.23,63.32,13.28,137.15,10.5029360974285,26.85,"Jayden","Higgins","HOU","WR",23,-5
"robust","13633","WR",90.385,15.537648,0.389166666666668,72.666,107.985,-32.64,-43.514,-24.5571666666666,165,174,151,60,19,148.11,57.22,6.09,158.765,17.0340959548783,6.23500000000001,"Christian","Kirk","HOU","WR",29,2
"robust","11938","WR",89.9958333333333,4.306953,2.01166666666666,84.1785,94.279,-33.0291666666667,-32.0015,-38.2631666666666,167,158,184,61,19,177.61,66.55,7.77,164.5875,21.3655860848702,2.41249999999999,"Adam","Thielen","CAR","WR",35,6
"robust","16191","WR",87.9841666666667,5.876038,2.25416666666669,80.9475,94.4666666666667,-35.0408333333333,-35.2325,-38.0755,171,161,183,62,19,155.22,59.59,5.14,170.466666666667,13.2811704638141,0.533333333333331,"Cedric","Tillman","CLE","WR",25,-3
"robust","16639","WR",85.73,8.79181800000001,3.86749999999999,68.5774383561644,95.615,-37.295,-47.6025616438356,-36.9271666666667,175,188,182,63,20,189.11,70,6.55,160.995,18.950905651182,14.005,"Xavier","Legette","CAR","WR",24,-4
"robust","15319","WR",81.8625,12.4353075,0.754999999999981,69.89375,93.77875,-41.1625,-46.28625,-38.7634166666667,181,184,185,64,20,188.33,70.16,9.21,190.235,0.00500000000000966,-9.23500000000001,"Joshua","Palmer","BUF","WR",26,-1
"robust","17070","WR",81.1075,5.1891,0.468750000000028,68.8,86.8945,-41.9175,-47.38,-45.6476666666666,183,187,195,65,20,155.61,59.59,6.41,162.64,26.2199364352141,20.36,"Luther","Burden","CHI","WR",22,-5
"robust","15779","WR",80.63875,8.29144049999999,0.236249999999984,71.32,100.3115,-42.38625,-44.86,-32.2306666666667,184,178,171,66,20,165.06,62.36,4.52,166.4825,23.9952040781069,17.5175,"Romeo","Doubs","GBP","WR",25,-2
"robust","15757","WR",80.4025,8.873361,0.352500000000006,70.375,92.3555,-42.6225,-45.805,-40.1866666666667,185,181,187,67,20,195.34,71.78,9.17,172.436666666667,11.2246761893409,12.5633333333334,"Wan'Dale","Robinson","NYG","WR",24,-2
"robust","16342","WR",80.05,4.59605999999998,0.565000000000012,75.765,84.195,-42.975,-40.415,-48.3471666666667,187,169,202,68,20,196.48,72.27,8.81,179.465,4.535,7.535,"Demario","Douglas","NEP","WR",25,-3
"robust","17078","WR",79.485,1.70499000000001,0.452499999999986,73.705,81.406,-43.54,-42.475,-51.1361666666666,188,172,204,69,20,204.8,75.49,11.41,159.123333333333,4.96156113424886,28.8766666666667,"Jack","Bech","LVR","WR",23,-5
"robust","15768","WR",79.0325,17.079552,0.652865168539336,51.9915,97.8675,-43.9925,-64.1885,-34.6746666666666,190,239,176,70,20,187.54,69.85,5.32,180.136666666667,16.0214030457871,9.86333333333332,"Alec","Pierce","IND","WR",25,-2
"robust","16206","WR",78.3796348314607,7.68214465168539,0.667134831460658,69.939170411985,91.795,-44.6453651685393,-46.240829588015,-40.7471666666667,191,183,188,71,21,206.93,75.48,6.42,191.72,19.72,-0.719999999999999,"Michael","Wilson","ARI","WR",25,-3
"robust","16628","WR",77.7125,11.082435,1.405,66.6025,88.315,-45.3125,-49.5775,-44.2271666666666,193,193,192,72,21,169.55,64.03,10.03,170.413333333333,17.2008378348911,22.5866666666667,"Jalen","McMillan","TBB","WR",24,-4
"robust","17134","WR",76.3075,6.01194299999998,2.595,69.975,86.2496666666667,-46.7175,-46.205,-46.2925,197,182,197,73,21,176.97,67,11.9,169.843333333333,8.22461481705307,27.1566666666667,"Kyle","Williams","NEP","WR",23,-5
"robust","12187","WR",73.7125,3.06898200000001,1.46101694915254,51.195,77.1665,-49.3125,-64.985,-55.3756666666666,201,246,214,74,21,241.32,87.32,11.21,220,NA,-19,"Tyler","Lockett","TEN","WR",33,5
"robust","15777","WR",72.2514830508475,16.2618185254237,2.3773163841808,55.0245310734463,103.935,-50.7735169491525,-61.1554689265537,-28.6071666666666,202,221,165,75,22,226.87,82.32,10.74,188.93,47.93,13.07,"Calvin","Austin III","PIT","WR",26,-2
"robust","14122","WR",69.8741666666667,6.701352,2.72416666666666,63.904,75.4605,-53.1508333333333,-52.276,-57.0816666666666,209,198,216,76,22,220.92,79.97,7.91,223,NA,-14,"Darius","Slayton","NYG","WR",28,1
"robust","15109","WR",67.15,11.93493,2.11375000000001,54.2375,78.7675,-55.875,-61.9425,-53.7746666666666,213,225,209,77,23,249.27,89.18,7.81,NA,NA,NA,"Nick","Westbrook-Ikhine","MIA","WR",28,0
"robust","14208","WR",65.03625,3.387741,0.0537499999999937,62.6435,67.967,-57.98875,-53.5365,-64.5751666666666,219,199,244,78,23,244.27,88.14,12.58,221.11,NA,-2.11000000000001,"Diontae","Johnson","CLE","WR",29,1
"robust","15292","WR",64.9825,6.160203,0.260000000000005,55.136,71.589,-58.0425,-61.044,-60.9531666666666,220,220,229,79,23,255.19,91.7,11.46,224.235,26.435,-4.23500000000001,"Dyami","Brown","JAC","WR",26,-1
"robust","13793","WR",64.7225,4.31189500000003,0.962920792079203,45.8983333333333,69.651,-58.3025,-70.2816666666667,-62.8911666666666,221,270,240,80,23,284.82,104.21,12.32,NA,NA,NA,"Marquez","Valdes-Scantling","SEA","WR",31,2
"robust","15301","WR",63.7595792079208,7.227675,0.537912541254116,55.2630693069307,71.9055,-59.2654207920792,-60.9169306930693,-60.6366666666666,226,218,228,81,23,263.73,96.57,15.93,NA,NA,NA,"Tutu","Atwell","LAR","WR",26,-1
"robust","11674","WR",63.2216666666667,9.59242200000001,0.0341666666666782,52.7715,72.4165,-59.8033333333333,-63.4085,-60.1256666666666,227,232,225,82,23,257.02,91.98,11.73,NA,NA,NA,"Brandin","Cooks","NOS","WR",32,6
"robust","13168","WR",63.1875,6.22691999999999,0.286249999999995,57.32,72.395,-59.8375,-58.86,-60.1471666666666,228,211,226,83,23,284.56,103.82,16.02,240.4,NA,-12.4,"Josh","Reynolds","NYJ","WR",30,3
"robust","11232","WR",62.90125,6.1046055,2.64533284023668,56.545,80.4815,-60.12375,-59.635,-52.0606666666667,230,213,206,84,23,187.94,69.83,8.71,167.896,35.1789406321452,62.104,"DeAndre","Hopkins","BAL","WR",33,7
"robust","16287","WR",60.2559171597633,19.607385,0.753417159763309,40.303550295858,84.225,-62.7690828402367,-75.876449704142,-48.3171666666666,234,311,201,85,24,277.13,99.79,8.3,231.33,NA,2.66999999999999,"Tre","Tucker","LVR","WR",24,-3
"robust","13641","WR",59.5025,11.957169,0.847500000000011,45.490829566855,73.2,-63.5225,-70.689170433145,-59.3421666666667,239,272,223,86,24,279.19,102.04,18,216.85,10.15,22.15,"Ray-Ray","McCloud","ATL","WR",29,2
"robust","16195","WR",58.655,14.425698,0.153333333333336,21.586,74.39,-64.37,-94.594,-58.1521666666666,242,405,219,87,24,217.35,78.83,7.28,NA,NA,NA,"Dontayvion","Wicks","GBP","WR",24,-3
"robust","16809","WR",58.5016666666667,8.50271099999999,0.131666666666661,47.6271666666667,67.0825,-64.5233333333333,-68.5528333333333,-65.4596666666666,244,260,246,88,24,211.62,77.33,9.96,219.88,NA,24.12,"Jalen","Coker","CAR","WR",24,-4
"robust","15766","WR",58.37,NA,0.109999999999999,58.37,58.37,-64.655,-57.81,-74.1721666666666,245,208,274,89,24,NA,170.25,9.23,NA,NA,NA,"Skyy","Moore","KCC","WR",25,-2
"robust","15788","WR",58.26,14.366394,2.1925,42.935,88.3045,-64.765,-73.245,-44.2376666666667,248,296,193,90,24,248.45,89.27,8.18,188.4,34.4,59.6,"Jalen","Tolbert","DAL","WR",26,-2
"robust","16193","WR",56.0675,0,0.0449999999999946,44.023,60.7,-66.9575,-72.157,-71.8421666666666,256,283,263,91,24,255.37,91.46,11.17,NA,NA,NA,"Kayshon","Boutte","NEP","WR",23,-3
"robust","16207","WR",56.0225,6.249159,0.852499999999999,49.08,70.622,-67.0025,-67.1,-61.9201666666667,258,254,234,92,24,220.15,80.1,6.67,223.75,NA,34.25,"Andrei","Iosivas","CIN","WR",26,-3
"robust","13632","WR",55.17,14.032809,1.96000000000001,43.325,68.142,-67.855,-72.855,-64.4001666666666,264,288,243,93,25,325.77,119.8,19.47,NA,NA,NA,"Allen","Lazard","NYJ","WR",30,2
"robust","16633","WR",53.21,13.091358,0.65999999999999,39.647,63.317,-69.815,-76.533,-69.2251666666666,272,316,256,94,25,294.3,107.31,12.55,NA,NA,NA,"Jordan","Whittington","LAR","WR",25,-4
"robust","17082","WR",52.55,11.34189,1.46000000000002,44.885,59.735,-70.475,-71.295,-72.8071666666666,278,276,269,95,25,235.93,85.75,11.51,195.12,5.68000000000001,82.88,"Pat","Bryant","DEN","WR",23,-5
"robust","13809","WR",51.09,NA,0.516493288590603,51.09,51.09,-71.935,-65.09,-81.4521666666666,287,247,320,96,25,NA,NA,NA,NA,NA,NA,"Russell","Gage","SFO","WR",29,2
"robust","16626","WR",50.5735067114094,0.299505100671134,0.133506711409389,50.1202013422819,51.4612013422819,-72.4514932885906,-66.0597986577181,-81.0809653243848,293,251,316,97,25,216.17,78.67,9.22,211,NA,82,"Adonai","Mitchell","IND","WR",23,-4
"robust","17087","WR",50.44,14.929782,0.0500000000000043,39.843,60.093,-72.585,-76.337,-72.4491666666666,296,313,268,98,25,256.19,94.05,17.95,193.105,3.105,102.895,"Dont'e","Thornton","LVR","WR",23,-5
"robust","13172","WR",50.39,4.610886,0.0749999999999886,45.375,60.7005,-72.635,-70.805,-71.8416666666666,297,273,262,99,25,289.8,105.23,16.52,264.4,NA,32.6,"Noah","Brown","WAS","WR",29,3
"robust","15786","WR",50.315,4.84810199999999,0.140000000000015,36.413,57.473,-72.71,-79.767,-75.0691666666666,298,335,279,100,25,282.94,101.4,8.23,NA,NA,NA,"Jalen","Nailor","MIN","WR",26,-2
"robust","15789","WR",50.175,16.60512,0.10499999999999,33.265,90.605,-72.85,-82.915,-41.9371666666667,299,349,190,101,25,274.22,98.4,11.04,200.105,33.605,98.895,"Christian","Watson","GBP","WR",26,-2
"robust","15981","WR",50.07,10.185462,0.175000000000011,42.567,59.685,-72.955,-73.613,-72.8571666666666,300,302,270,102,25,283.76,103.17,17.57,NA,NA,NA,"KaVontae","Turpin","DAL","WR",29,-2
"robust","17080","WR",49.895,10.511634,1.96499999999999,42.909,57.849,-73.13,-73.271,-74.6931666666666,302,297,277,103,25,227.61,83.28,10.46,188.045,10.835,113.955,"Jaylin","Noel","HOU","WR",23,-5
"robust","16619","WR",47.93,9.251424,0.988750000000003,34.956,56.376,-75.095,-81.224,-76.1661666666666,313,344,284,104,26,312.13,112.64,12.07,222.17,NA,90.83,"Troy","Franklin","DEN","WR",22,-4
"robust","17073","WR",46.94125,23.024778,0.251250000000006,32.1095,61.247,-76.08375,-84.0705,-71.2951666666666,319,351,259,105,26,242.61,87.84,9.86,199.33,NA,119.67,"Elic","Ayomanor","TEN","WR",22,-5
"robust","14977","WR",46.69,NA,0.679542483660128,46.69,46.69,-76.335,-69.49,-85.8521666666666,320,265,336,106,26,336,156.33,15.13,NA,NA,NA,"K.J.","Osborn","WAS","WR",28,0
"robust","14108","WR",46.0104575163399,12.410718627451,1.66545751633987,32.445,60.8212745098039,-77.0145424836601,-83.735,-71.7208921568627,323,350,261,107,26,320.82,118,14.23,NA,NA,NA,"Greg","Dortch","ARI","WR",27,1
"robust","17098","WR",44.345,26.975907,0.0549999999999926,7.114,75.2625,-78.68,-109.066,-57.2796666666667,326,488,218,108,26,298.72,107.47,9.05,216.56,NA,109.44,"Tory","Horton","SEA","WR",23,-5
"robust","12785","WR",44.29,8.45082,0.637608695652176,35.444,64.165,-78.735,-80.736,-68.3771666666666,327,341,253,109,26,300.68,108.81,10.12,NA,NA,NA,"Demarcus","Robinson","SFO","WR",31,4
"robust","16684","WR",43.6523913043478,2.29738539130434,0.502391304347825,35.322,47.7146086956522,-79.3726086956522,-80.858,-84.8275579710145,331,343,334,110,26,276.83,98.72,7.64,NA,NA,NA,"Malik","Washington","MIA","WR",24,-4
"robust","13639","WR",43.15,NA,0.286666666666669,43.15,43.15,-79.875,-73.03,-89.3921666666666,334,293,353,111,26,NA,NA,NA,NA,NA,NA,"Anthony","Miller","BAL","WR",31,2
"robust","16788","WR",42.8633333333333,16.049145,0.0698777019340184,24.5733333333333,61.123,-80.1616666666667,-91.6066666666667,-71.4191666666666,336,383,260,112,26,249.95,90.03,7.25,249.2,NA,86.8,"Devaughn","Vele","DEN","WR",28,-4
"robust","13157","WR",42.7934556313993,15.248541,1.62845563139931,26.3595733788396,66.143,-80.2315443686007,-89.8204266211604,-66.3991666666667,338,372,247,113,27,340.53,122.37,9.8,NA,NA,NA,"Curtis","Samuel","BUF","WR",29,3
"robust","16632","WR",41.165,5.97487800000001,1.065,34.503,52.683,-81.86,-81.677,-79.8591666666667,343,345,307,114,27,292.49,106.36,9.68,242,NA,101,"Jermaine","Burton","CIN","WR",24,-4
"robust","16629","WR",40.1,19.64445,0.390000000000001,26.825,55.535,-82.925,-89.355,-77.0071666666666,350,369,290,115,27,255.35,91.3,10.41,237.12,NA,112.88,"Roman","Wilson","PIT","WR",24,-4
"robust","16201","WR",39.71,NA,2.4025,39.71,39.71,-83.315,-76.47,-92.8321666666666,352,314,369,116,27,NA,163,13.49,NA,NA,NA,"Xavier","Hutchinson","HOU","WR",25,-3
"robust","13377","WR",37.3075,4.89258,0.217500000000001,33.93,41.337,-85.7175,-82.25,-91.2051666666666,360,346,360,117,27,274.39,98.5,8.94,NA,NA,NA,"Tim","Patrick","DET","WR",32,3
"robust","17097","WR",37.09,5.515272,0.594999999999999,22.328,44.828,-85.935,-93.852,-87.7141666666666,361,402,342,118,27,313.25,112.93,9.01,NA,NA,NA,"Tai","Felton","MIN","WR",22,-5
"robust","15283","WR",36.495,24.522204,0.00499999999999545,18.654,59.064,-86.53,-97.526,-73.4781666666666,363,425,272,119,27,353,154.5,15.41,NA,NA,NA,"Rondale","Moore","MIN","WR",25,-1
"robust","17171","WR",36.49,13.373052,0.587500000000006,27.618,44.898,-86.535,-88.562,-87.6441666666666,364,364,341,120,27,319.53,115.76,13.1,NA,NA,NA,"Chimere","Dike","TEN","WR",24,-5
"robust","14858","WR",35.9025,2.386986,0.102500000000006,23.02,41.749,-87.1225,-93.16,-90.7931666666667,367,398,357,121,27,343.64,124.31,13.34,NA,NA,NA,"Van","Jefferson","TEN","WR",29,0
"robust","17086","WR",35.8,28.76244,1.145,18.04,54.04,-87.225,-98.14,-78.5021666666667,368,432,297,122,28,251.71,91.27,12.04,195.07,NA,172.93,"Jalen","Royals","KCC","WR",22,-5
"robust","16192","WR",34.655,6.063834,1.165,30.571,38.491,-88.37,-85.609,-94.0511666666666,373,357,371,123,28,293.44,105.71,8.42,NA,NA,NA,"Parker","Washington","JAC","WR",23,-3
"robust","14864","WR",33.49,NA,2.3575,33.49,33.49,-89.535,-82.69,-99.0521666666666,374,348,387,124,28,361,146.83,11.02,NA,NA,NA,"Tyler","Johnson","NYJ","WR",27,0
"robust","16751","WR",31.1325,1.764294,0.111648936170205,23.069,50.384,-91.8925,-93.111,-82.1581666666666,382,397,324,125,28,296.5,147.89,13.01,NA,NA,NA,"Bub","Means","NOS","WR",24,-4
"robust","16636","WR",31.0208510638298,17.835678,0.436768785348782,19.803,42.8640638297872,-92.0041489361702,-96.377,-89.6781028368794,384,417,354,126,28,357,138.29,10.52,NA,NA,NA,"Malachi","Corley","NYJ","WR",23,-4
"robust","16299","WR",30.584082278481,0.192738000000004,3.02908227848101,28.3456962025316,31.517,-92.440917721519,-87.8343037974684,-101.025166666667,387,362,394,127,29,351.2,142.29,16.71,NA,NA,NA,"Derius","Davis","LAC","WR",25,-3
"robust","13418","WR",27.555,0.785778000000002,0.367500000000007,11.283,34.107,-95.47,-104.897,-98.4351666666666,389,470,384,128,29,356.44,135,9.63,NA,NA,NA,"Kendrick","Bourne","NEP","WR",30,3
"robust","11228","WR",27.1875,0.593039999999998,0.0975000000000001,26.34,28.815,-95.8375,-89.84,-103.727166666667,391,373,401,129,29,335.9,130.21,23.08,NA,NA,NA,"Robert","Woods","PIT","WR",33,7
"robust","16196","WR",27.09,NA,0.185897435897434,27.09,27.09,-95.935,-89.09,-105.452166666667,392,367,406,130,29,NA,NA,NA,NA,NA,NA,"A.T.","Perry","DEN","WR",26,-3
"robust","17096","WR",26.9041025641026,15.463518,1.24160256410256,17.143,37.2637692307692,-96.1208974358974,-99.037,-95.2783974358974,394,444,378,131,29,304.11,111.85,11.06,NA,NA,NA,"Savion","Williams","GBP","WR",24,-5
"robust","17175","WR",25.6625,22.31313,0.100000000000001,11.63,39.395,-97.3625,-104.55,-93.1471666666666,400,469,370,132,29,356.38,129.89,9.33,NA,NA,NA,"Arian","Smith","NYJ","WR",24,-5
"robust","13066","WR",25.5625,5.48562,0.452500000000001,21.97,29.575,-97.4625,-94.21,-102.967166666667,401,404,396,133,29,355.8,139.7,9.49,NA,NA,NA,"Kalif","Raymond","DET","WR",31,4
"robust","13289","WR",25.11,1.586382,0.7425,21.307,33.457,-97.915,-94.873,-99.0851666666667,403,406,388,134,29,328.44,117.95,8.6,NA,NA,NA,"Mack","Hollins","NEP","WR",32,3
"robust","13156","WR",24.3675,2.81694,0.0925000000000011,19.79,33.533,-98.6575,-96.39,-99.0091666666666,405,418,386,135,29,359,135.21,9.59,NA,NA,NA,"JuJu","Smith-Schuster","KCC","WR",29,3
"robust","16631","WR",24.275,8.117235,0.264999999999997,19.3475,29.2025,-98.75,-96.8325,-103.339666666667,406,421,399,136,29,344,134.33,14.37,NA,NA,NA,"Ja'Lynn","Polk","NEP","WR",23,-4
"robust","17157","WR",24.01,27.991488,1.17,6.212,41.312,-99.015,-109.968,-91.2301666666666,409,494,361,137,30,290.1,107.11,12.6,210.605,9.845,198.395,"Isaac","TeSlaa","DET","WR",23,-5
"robust","16635","WR",22.84,3.7065,0.371250000000003,19.35,28.314,-100.185,-96.83,-104.228166666667,411,420,405,138,30,295.43,106.88,9.24,263,NA,148,"Luke","McCaffrey","WAS","WR",24,-4
"robust","15755","WR",22.46875,0.355824000000003,0.828749999999999,18.5315,24.116,-100.55625,-97.6485,-108.426166666667,412,427,413,139,30,342.91,123.46,10.62,NA,NA,NA,"Jahan","Dotson","PHI","WR",25,-2
"robust","16393","WR",21.64,2.37216,0.582500000000003,17.96,28.904,-101.385,-98.22,-103.638166666667,416,433,400,140,30,330.67,146,11.29,NA,NA,NA,"Jake","Bobo","SEA","WR",27,-3
"robust","13176","WR",21.0575,0.444780000000001,0.377499999999998,18.93,26.157,-101.9675,-97.25,-106.385166666667,418,424,408,141,30,356.43,134.18,11.54,NA,NA,NA,"Zay","Jones","ARI","WR",30,3
"robust","15984","WR",20.68,NA,0.307499999999997,20.68,20.68,-102.345,-95.5,-111.862166666667,420,411,423,142,30,NA,NA,NA,NA,NA,NA,"Irvin","Charles","NYJ","WR",28,-2
"robust","15288","WR",20.3725,3.209829,0.272500000000004,17.6165,24.4205,-102.6525,-98.5635,-108.121666666667,422,436,412,143,30,264.66,94.45,10.3,NA,NA,NA,"Elijah","Moore","BUF","WR",25,-1
"robust","16204","WR",20.1,0,0.699999999999996,20.1,20.1,-102.925,-96.08,-112.442166666667,424,414,424,144,30,306.53,111.31,14.92,138.855,70.255,285.145,"Tank","Dell","HOU","WR",26,-3
"robust","17077","WR",19.4,0,0.485000000000003,19.4,19.4,-103.625,-96.78,-113.142166666667,428,419,427,145,30,279.23,102.22,18.85,229.2,NA,198.8,"Xavier","Restrepo","TEN","WR",23,-5
"robust","13668","WR",18.915,0.867320999999999,0.189999999999998,18.3885,19.4415,-104.11,-97.7915,-113.100666666667,429,430,426,146,30,NA,147,19.03,NA,NA,NA,"D.J.","Chark","ATL","WR",29,2
"robust","17184","WR",18.725,0.407714999999998,0.125,18.4775,18.9725,-104.3,-97.7025,-113.569666666667,430,429,428,147,30,323.93,117.56,12.72,NA,NA,NA,"Jaylin","Lane","WAS","WR",23,-5
"robust","13963","WR",18.6,5.33736,1.07,15.06,22.62,-104.425,-101.12,-109.922166666667,431,457,418,148,30,352.5,132.55,13.79,NA,NA,NA,"KhaDarel","Hodge","ATL","WR",30,2
"robust","14118","WR",18.6,0,0,18.6,18.6,-104.425,-97.58,-113.942166666667,431,426,431,148,30,NA,NA,NA,NA,NA,NA,"Lil'Jordan","Humphrey","NYG","WR",27,1
"robust","14992","WR",17.53,NA,0.145000000000003,17.53,17.53,-105.495,-98.65,-115.012166666667,434,437,436,149,30,NA,NA,NA,NA,NA,NA,"Quez","Watkins","ARI","WR",27,0
"robust","17079","WR",17.385,7.286979,0.0249999999999986,12.9615,21.8085,-105.64,-103.2185,-110.733666666667,435,465,420,150,30,300.97,111.95,18.75,NA,NA,NA,"Tez","Johnson","TBB","WR",23,-5
"robust","15780","WR",17.36,NA,0.0699999999999967,17.36,17.36,-105.665,-98.82,-115.182166666667,436,438,437,151,30,NA,NA,NA,NA,NA,NA,"Erik","Ezukanma","MIA","WR",25,-2
"robust","16758","WR",17.29,NA,0.130000000000003,17.29,17.29,-105.735,-98.89,-115.252166666667,437,441,438,152,31,NA,193.5,0.5,NA,NA,NA,"Jha'Quan","Jackson","TEN","WR",25,-4
"robust","16183","WR",17.16,4.507104,0.469999999999999,5.74,23.236,-105.865,-110.44,-109.306166666667,438,499,415,153,31,359.8,131.38,9.24,NA,NA,NA,"Jalin","Hyatt","NYG","WR",24,-3
"robust","12658","WR",16.69,0.874734,0.699999999999999,16.159,17.221,-106.335,-100.021,-115.321166666667,441,449,439,154,31,NA,154.2,5.64,NA,NA,NA,"Sterling","Shepard","TBB","WR",32,4
"robust","15303","WR",15.99,NA,1.005,15.99,15.99,-107.035,-100.19,-116.552166666667,443,451,447,155,31,NA,177,3,NA,NA,NA,"Simi","Fehoko","ARI","WR",28,-1
"robust","14592","WR",14.985,2.713158,0.275000000000002,7.657,18.817,-108.04,-108.523,-113.725166666667,447,485,430,156,31,370.43,136.86,8.25,NA,NA,NA,"Olamide","Zaccheaus","CHI","WR",28,1
"robust","14112","WR",14.71,NA,0.129999999999997,14.71,14.71,-108.315,-101.47,-117.832166666667,448,461,448,157,31,NA,NA,NA,NA,NA,NA,"Parris","Campbell","DAL","WR",28,1
"robust","12394","WR",14.58,NA,0.160000000000002,14.58,14.58,-108.445,-101.6,-117.962166666667,449,462,449,158,31,NA,177,17.11,NA,NA,NA,"DeAndre","Carter","CLE","WR",32,5
"robust","15285","WR",14.42,NA,0.0749999999999993,14.42,14.42,-108.605,-101.76,-118.122166666667,451,463,451,159,31,NA,166,16.99,NA,NA,NA,"Tylan","Wallace","BAL","WR",26,-1
"robust","15759","WR",14.345,3.195003,1.29,12.4055,16.2845,-108.68,-103.7745,-116.257666666667,452,467,445,160,31,320.24,117.68,16.33,NA,NA,NA,"John","Metchie","HOU","WR",25,-2
"robust","17205","WR",13.055,12.068364,0.275,4.936,20.686,-109.97,-111.244,-111.856166666667,461,504,422,161,31,331.56,128.14,21.01,232.5,NA,228.5,"KeAndre","Lambert-Smith","LAC","WR",24,-5
"robust","16686","WR",12.78,NA,0.0299999999999994,12.78,12.78,-110.245,-103.4,-119.762166666667,463,466,456,162,31,NA,165.5,8.06,NA,NA,NA,"Ainias","Smith","PHI","WR",24,-4
"robust","16637","WR",12.75,6.30105,0.43,8.925,16.575,-110.275,-107.255,-115.967166666667,464,483,444,163,31,330,142.25,22.8,NA,NA,NA,"Javon","Baker","NEP","WR",23,-4
"robust","16005","WR",12.32,NA,0.0850000000000009,12.32,12.32,-110.705,-103.86,-120.222166666667,469,468,460,164,31,NA,179.5,2.5,NA,NA,NA,"Tim","Jones","MIN","WR",27,-1
"robust","13776","WR",12.235,6.790308,0.824999999999999,7.372,16.642,-110.79,-108.808,-115.900166666667,470,487,442,165,31,NA,156.25,14.96,NA,NA,NA,"Justin","Watson","HOU","WR",29,2
"robust","13646","WR",11.41,11.282586,0.419999999999998,4.561,18.259,-111.615,-111.619,-114.283166666667,476,508,434,166,32,291.5,146.83,13.61,NA,NA,NA,"Michael","Gallup","WAS","WR",29,2
"robust","15589","WR",10.99,NA,1.77635683940025e-15,10.99,10.99,-112.035,-105.19,-121.552166666667,478,471,463,167,32,NA,NA,NA,NA,NA,NA,"Cody","White","SEA","WR",27,0
"robust","15941","WR",10.99,NA,0,10.99,10.99,-112.035,-105.19,-121.552166666667,478,471,463,167,32,NA,NA,NA,NA,NA,NA,"Dareke","Young","SEA","WR",26,-2
"robust","15785","WR",10.99,NA,0.279999999999999,10.99,10.99,-112.035,-105.19,-121.552166666667,479,472,464,168,32,NA,176.75,6.38,NA,NA,NA,"Bo","Melton","GBP","WR",26,-2
"robust","13652","WR",10.71,NA,0.17,10.71,10.71,-112.315,-105.47,-121.832166666667,480,473,467,169,32,380.5,162,16.22,NA,NA,NA,"Cedrick","Wilson","NOS","WR",30,2
"robust","16621","WR",10.54,NA,0.33,10.54,10.54,-112.485,-105.64,-122.002166666667,481,474,471,170,32,366.6,137.44,10.56,NA,NA,NA,"Devontez","Walker","BAL","WR",24,-4
"robust","15491","WR",10.21,NA,0.950000000000001,10.21,10.21,-112.815,-105.97,-122.332166666667,482,475,474,171,32,NA,161,1,NA,NA,NA,"Ben","Skowronek","PIT","WR",28,-1
"robust","16066","WR",9.26,NA,0.0499999999999989,9.26,9.26,-113.765,-106.92,-123.282166666667,483,476,479,172,32,NA,NA,NA,NA,NA,NA,"Maurice","Alexander","CHI","WR",28,-1
"robust","15841","WR",9.21,NA,0.0800000000000018,9.21,9.21,-113.815,-106.97,-123.332166666667,484,477,481,173,32,NA,NA,NA,NA,NA,NA,"Samori","Toure","CHI","WR",27,-2
"robust","16634","WR",9.13,NA,0.0499999999999989,9.13,9.13,-113.895,-107.05,-123.412166666667,485,478,483,174,32,NA,NA,NA,NA,NA,NA,"Xavier","Weaver","ARI","WR",25,-4
"robust","16625","WR",9.08,NA,0.00999999999999979,9.08,9.08,-113.945,-107.1,-123.462166666667,486,479,484,175,32,NA,150.57,8.52,NA,NA,NA,"Johnny","Wilson","PHI","WR",24,-4
"robust","13348","WR",9.07,NA,0.0199999999999996,9.07,9.07,-113.955,-107.11,-123.472166666667,487,480,485,176,32,NA,148.25,16.39,NA,NA,NA,"David","Moore","CAR","WR",30,3
"robust","14123","WR",9.05,NA,0.0299999999999994,9.05,9.05,-113.975,-107.13,-123.492166666667,488,481,487,177,32,257.8,129.78,30.45,NA,NA,NA,"Hunter","Renfrow","CAR","WR",30,1
"robust","14315","WR",9.02,NA,0.58,9.02,9.02,-114.005,-107.16,-123.522166666667,489,482,488,178,32,NA,171.5,12.3,NA,NA,NA,"Ashton","Dulin","IND","WR",28,1
"robust","16413","WR",8.44,NA,0.135000000000002,8.44,8.44,-114.585,-107.74,-124.102166666667,490,484,492,179,32,NA,190.5,1.5,NA,NA,NA,"Malik","Heath","GBP","WR",25,-3
"robust","13308","WR",8.305,6.827373,0.319999999999999,4.1605,12.4495,-114.72,-112.0195,-120.092666666667,491,510,459,180,32,NA,NA,NA,NA,NA,NA,"Jamal","Agnew","ATL","WR",30,3
"robust","17238","WR",7.985,1.756881,0.49,6.9185,9.0515,-115.04,-109.2615,-123.490666666667,492,490,486,181,32,NA,NA,NA,NA,NA,NA,"Tommy","Mellott","LVR","WR",NA,-5
"robust","16197","WR",7.495,1.341753,0.0450000000000008,6.6805,8.3095,-115.53,-109.4995,-124.232666666667,493,492,493,182,32,371.33,140.69,7.32,NA,NA,NA,"Jonathan","Mingo","DAL","WR",24,-3
"robust","16203","WR",7.45,NA,0.0249999999999995,7.45,7.45,-115.575,-108.73,-125.092166666667,494,486,498,183,32,NA,174.67,23.21,NA,NA,NA,"Charlie","Jones","CIN","WR",27,-3
"robust","13634","WR",7.425,1.445535,0.495000000000001,6.5475,8.3025,-115.6,-109.6325,-124.239666666667,495,493,494,184,32,NA,NA,NA,NA,NA,NA,"Dante","Pettis","NOS","WR",30,2
"robust","14113","WR",6.93,NA,0.0499999999999998,6.93,6.93,-116.095,-109.25,-125.612166666667,496,489,500,185,32,NA,155.6,14.47,NA,NA,NA,"Mecole","Hardman","GBP","WR",27,1
"robust","15302","WR",6.88,NA,0.565,6.88,6.88,-116.145,-109.3,-125.662166666667,497,491,501,186,32,NA,181,14,NA,NA,NA,"Dee","Eskridge","MIA","WR",28,-1
"robust","15752","WR",6.315,1.356579,0.275,5.4915,7.1385,-116.71,-110.6885,-125.403666666667,498,500,499,187,32,348.5,147.8,6.31,NA,NA,NA,"Treylon","Burks","TEN","WR",25,-2
"robust","16015","WR",6.04,NA,0.0699999999999994,6.04,6.04,-116.985,-110.14,-126.502166666667,499,495,502,188,32,NA,NA,NA,NA,NA,NA,"Kendric","Pryor","CIN","WR",27,-2
"robust","16364","WR",5.97,NA,0.100000000000001,5.97,5.97,-117.055,-110.21,-126.572166666667,500,496,503,189,32,NA,170.5,11.54,NA,NA,NA,"Jalen","Brooks","DAL","WR",25,-3
"robust","17192","WR",5.87,NA,0.0099999999999989,5.87,5.87,-117.155,-110.31,-126.672166666667,501,497,504,190,32,354.67,148,15.94,NA,NA,NA,"Jordan","Watkins","SFO","WR",23,-5
"robust","14859","WR",5.86,NA,0.44,5.86,5.86,-117.165,-110.32,-126.682166666667,502,498,505,191,32,NA,NA,NA,NA,NA,NA,"Trishton","Jackson","ARI","WR",27,0
"robust","15792","WR",5.42,NA,0.0899999999999999,5.42,5.42,-117.605,-110.76,-127.122166666667,503,501,506,192,32,NA,176.25,12.97,NA,NA,NA,"Michael","Woods","CLE","WR",25,-2
"robust","16499","WR",5.33,NA,0.31,5.33,5.33,-117.695,-110.85,-127.212166666667,504,502,507,193,33,NA,NA,NA,NA,NA,NA,"Chris","Blair","ATL","WR",28,-1
"robust","13488","WR",5.02,NA,0.21,5.02,5.02,-118.005,-111.16,-127.522166666667,505,503,510,194,33,NA,NA,NA,NA,NA,NA,"Zach","Pascal","NYG","WR",31,3
"robust","14125","WR",4.81,NA,0.140000000000001,4.81,4.81,-118.215,-111.37,-127.732166666667,506,505,511,195,33,NA,NA,NA,NA,NA,NA,NA,NA,NA,NA,NA,NA
"robust","15772","WR",4.67,NA,0.0199999999999996,4.67,4.67,-118.355,-111.51,-127.872166666667,507,506,512,196,33,NA,NA,NA,NA,NA,NA,"Britain","Covey","LAR","WR",28,-2
"robust","16624","WR",4.65,NA,0.0449999999999999,4.65,4.65,-118.375,-111.53,-127.892166666667,508,507,513,197,33,NA,156.4,28.58,NA,NA,NA,"Jamari","Thrash","CLE","WR",25,-4
"robust","16120","WR",4.605,0.896973000000001,0.0750000000000002,4.0605,5.1495,-118.42,-112.1195,-127.392666666667,509,512,508,198,33,NA,153.5,1.5,NA,NA,NA,"Austin","Trammell","JAC","WR",27,-1
"robust","16949","WR",4.53,NA,0.0350000000000001,4.53,4.53,-118.495,-111.65,-128.012166666667,510,509,514,199,33,NA,NA,NA,NA,NA,NA,"Brycen","Tremayne","CAR","WR",26,-3
"robust","14280","WR",4.495,0.882147,0.355,3.9595,5.0305,-118.53,-112.2205,-127.511666666667,511,513,509,200,33,NA,144.5,8.5,NA,NA,NA,"Scotty","Miller","PIT","WR",28,1
"robust","13893","WR",4.14,NA,0.25,4.14,4.14,-118.885,-112.04,-128.402166666667,513,511,515,201,33,NA,178.5,4.5,NA,NA,NA,"Trent","Sherfield","DEN","WR",29,2
"robust","14847","WR",3.89,NA,0.0100000000000007,3.89,3.89,-119.135,-112.29,-128.652166666667,514,514,516,202,33,NA,184.5,6.5,NA,NA,NA,"Devin","Duvernay","CHI","WR",28,0
"robust","15758","WR",3.88,NA,0.149999999999999,3.88,3.88,-119.145,-112.3,-128.662166666667,515,515,517,203,33,331,164.4,20.14,NA,NA,NA,"David","Bell","CLE","WR",25,-2
"robust","16205","WR",3.73,NA,0.23,3.73,3.73,-119.295,-112.45,-128.812166666667,516,516,518,204,33,NA,199,5.35,NA,NA,NA,"Tyler","Scott","CHI","WR",24,-3
"robust","17100","WR",3.5,NA,0.12,3.5,3.5,-119.525,-112.68,-129.042166666667,517,517,519,205,33,NA,161.2,13.09,NA,NA,NA,"Nick","Nash","ATL","WR",25,-5
"robust","17234","WR",3.38,NA,0.0800000000000001,3.38,3.38,-119.645,-112.8,-129.162166666667,518,518,520,206,33,NA,160.4,19.6,NA,NA,NA,"Jimmy","Horn","CAR","WR",23,-5
"robust","16630","WR",3.3,NA,0.0100000000000002,3.3,3.3,-119.725,-112.88,-129.242166666667,519,519,521,207,33,NA,NA,NA,NA,NA,NA,"Isaiah","Williams","CIN","WR",24,-4
"robust","16732","WR",3.29,NA,0.29,3.29,3.29,-119.735,-112.89,-129.252166666667,520,520,522,208,33,NA,184.33,13.77,NA,NA,NA,"Anthony","Gould","IND","WR",24,-4
"robust","16198","WR",3,NA,0.23,3,3,-120.025,-113.18,-129.542166666667,521,521,523,209,33,NA,178,14.92,NA,NA,NA,"Rakim","Jarrett","TBB","WR",24,-3
"robust","16199","WR",2.77,NA,0.0900000000000003,2.77,2.77,-120.255,-113.41,-129.772166666667,522,522,524,210,33,NA,174.2,10.8,NA,NA,NA,"Trey","Palmer","TBB","WR",24,-3
"robust","16416","WR",2.68,NA,0.00999999999999979,2.68,2.68,-120.345,-113.5,-129.862166666667,523,523,525,211,33,NA,165.2,9.33,NA,NA,NA,"Xavier","Gipson","NYJ","WR",24,-3
"robust","16778","WR",2.67,NA,0.12,2.67,2.67,-120.355,-113.51,-129.872166666667,524,524,526,212,33,NA,198,1,NA,NA,NA,"Ryan","Flournoy","DAL","WR",26,-4
"robust","14838","WR",2.55,NA,0.14,2.55,2.55,-120.475,-113.63,-129.992166666667,525,525,527,213,33,NA,NA,NA,NA,NA,NA,"Laviska","Shenault","BUF","WR",27,0
"robust","16640","WR",2.41,NA,0.00999999999999979,2.41,2.41,-120.615,-113.77,-130.132166666667,526,526,528,214,33,352.08,129.35,11.84,NA,NA,NA,"Jacob","Cowing","SFO","WR",24,-4
"robust","14613","WR",2.4,NA,0.85,2.4,2.4,-120.625,-113.78,-130.142166666667,527,527,529,215,33,NA,NA,NA,NA,NA,NA,"Steven","Sims","SEA","WR",28,1
"robust","13638","WR",1.55,NA,0.35,1.55,1.55,-121.475,-114.63,-130.992166666667,528,528,530,216,33,NA,191,3.27,NA,NA,NA,"Braxton","Berrios","HOU","WR",30,2
"robust","17232","WR",1.2,NA,0.1,1.2,1.2,-121.825,-114.98,-131.342166666667,529,529,531,217,33,NA,181.5,6.5,NA,NA,NA,"LaJohntay","Wester","BAL","WR",23,-5
"robust","16428","WR",1.1,NA,0.4,1.1,1.1,-121.925,-115.08,-131.442166666667,530,530,532,218,33,NA,154.5,13.5,NA,NA,NA,"Xavier","Smith","LAR","WR",28,-3
"robust","12773","WR",0.7,NA,0.225,0.7,0.7,-122.325,-115.48,-131.842166666667,531,531,533,219,33,NA,NA,NA,NA,NA,NA,"Chris","Moore","WAS","WR",32,4
"robust","15434","WR",0.475,0.259455,0,0.3175,0.6325,-122.55,-115.8625,-131.909666666667,532,532,534,220,33,NA,169,6,NA,NA,NA,"Ihmir","Smith-Marsette","NYG","WR",26,-1
"robust","16641","TE",147.6775,6.51602700000004,1.13499999999996,139.0615,154.505,62.615,57.0815,57.11,27,28,34,1,1,21.58,1.58,0.81,40.7433333333333,31.8627884669388,-13.7433333333333,"Brock","Bowers","LVR","TE",23,-4
"robust","13299","TE",146.5425,8.295147,7.62,137.29,170.0635,61.48,55.31,72.6685,29,29,24,2,2,21.13,1.72,0.56,44.0666666666667,5.36210054197254,-15.0666666666667,"George","Kittle","SFO","TE",32,3
"robust","15794","TE",138.9225,5.55975,23.805,133.9665,143.42,53.86,51.9865,46.025,34,31,44,3,3,31.98,2.75,0.51,38.5933333333333,10.393898316908,-4.59333333333333,"Trey","McBride","ARI","TE",26,-2
"robust","16214","TE",115.1175,3.550827,0.38000000000001,111.395,123.3935,30.055,29.415,25.9985,56,52,60,4,3,59.64,4.3,0.63,53.1466666666667,12.0778939481278,2.85333333333333,"Sam","LaPorta","DET","TE",24,-3
"robust","13671","TE",114.7375,7.74658499999999,10.7975,106.82,126.5425,29.675,24.84,29.1475,57,55,57,5,4,68.7,5.7,1.97,71.2583333333333,16.2100096819493,-14.2583333333333,"Mark","Andrews","BAL","TE",30,2
"robust","11244","TE",103.94,8.050518,1.99,95.83,113.744,18.8775,13.85,16.349,66,71,71,6,5,88.59,8.15,2.47,66.8133333333333,21.0199918067433,-0.813333333333333,"Travis","Kelce","KCC","TE",36,7
"robust","14138","TE",101.95,1.03782,2.355,100.78,104.516,16.8875,18.8,7.121,72,64,80,7,5,77.31,6.34,1.57,78.234,16.0244558097927,-6.23400000000001,"T.J.","Hockenson","MIN","TE",28,1
"robust","13192","TE",99.595,3.03933,8.50999999999999,90.955,102.922,14.5325,8.97500000000001,5.52699999999999,75,77,86,8,6,93.91,9.09,2.51,101.584,7.04566987588831,-26.584,"David","Njoku","CLE","TE",29,3
"robust","13674","TE",91.085,4.74432,0.385000000000019,85.971,104.905,6.02250000000001,3.99100000000003,7.50999999999999,81,83,79,9,6,118.75,13.4,2.47,129.652,18.6022422304409,-48.652,"Dallas","Goedert","PHI","TE",30,2
"robust","16222","TE",90.7,6.15279000000002,3.40499999999997,81.98,97.395,5.63749999999999,0,0,83,94,94,10,6,94.2,9.36,1.47,115.22,10.0283458257083,-32.22,"Tucker","Kraft","GBP","TE",25,-3
"robust","17102","TE",87.295,3.87699899999999,1.4325,83.905,91.427,2.23250000000002,1.92500000000003,-5.968,89,87,105,11,7,111.7,12.28,3.67,115.44,15.8907381829794,-26.44,"Tyler","Warren","IND","TE",23,-5
"robust","15329","TE",85.8625,2.364747,0.800000000000011,83.466,89.795,0.800000000000011,1.48600000000002,-7.60000000000002,90,89,111,12,7,131.44,14.64,3.03,120.366,29.3771847527975,-30.366,"Kyle","Pitts","ATL","TE",25,-1
"robust","13189","TE",85.0625,3.78063000000001,1.8775,82.2675,87.98,0,0.287500000000009,-9.41500000000002,94,93,117,13,7,99.28,10.25,3.19,111.378,23.7427533365446,-17.378,"Evan","Engram","DEN","TE",31,3
"robust","17104","TE",83.185,7.87260600000001,0.447500000000005,72.797,92.13,-1.8775,-9.18299999999999,-5.265,99,111,102,14,7,134.17,15.47,3.27,110.4325,10.7067183931399,-11.4325,"Colston","Loveland","CHI","TE",21,-5
"robust","12263","TE",82.7375,15.19665,0.107500000000002,66.0375,103.1225,-2.325,-15.9425,5.72749999999999,100,125,85,15,7,243,29.8,6.14,168.2525,35.7143783195228,-68.2525,"Darren","Waller","MIA","TE",33,5
"robust","16213","TE",82.63,2.105292,0.242499999999993,80.3,89.181,-2.4325,-1.67999999999999,-8.21400000000001,101,98,114,16,7,117.13,12.87,2.52,136.926,9.82926975924458,-35.926,"Dalton","Kincaid","BUF","TE",26,-3
"robust","11247","TE",82.3875,7.524195,0.0299999999999869,73.965,103.13,-2.675,-8.01499999999999,5.73499999999999,102,107,84,17,7,169.84,19.7,3.15,143.963333333333,21.1699548627032,-41.9633333333333,"Zach","Ertz","WAS","TE",35,7
"robust","15799","TE",82.3575,0.667170000000004,0.792500000000018,80.755,83.0595,-2.70499999999998,-1.22499999999998,-14.3355,103,97,129,18,8,137.33,15.85,2.94,135.488,8.18951378288113,-32.488,"Jake","Ferguson","DAL","TE",26,-2
"robust","12676","TE",81.565,3.810282,2.20999999999999,77.956,86.315,-3.4975,-4.02399999999999,-11.08,108,105,122,19,8,155.13,18.04,3.06,151.402,9.41616142597396,-43.402,"Hunter","Henry","NEP","TE",31,4
"robust","15802","TE",79.355,3.788043,3.5275,64.371,83.1925,-5.7075,-17.609,-14.2025,114,129,127,20,9,208.7,24.17,3.47,162.006,16.0101825098904,-48.006,"Cade","Otton","TBB","TE",26,-2
"robust","13672","TE",75.8275,1.18608,0.55749999999999,74.5365,79.655,-9.235,-7.44349999999999,-17.74,117,106,136,21,9,208.65,24.54,5.25,169.733333333333,30.7984895012005,-52.7333333333333,"Mike","Gesicki","CIN","TE",30,2
"robust","15798","TE",75.27,8.12464800000002,0.635000000000019,66.23,86.449,-9.79249999999999,-15.75,-10.946,119,124,121,22,9,164.56,19.13,4.51,143.246,19.1381719085183,-24.246,"Isaiah","Likely","BAL","TE",25,-2
"robust","13193","TE",74.635,9.25142399999999,1.875,64.125,101.162,-10.4275,-17.855,3.76699999999998,121,131,89,23,9,142.59,16.23,4.78,125.594,28.1818832585759,-4.59400000000001,"Jonnu","Smith","PIT","TE",30,3
"robust","16269","TE",72.76,6.42707100000001,4.38999999999999,64.357,79.9575,-12.3025,-17.623,-17.4375,125,130,134,24,10,187.86,22.25,5.25,178.463333333333,4.94570745416894,-53.4633333333333,"Brenton","Strange","JAC","TE",25,-3
"robust","13772","TE",68.37,5.45596800000001,0.784999999999997,62.39,78.699,-16.6925,-19.59,-18.696,133,138,140,25,10,235.03,27.77,3.71,206.305,6.905,-73.305,"Dalton","Schultz","HOU","TE",29,2
"robust","14861","TE",67.585,4.803624,0.120000000000005,62.475,75.992,-17.4775,-19.505,-21.403,135,137,147,26,10,247.53,29.65,3.98,227.82,NA,-92.82,"Juwan","Johnson","NOS","TE",29,0
"robust","15331","TE",67.465,14.01057,0.164999999999992,52.499,82.97,-17.5975,-29.481,-14.425,136,151,130,27,10,203.14,23.87,3.8,155.818,23.1850049816686,-19.818,"Pat","Freiermuth","PIT","TE",27,-1
"robust","16649","TE",67.3,4.29954,1.9375,63.5525,72.0625,-17.7625,-18.4275,-25.3325,137,133,153,28,11,260.39,32.41,4.95,205,NA,-68,"Theo","Johnson","NYG","TE",24,-4
"robust","15889","TE",65.3625,2.37216,0.9375,62.6575,76.96,-19.7,-19.3225,-20.435,141,136,144,29,11,222.6,25.9,3.65,189.86,7.80999999999999,-48.86,"Chigoziem","Okonkwo","TEN","TE",26,-2
"robust","12678","TE",64.425,15.085455,1.52500000000001,44.085,80.6925,-20.6375,-37.895,-16.7025,142,165,132,30,11,292.53,38.7,4.87,224.44,NA,-82.44,"Tyler","Higbee","LAR","TE",32,4
"robust","17215","TE",62.9,0,0.867500000000007,62.9,62.9,-22.1625,-19.08,-34.495,145,135,175,31,11,NA,81,10.26,NA,NA,NA,"Robbie","Ouzts","SEA","TE",23,-5
"robust","17106","TE",62.0325,7.79847599999999,2.11,53.7555,71.51,-23.03,-28.2245,-25.885,147,147,155,32,12,225.34,26.37,4.2,162.9,17.63,-15.9,"Mason","Taylor","NYJ","TE",21,-5
"robust","17108","TE",59.9225,13.765941,4.73499999999999,31.7645,75.47,-25.14,-50.2155,-21.925,151,195,148,33,12,234.17,27.78,5.04,172.04,11.5,-21.04,"Elijah","Arroyo","SEA","TE",22,-5
"robust","16643","TE",55.1875,4.136454,5.6375,50.8295,63.715,-29.875,-31.1505,-33.68,160,156,172,34,13,255.17,30.44,3.02,187,NA,-27,"Ja'Tavion","Sanders","CAR","TE",22,-4
"robust","13675","TE",49.55,11.1195,2.76500000000001,37.36,65.2725,-35.5125,-44.62,-32.1225,174,176,170,35,14,303.19,40,4.25,NA,NA,NA,"Tyler","Conklin","LAC","TE",30,2
"robust","13763","TE",46.785,14.485002,0.0774999999999864,33.67,61.741,-38.2775,-48.31,-35.654,176,190,179,36,14,303.74,40.5,4.41,NA,NA,NA,"Will","Dissly","LAC","TE",29,2
"robust","15337","TE",46.7075,3.995607,0.754011041553284,39.6415,51.05,-38.355,-42.3385,-46.345,177,171,198,37,14,273.1,34.19,3.77,217.7,NA,-40.7,"Noah","Gray","KCC","TE",26,-1
"robust","14137","TE",45.9534889584467,8.72360748652875,0.818488958446721,36.5445,62.2806977916893,-39.1090110415533,-45.4355,-35.1143022083107,178,180,177,38,14,288.22,37.76,5.76,NA,NA,NA,"Noah","Fant","CIN","TE",28,1
"robust","14239","TE",45.135,4.01784599999999,1.715,36.711,63.135,-39.9275,-45.269,-34.26,180,179,174,39,15,347.46,47.6,4.41,NA,NA,NA,"Foster","Moreau","NOS","TE",28,1
"robust","16723","TE",43.42,1.060059,1.1175,42.185,44.368,-41.6425,-39.795,-53.027,182,168,208,40,15,316.81,43.35,6.54,NA,NA,NA,"AJ","Barner","SEA","TE",23,-4
"robust","13424","TE",42.3025,8.27290800000001,2.545,33.708,56.613,-42.76,-48.272,-40.782,186,189,189,41,15,261.3,33.64,7.05,149.9,57.1,36.1,"Taysom","Hill","NOS","TE",35,3
"robust","14867","TE",39.7575,16.553229,2.2025,23.31,58.0145,-45.305,-58.67,-39.3805,192,210,186,42,16,254.42,31.43,5.65,198.64,NA,-6.63999999999999,"Cole","Kmet","CHI","TE",26,0
"robust","16212","TE",37.555,6.175029,0.664999999999999,32.028,42.9,-47.5075,-49.952,-54.495,198,194,211,43,16,334.5,45.35,2.9,257.4,NA,-59.4,"Michael","Mayer","LVR","TE",24,-3
"robust","15626","TE",36.89,15.137346,3.1775,27.701,46.079,-48.1725,-54.279,-51.316,200,200,205,44,16,373,70.8,6.43,NA,NA,NA,"Brock","Wright","DET","TE",27,-1
"robust","12677","TE",33.7125,4.336605,0.900000000000006,22.9525,38.58,-51.35,-59.0275,-58.815,204,212,220,45,17,340.94,46.67,5.32,NA,NA,NA,"Austin","Hooper","NEP","TE",31,4
"robust","17107","TE",32.8125,0.963689999999998,1.03749999999999,30.545,33.7925,-52.25,-51.435,-63.6025,207,197,241,46,17,270.63,33.82,4.8,160.53,NA,46.47,"Terrance","Ferguson","LAR","TE",22,-5
"robust","15916","TE",31.775,17.235225,0.0975000000000037,21.3125,42.2375,-53.2875,-60.6675,-55.1575,210,215,212,47,17,NA,75.2,9.7,NA,NA,NA,"Andrew","Ogletree","IND","TE",27,-2
"robust","14143","TE",31.6775,3.85476,1.9875,24.38,35.6265,-53.385,-57.6,-61.7685,211,207,232,48,17,320.1,42.65,4.04,NA,NA,NA,"Dawson","Knox","BUF","TE",29,1
"robust","15330","TE",29.69,13.803006,0.684999999999999,21.311,38.069,-55.3725,-60.669,-59.326,212,216,222,49,17,374,65.71,8.05,NA,NA,NA,"Brevin","Jordan","HOU","TE",25,-1
"robust","17099","TE",29.005,2.683506,0.405000000000001,25.581,35.301,-56.0575,-56.399,-62.094,214,203,235,50,17,280.44,36.94,11.24,230.57,NA,-16.57,"Oronde","Gadsden","LAC","TE",22,-5
"robust","16644","TE",28.6,6.07866,0.147500000000001,18.4475,34.79,-56.4625,-63.5325,-62.605,215,233,237,51,17,300.83,38.81,4.91,199.14,NA,15.86,"Ben","Sinnott","WAS","TE",23,-4
"robust","15332","TE",28.4525,8.146887,0.119999999999997,19.2965,37.045,-56.61,-62.6835,-60.35,216,230,227,52,17,358.38,50.38,4.58,NA,NA,NA,"Tommy","Tremble","CAR","TE",25,-1
"robust","17103","TE",28.3325,4.751733,1.6525,23.355,42.1665,-56.73,-58.625,-55.2285,217,209,213,53,18,283.34,36.53,4.37,177.18,NA,39.82,"Harold","Fannin","CLE","TE",21,-5
"robust","15800","TE",26.68,15.893472,0.129999999999999,17.032,36.328,-58.3825,-64.948,-61.067,222,244,230,54,18,NA,88.67,16.05,NA,NA,NA,"Connor","Heyward","PIT","TE",26,-2
"robust","15840","TE",26.55,13.12101,0.265000000000004,18.585,34.515,-58.5125,-63.395,-62.88,223,231,239,55,18,NA,72,9.67,NA,NA,NA,"Jelani","Woods","IND","TE",27,-2
"robust","16215","TE",26.285,4.996362,0.217499999999998,20.96,32.191,-58.7775,-61.02,-65.204,224,219,245,56,18,335.88,45.96,4.42,NA,NA,NA,"Luke","Musgrave","GBP","TE",25,-3
"robust","14209","TE",26.0675,4.89258,0.867500000000003,22.1505,30.03,-58.995,-59.8295,-67.365,225,214,249,57,18,367.44,53.7,3.07,NA,NA,NA,"Josh","Oliver","MIN","TE",28,1
"robust","13246","TE",25.2,NA,0.329999999999998,25.2,25.2,-59.8625,-56.78,-72.195,229,205,266,58,18,NA,81,14.07,NA,NA,NA,"Mo","Alie-Cox","IND","TE",32,3
"robust","15796","TE",24.87,0.637518,0.690000000000001,24.483,25.257,-60.1925,-57.497,-72.138,231,206,265,59,18,373.86,58.83,4.06,NA,NA,NA,"Jeremy","Ruckert","NYJ","TE",25,-2
"robust","16312","TE",24.18,2.905896,0.839999999999996,20.596,30.676,-60.8825,-61.384,-66.719,232,222,248,60,18,357.67,62,8.16,NA,NA,NA,"Josh","Whyle","TEN","TE",26,-3
"robust","16474","TE",23.34,10.022376,1.175,17.256,29.424,-61.7225,-64.724,-67.971,233,241,251,61,19,NA,84.75,8.93,NA,NA,NA,"Nate","Adkins","DEN","TE",26,-3
"robust","14870","TE",22.165,6.642048,0.519999999999996,18.048,26.418,-62.8975,-63.932,-70.977,235,237,258,62,19,386,62.13,3.48,NA,NA,NA,"Adam","Trautman","DEN","TE",28,0
"robust","16216","TE",21.645,5.070492,0.395000000000003,17.122,28.48,-63.4175,-64.858,-68.915,237,242,254,63,19,348.2,60.8,10.26,NA,NA,NA,"Darnell","Washington","PIT","TE",24,-3
"robust","16218","TE",21.25,4.81845,0.125,18.325,24.175,-63.8125,-63.655,-73.22,240,234,271,64,19,NA,69.44,8.42,NA,NA,NA,"Payne","Durham","TBB","TE",25,-3
"robust","16221","TE",21.125,1.363992,0.524999999999999,17.77,22.639,-63.9375,-64.21,-74.756,241,240,278,65,19,354,50.5,4.26,NA,NA,NA,"Luke","Schoonmaker","DAL","TE",27,-3
"robust","16333","TE",20.6,1.55673,0.224999999999998,18.0305,22.265,-64.4625,-63.9495,-75.13,243,238,282,66,19,376.33,56.6,3.8,NA,NA,NA,"Elijah","Higgins","ARI","TE",25,-3
"robust","16642","TE",20.375,1.816185,0.0150000000000041,16.7625,22.2875,-64.6875,-65.2175,-75.1075,246,248,280,67,19,363.89,56.91,4.52,NA,NA,NA,"Cade","Stover","HOU","TE",25,-4
"robust","15873","TE",20.36,0.385475999999997,0.0799999999999983,20.126,20.594,-64.7025,-61.854,-76.801,247,224,289,68,19,NA,70.57,4.59,NA,NA,NA,"Daniel","Bellinger","NYG","TE",25,-2
"robust","15804","TE",20.28,0.919211999999999,0.460000000000001,19.722,20.838,-64.7825,-62.258,-76.557,249,227,287,69,19,365.22,58.36,5.93,NA,NA,NA,"Grant","Calcaterra","PHI","TE",27,-2
"robust","14984","TE",19.82,NA,0.210000000000001,19.82,19.82,-65.2425,-62.16,-77.575,250,226,293,70,19,NA,79.8,12.43,NA,NA,NA,"Charlie","Woerner","ATL","TE",28,0
"robust","14871","TE",19.61,4.136454,0.199999999999999,17.099,22.121,-65.4525,-64.881,-75.274,251,243,283,71,19,354,68.38,8.69,NA,NA,NA,"Colby","Parkinson","LAR","TE",26,0
"robust","15334","TE",19.41,11.994234,1.0275,12.129,26.691,-65.6525,-69.851,-70.704,253,268,257,72,19,351.5,72.2,9.43,NA,NA,NA,"Hunter","Long","JAC","TE",27,-1
"robust","17105","TE",18.3825,4.099389,0.282499999999999,13.975,22.8845,-66.68,-68.005,-74.5105,255,257,275,73,19,346.22,47.78,4.34,NA,NA,NA,"Gunnar","Helm","TEN","TE",23,-5
"robust","17268","TE",18.1,0,0.175000000000001,18.1,18.1,-66.9625,-63.88,-79.295,257,235,304,74,19,NA,68.5,4.72,NA,NA,NA,"Jake","Briningstool","KCC","TE",23,-5
"robust","15905","TE",17.925,8.858535,0.375000000000004,12.5475,23.3025,-67.1375,-69.4325,-74.0925,259,263,273,75,19,NA,93.5,8.5,NA,NA,NA,"Teagan","Quitoriano","ATL","TE",25,-2
"robust","15041","TE",17.55,8.67321,0.192499999999995,12.285,22.815,-67.5125,-69.695,-74.58,261,266,276,76,19,NA,NA,NA,NA,NA,NA,"Lawrence","Cager","WAS","TE",28,0
"robust","16796","TE",17.3575,2.37216,0.0225000000000009,12.167,20.24,-67.705,-69.813,-77.155,262,267,291,77,19,NA,89,3.16,NA,NA,NA,"Devin","Culp","TBB","TE",25,-4
"robust","13940","TE",17.335,2.401812,0.130000000000003,15.162,20.652,-67.7275,-66.818,-76.743,263,253,288,78,19,NA,70.25,4.12,NA,NA,NA,"Johnny","Mundt","JAC","TE",31,3
"robust","15970","TE",17.205,2.661267,0.144999999999996,15.5895,18.8205,-67.8575,-66.3905,-78.5745,265,252,298,79,19,NA,86.25,18.17,NA,NA,NA,"Lucas","Krull","DEN","TE",27,-2
"robust","16113","TE",17.06,0.222389999999998,0.0250000000000021,14.091,18.285,-68.0025,-67.889,-79.11,266,256,302,80,19,374.67,59,10.97,NA,NA,NA,"Stone","Smartt","NYJ","TE",27,-2
"robust","16425","TE",17.035,3.958542,0.0350000000000001,14.467,19.867,-68.0275,-67.513,-77.528,267,255,292,81,19,354.4,63.3,10.13,NA,NA,NA,"Julian","Hill","MIA","TE",25,-3
"robust","13427","TE",17,NA,0.799999999999997,17,17,-68.0625,-64.98,-80.395,268,245,310,82,20,NA,NA,NA,NA,NA,NA,"Robert","Tonyan","KCC","TE",31,3
"robust","17259","TE",16.2,NA,0.740000000000002,16.2,16.2,-68.8625,-65.78,-81.195,270,250,317,83,20,NA,103.33,8.22,NA,NA,NA,"Moliki","Matavao","NOS","TE",22,-5
"robust","14146","TE",15.46,2.37216,0.359999999999999,13.916,16.94,-69.6025,-68.064,-80.455,271,258,311,84,20,NA,67,6.4,NA,NA,NA,"Drew","Sample","CIN","TE",29,1
"robust","17231","TE",15.1,5.9304,0.324999999999999,11.5,18.7,-69.9625,-70.48,-78.695,273,271,300,85,20,NA,89.33,6.94,NA,NA,NA,"Gavin","Bartholomew","MIN","TE",22,-5
"robust","16765","TE",14.775,7.301805,0.0400000000000027,10.3425,19.2075,-70.2875,-71.6375,-78.1875,275,277,295,86,20,NA,84.67,15.15,NA,NA,NA,"Tanner","McLachlan","CIN","TE",26,-4
"robust","15795","TE",14.735,7.657629,0.109999999999999,10.0865,19.3835,-70.3275,-71.8935,-78.0115,276,281,294,87,20,NA,76.25,6.98,NA,NA,NA,"Charlie","Kolar","BAL","TE",26,-2
"robust","16647","TE",14.625,5.745075,0.224999999999998,11.1375,18.1125,-70.4375,-70.8425,-79.2825,277,274,303,88,20,NA,75.2,15.43,NA,NA,NA,"Brevyn","Spann-Ford","DAL","TE",26,-4
"robust","15054","TE",14.4,7.11648,0.0500000000000025,10.08,18.72,-70.6625,-71.9,-78.675,279,282,299,89,20,NA,NA,NA,NA,NA,NA,"Giovanni","Ricci","MIN","TE",29,0
"robust","15341","TE",14.35,0.96369,0.0449999999999999,13.765,14.935,-70.7125,-68.215,-82.46,280,259,327,90,20,NA,NA,NA,NA,NA,NA,"Quintin","Morris","JAC","TE",26,-1
"robust","16648","TE",14.305,5.478207,0.694999999999999,10.9795,17.6305,-70.7575,-71.0005,-79.7645,281,275,306,91,20,NA,87,7.8,NA,NA,NA,"Jared","Wiley","KCC","TE",25,-4
"robust","16979","TE",13.61,6.656874,0.425000000000002,9.569,17.651,-71.4525,-72.411,-79.744,284,285,305,92,20,NA,NA,NA,NA,NA,NA,"Cam","Grandy","CIN","TE",26,-4
"robust","13988","TE",13.185,8.473059,0.209999999999997,8.0415,18.3285,-71.8775,-73.9385,-79.0665,286,306,301,93,20,NA,NA,NA,NA,NA,NA,"Ross","Dwelley","SFO","TE",30,2
"robust","17111","TE",12.975,6.412245,0.0700000000000021,9.0825,16.8675,-72.0875,-72.8975,-80.5275,288,291,312,94,20,333,68.43,20.47,NA,NA,NA,"Luke","Lachey","HOU","TE",24,-5
"robust","14370","TE",12.905,6.960807,0.0799999999999983,8.6795,17.1305,-72.1575,-73.3005,-80.2645,289,298,308,95,20,383.33,67.86,8.39,NA,NA,NA,"Tanner","Hudson","CIN","TE",31,2
"robust","16447","TE",12.825,6.338115,0.15,8.9775,16.6725,-72.2375,-73.0025,-80.7225,290,292,313,96,20,NA,NA,NA,NA,NA,NA,"Travis","Vokolek","ARI","TE",27,-3
"robust","16940","TE",12.675,4.781385,1.77635683940025e-15,9.7725,15.5775,-72.3875,-72.2075,-81.8175,292,284,322,97,20,NA,NA,NA,NA,NA,NA,"Blake","Whiteheart","CLE","TE",25,-3
"robust","16367","TE",12.675,6.263985,0.0849999999999991,8.8725,16.4775,-72.3875,-73.1075,-80.9175,292,294,315,98,20,NA,101,11,NA,NA,NA,"Brayden","Willis","SFO","TE",26,-3
"robust","17213","TE",12.59,6.686526,0.625,8.531,16.649,-72.4725,-73.449,-80.746,294,300,314,99,20,NA,91,12.33,NA,NA,NA,"Jackson","Hawes","BUF","TE",25,-5
"robust","16706","TE",11.965,5.240991,0.0449999999999999,8.7835,15.1465,-73.0975,-73.1965,-82.2485,301,295,325,100,20,NA,88.75,8.87,NA,NA,NA,"Tip","Reiman","ARI","TE",24,-4
"robust","13994","TE",11.92,NA,0.0250000000000004,11.92,11.92,-73.1425,-70.06,-85.475,303,269,335,101,20,NA,84.4,17.96,NA,NA,NA,"Pharaoh","Brown","MIA","TE",31,3
"robust","13678","TE",11.895,5.344773,0.19,8.6505,15.1395,-73.1675,-73.3295,-82.2555,304,299,326,102,20,NA,81.67,1.25,NA,NA,NA,"Ian","Thomas","LVR","TE",29,2
"robust","15335","TE",11.705,7.109067,0.0499999999999989,7.3895,16.0205,-73.3575,-74.5905,-81.3745,305,308,319,103,20,NA,80.2,13.96,NA,NA,NA,"Luke","Farrell","SFO","TE",28,-1
"robust","17109","TE",11.655,5.255817,0.290000000000001,8.4645,14.8455,-73.4075,-73.5155,-82.5495,306,301,328,104,21,359.83,60.3,20.1,NA,NA,NA,"Mitchell","Evans","CAR","TE",22,-5
"robust","16220","TE",11.365,5.240991,0.569999999999999,8.1835,14.5465,-73.6975,-73.7965,-82.8485,308,303,329,105,21,NA,89.8,16.83,NA,NA,NA,"Will","Mallory","IND","TE",26,-3
"robust","15797","TE",10.795,10.237353,0.675000000000001,4.5805,17.0095,-74.2675,-77.3995,-80.3855,309,321,309,106,21,334.8,66.44,26.26,NA,NA,NA,"Greg","Dulcich","NYG","TE",25,-2
"robust","16646","TE",10.12,NA,0.690000000000001,10.12,10.12,-74.9425,-71.86,-87.275,311,279,339,107,21,NA,94.2,15.99,NA,NA,NA,"Jaheim","Bell","NEP","TE",24,-4
"robust","15991","TE",9.43,NA,0.219999999999999,9.43,9.43,-75.6325,-72.55,-87.965,314,286,344,108,21,NA,93.5,14.5,NA,NA,NA,"Tanner","Conner","MIA","TE",27,-2
"robust","13676","TE",9.21,7.991214,0.109999999999999,4.359,14.061,-75.8525,-77.621,-83.334,316,323,331,109,21,NA,93,8.75,NA,NA,NA,"Durham","Smythe","CHI","TE",30,2
"robust","13315","TE",9.1,NA,0.0100000000000016,9.1,9.1,-75.9625,-72.88,-88.295,317,289,346,110,21,NA,92.5,4.5,NA,NA,NA,"Eric","Saubert","SEA","TE",31,3
"robust","15344","TE",9.09,NA,0.989999999999998,9.09,9.09,-75.9725,-72.89,-88.305,318,290,347,111,21,NA,73.63,11.56,NA,NA,NA,"John","Bates","WAS","TE",28,-1
"robust","16483","TE",8.1,NA,0.0500000000000007,8.1,8.1,-76.9625,-73.88,-89.295,321,304,350,112,21,NA,95.5,7.5,NA,NA,NA,"Ben","Sims","GBP","TE",25,-3
"robust","17243","TE",8.05,NA,0.820000000000001,8.05,8.05,-77.0125,-73.93,-89.345,322,305,351,113,21,NA,89.2,17.46,NA,NA,NA,"Thomas","Fidone","NYG","TE",23,-5
"robust","15339","TE",7.23,NA,0.499999999999999,7.23,7.23,-77.8325,-74.75,-90.165,324,309,355,114,21,NA,NA,NA,NA,NA,NA,"Kenny","Yeboah","DET","TE",27,-1
"robust","12955","TE",6.73,NA,0.99,6.73,6.73,-78.3325,-75.25,-90.665,325,310,356,115,22,NA,96.5,4.5,NA,NA,NA,"Chris","Manhertz","NYG","TE",33,4
"robust","16219","TE",5.74,NA,0.289999999999999,5.74,5.74,-79.3225,-76.24,-91.655,329,312,362,116,22,NA,91.75,17.94,NA,NA,NA,"Davis","Allen","LAR","TE",24,-3
"robust","16557","TE",5.45,NA,0.270000000000001,5.45,5.45,-79.6125,-76.53,-91.945,333,315,364,117,22,NA,NA,NA,NA,NA,NA,"Tucker","Fisk","LAC","TE",26,-2
"robust","14141","TE",5.18,NA,0.319999999999999,5.18,5.18,-79.8825,-76.8,-92.215,335,318,366,118,22,NA,NA,NA,NA,NA,NA,"Irv","Smith","HOU","TE",27,1
"robust","15419","TE",4.86,NA,0.17,4.86,4.86,-80.2025,-77.12,-92.535,337,319,367,119,22,379,77.88,16.05,NA,NA,NA,"Kylen","Granson","PHI","TE",27,-1
"robust","15214","TE",4.69,NA,1.43,4.69,4.69,-80.3725,-77.29,-92.705,339,320,368,120,22,NA,NA,NA,NA,NA,NA,NA,NA,NA,NA,NA,NA
"robust","16645","TE",3.26,NA,0.16,3.26,3.26,-81.8025,-78.72,-94.135,341,328,372,121,22,NA,65.33,8.73,NA,NA,NA,"Erick","All","CIN","TE",25,-4
"robust","15343","TE",3.1,NA,0.64,3.1,3.1,-81.9625,-78.88,-94.295,344,329,373,122,22,NA,NA,NA,NA,NA,NA,"Zach","Davidson","BUF","TE",27,-1
"robust","16831","TE",2.46,NA,0.0900000000000003,2.46,2.46,-82.6025,-79.52,-94.935,346,331,374,123,22,NA,NA,NA,NA,NA,NA,"David","Martin-Robinson","TEN","TE",26,-4
"robust","15244","TE",2.37,NA,0.00999999999999979,2.37,2.37,-82.6925,-79.61,-95.025,347,332,375,124,22,NA,NA,NA,NA,NA,NA,"Feleipe","Franks","ATL","TE",28,-1
"robust","15909","TE",2.36,NA,0.0100000000000002,2.36,2.36,-82.7025,-79.62,-95.035,348,333,376,125,22,NA,NA,NA,NA,NA,NA,"James","Mitchell","CAR","TE",26,-2
"robust","15541","TE",2.35,NA,0.25,2.35,2.35,-82.7125,-79.63,-95.045,349,334,377,126,22,NA,NA,NA,NA,NA,NA,"Jack","Stoll","NOS","TE",27,-1
"robust","17285","TE",2.1,NA,0.65,2.1,2.1,-82.9625,-79.88,-95.295,351,336,379,127,22,NA,NA,NA,NA,NA,NA,"Ben","Yurosek","MIN","TE",23,-5
"robust","12680","TE",1.45,NA,0.25,1.45,1.45,-83.6125,-80.53,-95.945,354,339,380,128,22,NA,NA,NA,NA,NA,NA,"Nick","Vannett","MIN","TE",32,4
"robust","14875","TE",1.2,NA,0,1.2,1.2,-83.8625,-80.78,-96.195,355,342,381,129,22,NA,80.71,22.9,NA,NA,NA,"Harrison","Bryant","PHI","TE",27,0
"weighted","13593","QB",357.078443113772,33.9683525451451,3.97888223552889,333.307380488196,393.646155949463,89.4731137724551,74.0503805099012,117.536276769396,14,18,8,1,1,26.63,1.71,0.7,18.2983333333333,9.87344319655284,-4.29833333333333,"Lamar","Jackson","BAL","QB",28,2
"weighted","13589","QB",353.099560878244,28.2114797167266,11.9673453093813,328.155348969899,381.897862528241,85.4942315369262,68.898348991604,105.787983348174,15,20,11,2,1,26.16,1.5,0.59,17.9366666666667,8.37596893234183,-2.93666666666667,"Josh","Allen","BUF","QB",29,2
"weighted","16581","QB",341.132215568862,16.2218471717532,1.07337325349295,323.306903185828,353.156361905038,73.5268862275449,64.0499032075333,77.0464827249707,18,22,19,3,2,34.22,3.52,0.86,35.3433333333333,27.6183216160738,-17.3433333333333,"Jayden","Daniels","WAS","QB",25,-4
"weighted","14783","QB",340.058842315369,19.125572578366,22.9904191616767,318.97500335476,353.799046948438,72.4535129740519,59.7180033764656,77.6891677683709,20,25,18,4,3,36.56,3.72,0.83,30.7766666666667,9.95844476925098,-10.7766666666667,"Jalen","Hurts","PHI","QB",27,0
"weighted","14777","QB",317.068423153693,24.90629008388,16.201377245509,298.812153911488,343.755245607745,49.4630938123752,39.555153933193,67.6453664276775,37,43,29,5,4,46.53,4.59,0.72,32.1233333333333,16.6667239999014,4.87666666666667,"Joe","Burrow","CIN","QB",29,0
"weighted","13116","QB",300.867045908184,9.09561171164677,4.83530938123749,290.789257814785,307.146451470901,33.2617165668663,31.5322578364899,31.0365722908344,53,50,56,6,4,64.17,7.16,1.63,43.4866666666667,14.0674549542157,9.51333333333333,"Patrick","Mahomes","KCC","QB",30,3
"weighted","14056","QB",296.031736526946,19.3518557188713,7.96467065868262,283.846993044733,316.964989350385,28.4264071856288,24.589993066438,40.8551101703177,57,56,50,7,5,79.66,10.28,2.26,69.9116666666667,21.1161181854578,-12.9116666666667,"Kyler","Murray","ARI","QB",28,1
"weighted","13590","QB",288.067065868264,12.2318312919678,0.834331337325409,275.334069224722,298.783720561758,20.4617365269461,16.0770692464272,22.6738413816908,63,69,63,8,5,69.72,8.1,2.26,65.8983333333333,27.6302493755586,-2.89833333333333,"Baker","Mayfield","TBB","QB",30,2
"weighted","16582","QB",287.232734530938,6.66416283364634,0.253073852295358,279.818970813324,291.533641832838,19.6274051896207,20.5619708350295,15.4237626527712,66,63,75,9,5,75.91,9.19,2.39,75.785,26.903300138335,-9.78500000000001,"Bo","Nix","DEN","QB",25,-4
"weighted","15698","QB",286.979660678643,9.9170256844855,5.10111776447104,275.929719649971,292.635466620533,19.3743313373254,16.6727196716767,16.5255874404663,67,68,72,10,5,90.7,11.59,2.91,91.0183333333333,23.4081612667225,-24.0183333333333,"Brock","Purdy","SFO","QB",26,-2
"weighted","15238","QB",281.878542914172,14.9825838781461,13.5673053892216,266.586675629401,295.446969032975,14.2732135728543,7.3296756511063,19.337089852908,76,79,68,11,6,89.95,12.29,4.48,96.8583333333333,20.9755209841271,-20.8583333333333,"Justin","Fields","NYJ","QB",26,-1
"weighted","12620","QB",268.31123752495,16.0658753094624,0.705908183632687,254.975769429032,285.101875199334,0.705908183632687,-4.28123054926269,8.99199601926728,91,103,79,12,6,93.84,12.57,3.14,86.8633333333333,21.5166963593908,4.13666666666667,"Dak","Prescott","DAL","QB",32,4
"weighted","14779","QB",267.605329341317,8.29267733275164,4.76716566866264,260.02369228275,276.109879180067,0,0.766692304455091,0,94,91,94,13,6,97.47,13.16,3.28,111.201666666667,27.8610806303146,-17.2016666666667,"Justin","Herbert","LAC","QB",27,0
"weighted","16579","QB",262.838163672655,4.99492729894345,1.28792415169664,259.256999978295,268.203437727123,-4.76716566866264,0,-7.90644145294374,105,94,110,14,7,98.14,13.17,3.05,96.87,21.2973910765302,8.13,"Caleb","Williams","CHI","QB",24,-4
"weighted","12611","QB",261.550239520958,12.8689102618456,8.48111776447104,247.248288736727,270.02034190287,-6.05508982035929,-12.0087112415682,-6.08953727719671,110,113,105,15,7,101.56,14.43,3.7,93.6166666666667,21.8335167931223,16.3833333333333,"Jared","Goff","DET","QB",31,4
"weighted","16150","QB",253.069121756487,3.81167840092197,1.98377245508985,250.21183544361,257.243295672029,-14.5362075848303,-9.04516453468489,-18.866583508038,126,108,139,16,7,120.83,18.47,2.86,100.68,40.1302579109579,25.32,"C.J.","Stroud","HOU","QB",24,-3
"weighted","14782","QB",251.085349301397,11.2056759041141,0.447465069860272,243.947357425881,263.20420280866,-16.5199800399202,-15.3096425524133,-12.9056763714069,130,122,123,17,7,108,15.52,2.73,107.965,33.8600525447515,22.035,"Jordan","Love","GBP","QB",27,0
"weighted","16584","QB",250.637884231537,12.9337558243799,0.172794411177648,237.367162784743,261.941146372837,-16.9674451097804,-21.8898371935514,-14.1687328072302,132,140,127,18,7,128.53,19.28,3.39,120.546,29.0893235397456,11.454,"J.J.","McCarthy","MIN","QB",22,-4
"weighted","15237","QB",250.465089820359,6.49482239896522,3.08155688622753,244.397044199845,256.939068057494,-17.1402395209581,-14.8599557784501,-19.1708111225728,134,120,141,19,8,116.84,17.67,2.35,128.451666666667,28.2538749063243,5.54833333333332,"Trevor","Lawrence","JAC","QB",26,-1
"weighted","16580","QB",247.383532934132,6.79102214036404,4.30397205588824,240.036186037233,251.587164481816,-20.2217964071856,-19.2208139410614,-24.5227146982508,142,135,152,20,8,107.3,15.12,2.66,126.318,35.1088167843919,15.682,"Drake","Maye","NEP","QB",23,-4
"weighted","9431","QB",243.079560878244,21.5065282993023,0.705029940119744,219.183750242384,257.356987981866,-24.5257684630739,-40.0732497359111,-18.7528911982013,148,168,138,21,8,144.03,22.57,2.18,146.381666666667,25.1069050373708,1.61833333333331,"Matthew","Stafford","LAR","QB",37,11
"weighted","14778","QB",242.374530938124,18.9393938740038,0.908203592814402,222.179238027635,258.300567450492,-25.2307984031936,-37.07776195066,-17.8093117295754,150,162,136,22,8,137.39,21.74,1.92,134.25,24.1565036101392,15.75,"Tua","Tagovailoa","MIA","QB",27,0
"weighted","11150","QB",241.466327345309,19.7483912541961,8.29768463073847,219.703175674226,255.689547204102,-26.139001996008,-39.5538243040685,-20.4203319759647,153,167,144,23,9,170.78,24.22,2.51,145.352,26.5017066620246,7.648,"Geno","Smith","LVR","QB",35,7
"weighted","16148","QB",233.168642714571,18.5560274511795,0.29001996007986,213.827133043941,248.704967264057,-34.4366866267465,-45.4298669343535,-27.4049119160103,167,179,161,24,9,150.84,23.38,2.31,138.06,39.2633578119175,28.94,"Bryce","Young","CAR","QB",24,-3
"weighted","16583","QB",232.878622754491,8.58836872090012,14.314750499002,223.581959476581,239.745576876412,-34.7267065868263,-35.6750405017141,-36.3643023036551,168,159,178,25,10,156.63,23.71,2.19,144.758,32.991439131993,23.242,"Michael","Penix Jr.","ATL","QB",25,-4
"weighted","13592","QB",218.563872255489,8.39132932652944,1.05650698602793,211.936927450284,227.648669652927,-49.0414570858283,-47.3200725280103,-48.46120952714,202,185,199,26,10,191.17,25.9,2.37,153.53,37.4333466310454,48.47,"Sam","Darnold","SEA","QB",28,2
"weighted","17030","QB",217.507365269461,15.2838660378174,0.0133133732535384,202.666207787218,232.156157886475,-50.0979640718563,-56.5907921910764,-43.9537212935918,204,201,191,27,10,204.5,26.72,1.75,153.7775,46.8173853258594,50.2225,"Cam","Ward","TEN","QB",23,-5
"weighted","7836","QB",217.494051896208,6.45631370267394,35.9050099800399,212.3133883934,224.302977198946,-50.1112774451098,-46.9436115848946,-51.8069019811216,205,184,203,28,11,212.95,27.29,2.66,147.3275,27.3190706055312,57.6725,"Aaron","Rodgers","PIT","QB",42,15
"weighted","16152","QB",181.589041916168,32.3856489849592,21.3663273453094,154.084818143314,215.186154016116,-86.0162874251497,-105.172181834981,-60.9237251639506,326,314,226,29,12,241.94,28.41,3.56,128.41,53.7576613144582,197.59,"Anthony","Richardson","IND","QB",23,-3
"weighted","10703","QB",160.222714570858,57.5161609062044,16.4937325349301,107.917399820078,218.106459761923,-107.382614770459,-151.339600158216,-58.0034194181445,380,323,215,30,13,264.19,29.83,1.59,144.026666666667,20.7690817215291,235.973333333333,"Russell","Wilson","NYG","QB",37,8
"weighted","17039","QB",143.728982035928,7.48456283465899,38.9180290673134,137.859296017278,151.846526768574,-123.876347305389,-121.397703961017,-124.263352411493,396,322,323,31,14,290.25,32.33,1.92,145.26,NA,250.74,"Tyler","Shough","NOS","QB",26,-5
"weighted","9064","QB",104.810952968615,13.3112014692406,22.1445857031457,90.3430563356127,115.273869252865,-162.794376372703,-168.913943642682,-160.836009927202,397,324,325,32,15,295,33.19,3.86,184.75,46.75,212.25,"Joe","Flacco","CLE","QB",40,12
"weighted","14059","QB",82.6663672654691,33.9834218157729,22.2525748502994,46.7278930049403,109.607542487438,-184.938962075848,-212.529106973354,-166.502336692629,398,326,326,33,16,276.98,30.96,1.88,181.53,NA,216.47,"Daniel","Jones","IND","QB",28,1
"weighted","17032","QB",60.4137924151697,58.013394406638,1.07874251497006,10.3708225663995,121.275673507796,-207.191536926148,-248.886177411895,-154.834205672271,399,331,324,34,16,306.07,33.44,1.68,119.92,NA,279.08,"Jaxson","Dart","NYG","QB",22,-5
"weighted","15692","QB",59.3350499001996,34.6474439103116,0.418223552894219,37.0290062050288,97.8893811811608,-208.270279441118,-222.227993773266,-178.220497998906,400,327,327,35,16,345.23,39.92,5.08,217,NA,183,"Kenny","Pickett","CLE","QB",27,-2
"weighted","16586","QB",58.9168263473054,17.0932025510531,23.2867803146877,48.2752124021246,77.9563712003827,-208.688502994012,-210.98178757617,-198.153507979684,401,325,328,36,17,328.73,36.93,2.73,220.4,NA,180.6,"Spencer","Rattler","NOS","QB",25,-4
"weighted","17033","QB",35.6300460326177,8.65862920974296,3.6149325530088,29.0454425508771,44.8593551546137,-231.9752833087,-230.211557427418,-231.250524025453,402,328,331,37,17,329.17,36.97,2.43,149.94,NA,252.06,"Jalen","Milroe","SEA","QB",23,-5
"weighted","17037","QB",32.0151134796089,35.4716632793897,7.81045199852106,6.54868571689565,71.1221883328944,-235.590215861708,-252.708314261399,-204.987690847173,403,333,329,38,18,343.65,40.19,5.35,209.5,NA,193.5,"Dillon","Gabriel","CLE","QB",25,-5
"weighted","17031","QB",24.2046614810879,25.368204465581,6.43708347217255,3.09028938864475,51.2213979588672,-243.40066786023,-256.16671058965,-224.8884812212,404,334,330,39,18,322.98,36.12,2.83,181.94,NA,222.06,"Shedeur","Sanders","CLE","QB",23,-5
"weighted","12140","QB",17.7675780089153,9.03682466356408,0.267578008915304,11.6798068513948,24.1139967297522,-249.837751332402,-247.5771931269,-251.995882450315,405,330,332,40,18,344.75,40.83,7.45,NA,NA,NA,"Jameis","Winston","NYG","QB",31,5
"weighted","14358","QB",17.5,NA,2.13931649331352,NA,NA,-250.105329341317,NA,NA,406,NA,NA,41,19,388.67,47.67,4.85,NA,NA,NA,"Jake","Browning","CIN","QB",29,1
"weighted","15694","QB",15.3606835066865,4.39820417898032,2.14068350668648,12.3977776694582,18.4494725867808,-252.244645834631,-246.859222308837,-257.660406593286,407,329,333,42,19,362.5,47.67,4.73,NA,NA,NA,"Malik","Willis","GBP","QB",26,-2
"weighted","15239","QB",13.22,NA,0.219999999999997,NA,NA,-254.385329341317,NA,NA,408,NA,NA,43,19,332.5,48.82,4.51,NA,NA,NA,"Zach","Wilson","MIA","QB",26,-1
"weighted","16585","QB",13,NA,0.219999999999999,NA,NA,-254.605329341317,NA,NA,409,NA,NA,44,19,371.67,43.67,2.81,214.5,4.5,194.5,"Joe","Milton","DAL","QB",25,-4
"weighted","12616","QB",12.78,NA,0.0200000000000014,NA,NA,-254.825329341317,NA,NA,410,NA,NA,45,19,NA,60.43,5.07,NA,NA,NA,"Jacoby","Brissett","ARI","QB",33,4
"weighted","12141","QB",12.76,NA,0.159999999999997,NA,NA,-254.845329341317,NA,NA,411,NA,NA,46,19,369,45.43,3.5,NA,NA,NA,"Marcus","Mariota","WAS","QB",32,5
"weighted","11760","QB",12.6,NA,0.0199999999999996,NA,NA,-255.005329341317,NA,NA,412,NA,NA,47,19,NA,51.89,5.76,NA,NA,NA,"Jimmy","Garoppolo","LAR","QB",34,6
"weighted","13115","QB",12.58,NA,0.240000000000004,NA,NA,-255.025329341317,NA,NA,413,NA,NA,48,19,NA,57.63,4.85,NA,NA,NA,"Mitchell","Trubisky","BUF","QB",31,3
"weighted","16151","QB",12.34,NA,0.239999999999998,NA,NA,-255.265329341317,NA,NA,414,NA,NA,49,19,NA,58.88,5.78,NA,NA,NA,"Hendon","Hooker","DET","QB",27,-3
"weighted","16159","QB",12.1,NA,0.120000000000003,NA,NA,-255.505329341317,NA,NA,415,NA,NA,50,19,333,50.29,10.52,NA,NA,NA,"Aidan","O'Connell","LVR","QB",27,-3
"weighted","16384","QB",11.98,NA,0.0170876671619595,NA,NA,-255.625329341317,NA,NA,416,NA,NA,51,19,NA,63.38,8.18,NA,NA,NA,"Tyson","Bagent","CHI","QB",25,-3
"weighted","13968","QB",11.962912332838,4.25678282274302,0.282912332838041,9.09527677976498,14.9523834360805,-255.642417008479,-250.16172319853,-261.157495743987,417,332,334,52,19,NA,58.33,4.99,NA,NA,NA,"Nick","Mullens","JAC","QB",30,3
"weighted","15252","QB",11.68,NA,0.0199999999999978,NA,NA,-255.925329341317,NA,NA,418,NA,NA,53,19,NA,60.67,4.35,NA,NA,NA,"Davis","Mills","HOU","QB",27,-1
"weighted","14063","QB",11.66,NA,0.199999999999999,NA,NA,-255.945329341317,NA,NA,419,NA,NA,54,19,NA,61.57,6.59,NA,NA,NA,"Jarrett","Stidham","DEN","QB",29,1
"weighted","15240","QB",11.46,NA,0.540000000000003,NA,NA,-256.145329341317,NA,NA,420,NA,NA,55,19,NA,66.2,8.08,NA,NA,NA,"Trey","Lance","LAC","QB",25,-1
"weighted","13124","QB",10.92,NA,0.639999999999997,NA,NA,-256.685329341317,NA,NA,421,NA,NA,56,19,374.5,55.63,6.44,NA,NA,NA,"Cooper","Rush","BAL","QB",32,3
"weighted","15241","QB",10.28,NA,1.77635683940025e-15,NA,NA,-257.325329341317,NA,NA,422,NA,NA,57,19,335.5,47.29,4.82,NA,NA,NA,"Mac","Jones","SFO","QB",27,-1
"weighted","10948","QB",10.28,NA,0.18,NA,NA,-257.325329341317,NA,NA,423,NA,NA,58,19,NA,68.5,3.91,NA,NA,NA,"Case","Keenum","CHI","QB",37,8
"weighted","15702","QB",10.1,NA,0.0600000000000005,NA,NA,-257.505329341317,NA,NA,424,NA,NA,59,19,NA,55,3,NA,NA,NA,"Tanner","McKee","PHI","QB",25,-3
"weighted","15693","QB",10.04,NA,0.0799999999999983,NA,NA,-257.565329341317,NA,NA,425,NA,NA,60,19,341.5,49.64,4.68,NA,NA,NA,"Sam","Howell","MIN","QB",25,-2
"weighted","9207","QB",9.96,NA,0.0200000000000014,NA,NA,-257.645329341317,NA,NA,426,NA,NA,61,19,NA,NA,NA,NA,NA,NA,"Josh","Johnson","WAS","QB",39,12
"weighted","17034","QB",9.94,NA,0.279999999999999,NA,NA,-257.665329341317,NA,NA,427,NA,NA,62,19,NA,68.86,7.68,252.5,NA,174.5,"Quinn","Ewers","MIA","QB",22,-5
"weighted","17240","QB",9.66,NA,0.0599999999999987,NA,NA,-257.945329341317,NA,NA,428,NA,NA,63,19,NA,NA,NA,NA,NA,NA,"Cam","Miller","LVR","QB",24,-5
"weighted","17227","QB",9.6,NA,0.0200000000000031,NA,NA,-258.005329341317,NA,NA,429,NA,NA,64,19,NA,NA,NA,NA,NA,NA,"Graham","Mertz","HOU","QB",25,-5
"weighted","14067","QB",9.58,NA,0.059999999999997,NA,NA,-258.025329341317,NA,NA,430,NA,NA,65,19,NA,50.92,3.95,NA,NA,NA,"Gardner","Minshew","KCC","QB",29,1
"weighted","17038","QB",9.52,NA,0.16,NA,NA,-258.085329341317,NA,NA,431,NA,NA,66,19,NA,71.4,5.95,NA,NA,NA,"Kyle","McCord","PHI","QB",23,-5
"weighted","17036","QB",9.36,NA,0.400000000000002,NA,NA,-258.245329341317,NA,NA,432,NA,NA,67,19,328.75,50.46,10.28,204.17,NA,227.83,"Will","Howard","PIT","QB",24,-5
"weighted","14057","QB",8.96,NA,0.179999999999998,NA,NA,-258.645329341317,NA,NA,433,NA,NA,68,19,NA,65,2.24,NA,NA,NA,"Drew","Lock","SEA","QB",29,1
"weighted","16156","QB",8.78,NA,0.24,NA,NA,-258.825329341317,NA,NA,434,NA,NA,69,19,300,60.67,11.88,NA,NA,NA,"Jake","Haener","NOS","QB",26,-3
"weighted","13119","QB",8.54,NA,0.540000000000002,NA,NA,-259.065329341317,NA,NA,435,NA,NA,70,19,NA,56.5,5.85,NA,NA,NA,"Joshua","Dobbs","NEP","QB",30,3
"weighted","10313","QB",8,NA,0.22,NA,NA,-259.605329341317,NA,NA,436,NA,NA,71,19,NA,56.2,5.64,NA,NA,NA,"Andy","Dalton","CAR","QB",38,9
"weighted","12621","QB",7.78,NA,0.845884101040118,NA,NA,-259.825329341317,NA,NA,437,NA,NA,72,19,NA,69.2,8.23,NA,NA,NA,"Brandon","Allen","TEN","QB",33,4
"weighted","10413","QB",6.93411589895988,7.24077343935024,0.0697771173848443,1.84903548414222,11.8119544477087,-260.671213442357,-257.407964494152,-264.297924732358,438,335,335,73,19,347.89,42.06,4.98,NA,NA,NA,"Tyrod","Taylor","NYJ","QB",36,9
"weighted","13595","QB",6.86433878157504,7.25491557497398,0.744338781575036,1.76932656907219,11.7517043587394,-260.740990559742,-257.487673409223,-264.358174821328,439,336,336,74,19,347.6,45.2,6.19,NA,NA,NA,"Mason","Rudolph","PIT","QB",30,2
"weighted","17035","QB",6.12,NA,1.36,NA,NA,-261.485329341317,NA,NA,440,NA,NA,75,19,NA,70,5.06,NA,NA,NA,"Riley","Leonard","IND","QB",23,-5
"weighted","16160","QB",4.76,NA,1.43931649331352,NA,NA,-262.845329341317,NA,NA,441,NA,NA,76,20,NA,73.4,6.92,NA,NA,NA,"Clayton","Tune","ARI","QB",26,-3
"weighted","10700","QB",3.32068350668648,5.1194530957906,0,-0.274627255352568,6.76946779310657,-264.284645834631,-259.531627233647,-269.34041138696,442,337,337,77,20,336.04,39.93,6.55,184.355,55.755,257.645,"Kirk","Cousins","ATL","QB",37,8
"weighted","13604","RB",271.248103792415,7.82915032982012,10.0146706586826,263.464303952094,278.584721771678,156.574650698603,161.671897562252,152.21293058899,1,1,1,1,1,2.48,1.62,1.21,6.02333333333333,4.64157540305253,-5.02333333333333,"Saquon","Barkley","PHI","RB",28,2
"weighted","12626","RB",261.233433133733,13.0267029661061,1.66337325349309,248.883064803966,273.992388854599,146.55998003992,147.090658414124,147.620597671911,2,3,2,2,1,8.34,4.13,0.9,11.23,7.51521789437938,-9.23,"Derrick","Henry","BAL","RB",31,4
"weighted","16161","RB",259.57005988024,10.2737400450506,7.21736526946103,250.639418544563,270.384196685675,144.896606786427,148.847012154721,144.012405502986,3,2,3,3,1,2.84,1.88,0.49,3.91166666666667,1.50860218598395,-0.911666666666667,"Bijan","Robinson","ATL","RB",23,-3
"weighted","16162","RB",252.352694610778,10.0936149097785,20.7099800399202,242.612429008119,262.097306711814,137.679241516966,140.820022618277,135.725515529126,4,4,4,4,2,6.06,3.28,1.03,6.85833333333333,4.06865832376664,-2.85833333333333,"Jahmyr","Gibbs","DET","RB",23,-3
"weighted","14073","RB",231.642714570858,26.8171271532062,6.99900199600799,202.248291677784,251.642151641718,116.969261477046,100.455885287942,125.27036045903,5,7,6,5,3,18.56,8.45,1.43,19.9966666666667,10.6656296370892,-14.9966666666667,"Josh","Jacobs","GBP","RB",27,1
"weighted","14802","RB",224.64371257485,32.7376728134261,5.26856287425144,201.550748128259,260.814676100119,109.970259481038,99.7583417384164,134.44288491743,6,9,5,6,3,16.55,7.58,1.8,18.23,8.42258669689227,-12.23,"Jonathan","Taylor","IND","RB",26,0
"weighted","16167","RB",219.375149700599,19.0879423399397,0.383732534930175,198.101761427878,230.819920466884,104.701696606786,96.3093550380355,104.448129284196,8,10,12,7,3,17.97,8.02,1.72,16.14,5.41203904888598,-8.14,"De'Von","Achane","MIA","RB",24,-3
"weighted","15710","RB",218.991417165669,24.1485585702877,0.666766467065884,192.61262254123,237.522313999444,104.317964071856,90.8202161513873,111.150522816755,9,11,10,8,3,25.5,10.77,1.68,21.2033333333333,6.62911926444397,-12.2033333333333,"Kyren","Williams","LAR","RB",25,-2
"weighted","13130","RB",218.324650698603,24.0694718251766,1.38013972055887,202.58035877254,245.083693137307,103.65119760479,100.787952382698,118.711901954618,10,6,7,9,3,14.5,6.47,2.56,14.366,7.1721282754842,-4.366,"Christian","McCaffrey","SFO","RB",29,3
"weighted","17042","RB",216.944510978044,6.90222200695073,7.1503992015968,211.231128676793,224.310001687691,102.271057884232,109.438722286951,97.9382105050026,11,5,15,10,4,12.92,5.75,1.72,10.468,2.4346120840906,0.532,"Ashton","Jeanty","LVR","RB",22,-5
"weighted","16598","RB",209.794111776447,17.2956830996631,3.90019960079846,192.138102786715,225.723583252233,95.1206586826347,90.3456963968728,99.3517920695445,12,12,14,11,4,22.97,9.77,1.94,37.715,36.1120440435044,-25.715,"Bucky","Irving","TBB","RB",23,-4
"weighted","15715","RB",205.893912175649,23.9822649360959,10.7343313373253,183.856335208253,230.411424844894,91.2204590818363,82.0639288184112,104.039633662205,13,13,13,12,4,33.88,13.47,1.68,33.495,8.29655701681929,-20.495,"James","Cook","BUF","RB",26,-2
"weighted","13146","RB",195.159580838323,18.2674085556554,7.70009980039922,178.767106894368,214.094773666454,80.486127744511,76.9747005045253,87.7229824837657,16,15,16,13,5,46.88,17.98,1.78,49.1966666666667,12.3112721610003,-33.1966666666667,"James","Conner","ARI","RB",30,3
"weighted","16181","RB",187.459481037924,11.1842423213578,1.51706586826347,179.71649345712,199.848424110802,72.7860279441118,77.9240870672773,73.4766329281132,19,14,25,14,5,29.41,11.82,1.94,43.26,32.2951105690423,-24.26,"Chase","Brown","CIN","RB",25,-3
"weighted","15708","RB",185.942415169661,12.2939419173133,1.40728542914175,177.233027499519,199.163140095705,71.2689620758483,75.4406211096763,72.7913489130166,22,17,26,15,5,38.66,14.92,2.19,26.4583333333333,11.0796020034817,-4.45833333333333,"Breece","Hall","NYJ","RB",24,-2
"weighted","13132","RB",184.535129740519,23.3772099055794,2.06626746506984,158.891887689279,201.893089070536,69.8616766467066,57.0994812994371,75.5212978878472,23,28,21,16,5,47.16,18.3,2.85,41.83,10.54659186657,-18.83,"Alvin","Kamara","NOS","RB",30,3
"weighted","15711","RB",182.468862275449,32.902117280411,1.04401197604793,148.459548326276,212.146136644175,67.7954091816367,46.6671419364342,85.7743454614867,24,34,17,17,5,40.8,15.7,2.04,41.36,6.09854900775586,-17.36,"Kenneth","Walker III","SEA","RB",25,-2
"weighted","15261","RB",181.424850299401,16.963376740569,10.3502994011976,170.044722480541,200.253933641383,66.7513972055888,68.2523160906991,73.8821424586948,26,21,23,18,6,45.47,17.63,1.97,60.2116666666667,29.5874074659399,-34.2116666666667,"Chuba","Hubbard","CAR","RB",26,-1
"weighted","17044","RB",171.074550898204,33.5247654243123,5.3430139720559,137.610432122385,201.990610879498,56.4010978043912,35.8180257325431,75.6188196968094,32,47,20,19,6,43.61,16.45,4.12,42.618,8.80008272688388,-10.618,"Omarion","Hampton","LAC","RB",22,-5
"weighted","14797","RB",165.731536926148,20.5012933376224,0.238922155688641,144.043093487606,183.339073513544,51.0580838323353,42.250687097764,56.9672823308553,34,38,36,20,6,58.45,22.38,4,62.4183333333333,13.8436801666159,-28.4183333333333,"D'Andre","Swift","CHI","RB",26,0
"weighted","14071","RB",165.492614770459,10.6296444531135,3.5238522954092,154.416891817103,174.935974983357,50.8191616766467,52.6244854272612,48.564183800668,36,31,41,21,6,54.41,21.02,2.43,59.715,10.9431831901569,-23.715,"David","Montgomery","DET","RB",28,1
"weighted","13131","RB",161.96876247505,28.6117826290395,1.49301397205585,133.027774147748,188.680947829803,47.2953093812375,31.2353677579061,62.3091566471142,39,51,32,22,6,66.08,25.15,6.35,58.165,18.2830018961147,-19.165,"Joe","Mixon","HOU","RB",29,3
"weighted","13319","RB",160.475748502994,24.3584620925916,7.41017964071858,137.505239044863,184.428738796847,45.8022954091817,35.7128326550205,58.0569476141581,41,48,34,23,7,64.98,24.92,2.9,62.5283333333333,16.5782431886561,-21.5283333333333,"Aaron","Jones","MIN","RB",31,3
"weighted","14085","RB",153.065568862275,7.18443396833932,0.745109780439122,147.421803851469,160.875353663305,38.3921157684631,45.6293974616269,34.5035624806163,48,35,54,24,7,67.66,26.1,3.2,76.3716666666667,15.3556443657988,-28.3716666666667,"Tony","Pollard","TEN","RB",28,1
"weighted","17043","RB",152.320459081836,15.5044081339175,1.14830339321358,142.779646689598,169.594600310386,37.647005988024,40.9872402997559,43.2228091276974,49,39,46,25,7,62.84,23.87,4.2,61.06,8.64049304148785,-12.06,"TreVeyon","Henderson","NEP","RB",23,-5
"weighted","17048","RB",151.172155688623,26.3279887971014,2.44071856287422,130.052388303144,179.553481177054,36.4987025948104,28.2599819133022,53.1816899943649,50,53,39,26,7,69.31,26.58,6.84,69.502,10.6350879639051,-19.502,"Kaleb","Johnson","PIT","RB",22,-5
"weighted","15716","RB",148.731437125749,20.1834254703411,4.07375249501001,128.143006055227,167.342197953022,34.0579840319361,26.3505996653852,40.9704067703337,52,54,49,27,7,70.88,27.37,2.55,80.6766666666667,15.8397786881285,-28.6766666666667,"Brian","Robinson","WAS","RB",26,-2
"weighted","17068","RB",144.657684630739,11.3757422742893,3.05758483033929,133.461163790544,155.371837487209,29.9842315369261,31.6687574007017,29.0000463045203,55,49,59,28,8,67.48,25.4,7.05,64.66,9.25308381027644,-9.66000000000001,"RJ","Harvey","DEN","RB",24,-5
"weighted","15749","RB",141.600099800399,29.7440944619079,11.5307385229541,111.887467216431,168.996060651207,26.9266467065868,10.0950608265883,42.6242694685184,60,75,47,29,8,68.44,26.25,3.05,74.054,9.7775285220755,-14.054,"Isiah","Pacheco","KCC","RB",26,-2
"weighted","16747","RB",130.069361277445,23.3145479585031,3.46566866267462,112.990768760586,155.699864960443,15.3959081836327,11.1983623707441,29.3280737777541,72,74,58,30,8,88.56,32.58,4.07,92.196,13.3831365531403,-20.196,"Tyrone","Tracy","NYG","RB",26,-4
"weighted","15742","RB",126.60369261477,15.5838735255701,7.03383233532936,109.955977914568,138.286292546978,11.9302395209581,8.1635715247257,11.9145013642891,77,78,77,31,9,93.88,33.62,4.39,98.3166666666667,11.1515210721328,-21.3166666666667,"Jaylen","Warren","PIT","RB",27,-2
"weighted","15259","RB",119.569860279441,22.5540966634191,2.75688622754491,101.321456430824,143.908232813613,4.89640718562873,-0.470949959018327,17.5364416309248,83,96,70,32,9,105.41,37.35,5.17,107.111666666667,20.8167235787853,-24.1116666666667,"Rhamondre","Stevenson","NEP","RB",27,-1
"weighted","15256","RB",116.812974051896,42.2522760088172,1.1323353293413,81.3834177835805,161.91114039831,2.13952095808382,-20.4089886062618,35.5393492156212,87,138,51,33,9,103.81,37.68,6.56,110.705,16.0034483263243,-23.705,"Javonte","Williams","DAL","RB",25,-1
"weighted","14800","RB",115.680638722555,11.4438795671612,1.00718562874252,104.110521709867,126.371791182689,1.00718562874252,2.31811532002455,0,90,88,94,34,9,118.59,40.95,8.79,110.005,18.6899855091793,-20.005,"J.K.","Dobbins","DEN","RB",27,0
"weighted","17045","RB",114.673453093812,9.8560504554379,2.46067864271456,103.778574971299,121.596294534417,0,1.98616858145692,-4.77549664827154,94,89,102,35,9,106.97,37.72,6.29,95.868,8.92407395755996,-1.868,"Cam","Skattebo","NYG","RB",23,-5
"weighted","15254","RB",112.212774451098,17.1753207272692,2.86666666666667,97.4750918692987,129.964394683558,-2.46067864271456,-4.31731452054352,3.59260350086932,99,104,90,36,9,101.77,36.47,5.64,104.97,24.3291224667064,-5.96999999999998,"Najee","Harris","LAC","RB",27,-1
"weighted","15972","RB",109.346107784431,5.74794948688963,2.22385229540919,105.828369257156,115.750748122341,-5.32734530938123,4.03596286731405,-10.6210430603475,107,83,117,37,10,96.56,35.07,6.45,108.425,20.6546489924182,-1.425,"Jordan","Mason","MIN","RB",26,-2
"weighted","17051","RB",107.122255489022,7.36805703720061,0.954291417165678,101.792406389842,115.245956201678,-7.55119760479042,0,-11.1258349810106,112,94,118,38,10,105.59,38.37,9.42,97.852,7.61956009228879,14.148,"Quinshon","Judkins","CLE","RB",22,-5
"weighted","15253","RB",106.167964071856,15.0038279284779,0.204990019960078,91.3784758478449,120.269790216761,-8.5054890219561,-10.4139305419973,-6.1020009659281,114,112,106,39,10,97.06,35.52,5.15,95.12,34.514383475106,18.88,"Travis","Etienne","JAC","RB",26,-1
"weighted","13404","RB",105.962974051896,16.0510396897806,5.86497005988024,88.2702840910804,117.59708691832,-8.71047904191617,-13.5221222987619,-8.77470426436908,115,118,113,40,10,140.39,47.93,5.62,132.646,20.9684883575331,-17.646,"Austin","Ekeler","WAS","RB",30,3
"weighted","16169","RB",100.098003992016,21.6207282456483,1.09520958083831,79.5410815592863,121.22786774256,-14.5754491017964,-22.251324830556,-5.14392344012815,127,141,103,41,10,111.73,39.22,2.87,119.098333333333,18.3667602084732,7.90166666666669,"Zach","Charbonnet","SEA","RB",24,-3
"weighted","16165","RB",99.0027944111777,12.384509149067,1.17890399458595,89.4940689966059,112.529643494569,-15.6706586826347,-12.2983373932364,-13.8421476881193,128,115,126,42,10,115.38,40.1,3.47,132.7,15.4940336904242,-4.69999999999999,"Tyjae","Spears","TEN","RB",24,-3
"weighted","16164","RB",97.8238904165917,29.1323367912728,1.38915987766956,67.3998979836818,123.586029470059,-16.8495626772207,-34.3925084061604,-2.78576171262998,131,156,97,43,10,108.08,37.87,6.37,119.19,9.92313256990956,11.81,"Tank","Bigsby","JAC","RB",24,-3
"weighted","15721","RB",96.4347305389222,10.2256315121859,5.91706586826346,85.6172776719671,105.09171059383,-18.2387225548902,-16.1751287178751,-21.280080588859,139,124,147,44,11,125.52,43.13,5.01,109.08,33.2341733762102,29.92,"Rachaad","White","TBB","RB",26,-2
"weighted","16594","RB",90.5176646706587,6.19632943968232,1.37385229540918,85.229359859778,97.0499872048212,-24.1557884231537,-16.5630465300642,-29.3218039778674,147,126,166,45,11,138.92,47.52,5.96,139.1225,5.8169982594118,7.8775,"Trey","Benson","ARI","RB",23,-4
"weighted","16603","RB",89.1438123752495,20.6776924865503,1.29780439121757,66.1015478141202,101.042062073636,-25.5296407185629,-35.6908585757221,-25.3297291090525,152,160,155,46,11,130.91,45.02,4.99,140.13,12.0413807347829,11.87,"Ray","Davis","BUF","RB",26,-4
"weighted","15712","RB",87.8460079840319,8.57247458734285,1.86017964071856,82.168563808034,97.3695223173547,-26.8274451097804,-19.6238425818082,-29.0022688653339,154,136,165,47,11,139.42,47.47,4.22,158.054,10.7249775757341,-4.054,"Tyler","Allgeier","ATL","RB",25,-2
"weighted","13610","RB",85.9858283433134,15.307069497387,1.58502994011977,73.3458281252316,102.007792951838,-28.687624750499,-28.4465782646107,-24.3639982308505,155,147,151,48,11,146.5,50.05,10.05,137.336,14.862261739049,17.664,"Nick","Chubb","HOU","RB",30,2
"weighted","16175","RB",84.4007984031936,18.0148027191756,0.906087824351289,66.6887095040025,101.48700101791,-30.2726546906188,-35.1036968858397,-24.8847901647787,160,158,153,49,11,163.72,55.48,5.35,161.94,21.1150388743821,-1.94,"Roschon","Johnson","CHI","RB",24,-3
"weighted","15713","RB",83.4947105788423,13.8841053906091,0.535728542914171,71.8798496013716,97.9704010435512,-31.1787425149701,-29.9125567884706,-28.4013901391374,161,151,163,50,11,151.58,50.8,7.99,137.136,23.2672728096784,23.864,"Jerome","Ford","CLE","RB",26,-2
"weighted","16688","RB",82.9589820359282,15.0926499527376,4.62295409181638,73.9983765914178,99.2866833088065,-31.7144710578842,-27.7940297984244,-27.0851078738822,163,146,160,51,11,140.86,47.32,5.07,139.082,12.2775916205093,23.918,"Isaac","Guerendo","SFO","RB",25,-4
"weighted","17047","RB",78.3360279441118,7.15672047688516,3.02594810379242,70.3676547334427,82.8562245921383,-36.3374251497006,-31.4247516563995,-43.5155665905503,171,155,190,52,11,166.79,55.51,9.46,155.383333333333,12.0921857228359,15.6166666666667,"Dylan","Sampson","CLE","RB",21,-5
"weighted","17069","RB",75.3100798403194,36.797221649747,0.309980039920148,34.4431740509735,99.798371173593,-39.363373253493,-67.3492323388687,-26.5734200090956,174,238,158,53,11,154.48,52.24,9.32,135.856,14.2598661985308,38.144,"Jaydon","Blue","DAL","RB",21,-5
"weighted","17052","RB",75.0000998003992,38.5980925471616,0.359481037924155,35.0676051757081,109.198723584796,-39.6733532934132,-66.7248012141341,-17.1730675978929,176,235,134,54,11,157.33,53.39,11.26,142.4775,6.32167056639303,33.5225,"Bhayshul","Tuten","JAC","RB",22,-5
"weighted","14823","RB",74.6406187624751,9.45819581332848,0.716766467065867,64.2457211489412,81.5812408683177,-40.0328343313373,-37.546685240901,-44.7905503143709,179,163,192,55,11,149.14,50.77,6.83,153.165,20.2381996481901,25.835,"Rico","Dowdle","CAR","RB",27,0
"weighted","16610","RB",73.9238522954092,1.72847202346172,3.74173898827267,72.6250682970998,75.819076525809,-40.7496007984032,-29.1673380927424,-50.5527146568796,182,149,201,56,12,152.59,51.75,5.9,167.016666666667,9.68938365199539,14.9833333333333,"Jaylen","Wright","MIA","RB",22,-4
"weighted","16604","RB",70.1821133071365,31.7954665066054,3.30277198977124,43.7083647456598,103.38082132439,-44.4913397866759,-58.0840416441824,-22.9909698582984,190,204,148,57,12,180.08,58.78,5.78,167.356666666667,30.8912677341384,22.6433333333333,"MarShawn","Lloyd","GBP","RB",24,-4
"weighted","14079","RB",66.8793413173653,7.2301931658386,0.890618762475057,58.8983292430647,72.0199387278751,-47.7941117764471,-42.8940771467775,-54.3518524548135,197,172,207,58,12,217.5,65.95,9.46,189.663333333333,19.8139552392303,7.33666666666667,"Miles","Sanders","DAL","RB",28,1
"weighted","16596","RB",65.9887225548902,14.4818675830237,0.349230571115839,52.2285763219862,80.1491080811879,-48.6847305389222,-49.5638300678561,-46.2226831015007,200,192,194,59,12,152.23,52.23,5.14,163.516666666667,20.1990632346046,36.4833333333333,"Braelon","Allen","NYJ","RB",21,-4
"weighted","16171","RB",65.6394919837744,45.3687081212433,2.48400296181829,24.0377659927436,111.081462115867,-49.033961110038,-77.7546403970987,-15.2903290668211,201,257,130,60,12,201.52,63.42,6.32,173.896666666667,41.8551170374928,27.1033333333333,"Kendre","Miller","NOS","RB",23,-3
"weighted","14086","RB",63.1554890219561,7.30985245880641,2.96097804391216,55.2259279436767,68.8837889264591,-51.5179640718563,-46.5664784461655,-57.4880022562295,207,183,212,61,12,230.03,70.04,10.16,188.71,26.21,18.29,"Justice","Hill","BAL","RB",28,1
"weighted","13138","RB",60.1945109780439,10.2763305473399,1.19866035563729,50.7278878188165,70.4589427688843,-54.4789421157685,-51.0645185710257,-55.9128484138044,209,194,211,62,12,203.06,64.15,8.21,144.585,31.9614944112443,64.415,"Kareem","Hunt","KCC","RB",30,3
"weighted","17058","RB",58.9958506224066,NA,2.30353525314516,NA,NA,-55.6776024714057,NA,NA,213,NA,NA,63,12,247.84,76.6,13.36,193.43,7.99,19.57,"Tahj","Brooks","CIN","RB",23,-5
"weighted","14095","RB",56.6923153692615,24.8495619202892,0.415897826987539,40.7094912008731,83.5608394348796,-57.9811377245509,-61.0829151889691,-42.8109517478091,222,216,189,64,13,275.42,81.22,8.04,157,NA,65,"Ty","Johnson","BUF","RB",28,1
"weighted","12447","RB",56.2764175422739,35.479931478102,5.98400824811579,29.0329414834664,94.0331882839023,-58.3970355515384,-72.7594649063759,-32.3386028987863,225,251,170,65,13,247.97,74.35,8.1,194.393333333333,27.9563103590028,30.6066666666667,"Raheem","Mostert","LVR","RB",33,5
"weighted","15263","RB",50.2924092941581,14.2928165986993,1.20777855563519,39.7348432121993,65.5921226386925,-64.3810437996542,-62.0575631776429,-60.7796685439961,245,219,224,66,13,244.05,72.78,7.86,190.436666666667,28.5011348701923,54.5633333333334,"Elijah","Mitchell","KCC","RB",27,-1
"weighted","13133","RB",49.084630738523,50.9172914184209,1.68463073852296,9.08097964873975,103.034254716101,-65.5888223552894,-92.7114267411025,-23.3375364665872,249,287,149,67,13,303.29,93.29,16.29,152.5,NA,96.5,"Samaje","Perine","CIN","RB",30,3
"weighted","14798","RB",47.4,NA,0.410079840319362,NA,NA,-67.2734530938124,NA,NA,256,NA,NA,68,13,293.42,87.1,9.01,148.755,32.755,107.245,"Zack","Moss","FA","RB",28,0
"weighted","16593","RB",46.9899201596806,7.28904331233161,1.33284356404447,41.5950266451615,54.7904168165529,-67.6835329341317,-60.1973797446807,-71.5813743661357,261,209,251,69,13,175.73,57.72,6.76,200.255,16.055,60.745,"Blake","Corum","LAR","RB",25,-4
"weighted","17064","RB",45.6570765956362,23.2618494753847,0.557076595636161,21.4058011413074,65.9790525650267,-69.0163764981762,-80.3866052485348,-60.3927386176619,271,263,223,70,13,237.54,72.33,12.15,174.39,16.0398898583085,96.61,"Jarquez","Hunter","LAR","RB",23,-5
"weighted","16595","RB",45.1,NA,2.26027944111776,NA,NA,-69.5734530938124,NA,NA,276,NA,NA,71,13,241.05,73.54,11.92,NA,NA,NA,"Audric","Estime","DEN","RB",22,-4
"weighted","16601","RB",42.8397205588822,12.78148338812,2.48972055888224,30.4847090571119,55.156020402059,-71.8337325349301,-71.3076973327304,-71.2157707806296,291,246,250,72,13,224.15,68.25,11.19,193.65,10.1560326899828,97.35,"Will","Shipley","PHI","RB",23,-4
"weighted","17066","RB",40.35,26.3750829382582,0.256771466554561,22.2032336126657,58.4967663873343,-74.3234530938124,-79.5891727771765,-67.8750247953544,299,260,243,73,13,230.56,70.84,8.96,189,22.27,110,"Kyle","Monangai","CHI","RB",23,-5
"weighted","16166","RB",40.0932285334454,9.29542215825206,1.20933192594488,32.4805609483996,50.0895722163204,-74.5802245603669,-69.3118454414426,-76.2822189663682,300,241,263,74,14,269.62,79.91,8.05,188.7,NA,111.3,"Sean","Tucker","TBB","RB",24,-3
"weighted","15271","RB",38.8838966075006,31.9363459600965,0.283896607500559,6.81057910824876,68.4520688554736,-75.7895564863118,-94.9818272815935,-57.9197223272151,302,295,214,75,14,270.22,80.42,5.71,NA,NA,NA,"Khalil","Herbert","IND","RB",27,-1
"weighted","17053","RB",38.6,1.97989898732233,0.686626746506988,37.2377762497443,39.9622237502557,-76.0734530938124,-64.5546301400979,-86.409567432433,303,227,285,76,14,249.93,77.9,16.5,189.355,14.645,113.645,"Woody","Marks","HOU","RB",25,-5
"weighted","14852","RB",37.913373253493,32.1194528705585,0.291916167664667,6.53070471753472,68.5685294997007,-76.7600798403194,-95.2617016723075,-57.8032616829879,305,297,213,77,14,257.56,76.44,8.3,192.09,NA,112.91,"Antonio","Gibson","NEP","RB",27,0
"weighted","16178","RB",37.6214570858283,13.1686543064906,2.24815865650897,24.2709287288822,49.662783577569,-77.051996007984,-77.52147766096,-76.7090076051196,307,256,266,78,14,242.51,72.46,6.41,224.75,NA,82.25,"Keaton","Mitchell","BAL","RB",23,-3
"weighted","15717","RB",35.3732984293194,NA,0.379687730953854,NA,NA,-79.300154664493,NA,NA,310,NA,NA,79,14,303.55,92.54,9.1,NA,NA,NA,"Dameon","Pierce","HOU","RB",25,-2
"weighted","12155","RB",34.9936106983655,5.939696961967,0.902991935890476,30.8222556705854,38.9949626328861,-79.6798423954469,-70.9701507192568,-87.3768285498026,312,245,287,80,14,332.6,104.09,9.17,NA,NA,NA,"Ameer","Abdullah","SFO","RB",32,5
"weighted","17046","RB",34.090618762475,19.2588091682777,0.13387017859133,21.6416938737617,55.5175387237079,-80.5828343313373,-80.1507125160806,-70.8542524589807,315,262,248,81,14,224.23,69.05,9.08,201.395,12.225,113.605,"Devin","Neal","NOS","RB",22,-5
"weighted","17056","RB",33.9567485838837,31.070422701998,0.932355272630701,9.74264971055588,66.9308003669991,-80.7167045099287,-92.0497566792864,-59.4409908156895,316,285,220,82,14,265.92,78.45,8.41,142.52,85.195794888402,173.48,"Trevor","Etienne","CAR","RB",21,-5
"weighted","15730","RB",33.024393311253,2.6388982174606,2.98029262373915,31.2466661721328,34.8776497008785,-81.6490597825594,-70.5457402177095,-91.4941414818101,318,243,295,83,14,331.25,113.14,11.15,NA,NA,NA,"Tyler","Goodson","IND","RB",25,-2
"weighted","14080","RB",30.0441006875139,21.9602915299692,0.151186515857177,5.61592699139643,44.245479641787,-84.6293524062985,-96.1764793984458,-82.1263115409016,322,301,281,84,14,252.91,75.1,6.19,231.44,NA,90.56,"Devin","Singletary","NYG","RB",28,1
"weighted","15255","RB",29.8929141716567,7.53723533006935,0.592914171656684,24.0194697711161,37.8920867066778,-84.7805389221557,-77.7729366187261,-88.4797044760108,323,258,289,85,14,261.79,77.23,7.73,NA,NA,NA,"Kenneth","Gainwell","PIT","RB",26,-1
"weighted","16174","RB",29.3,NA,0.400000000000006,NA,NA,-85.3734530938124,NA,NA,324,NA,NA,86,14,314.71,94.59,8.25,NA,NA,NA,"Chris","Rodriguez","WAS","RB",25,-3
"weighted","13143","RB",28.9,NA,0.495708582834329,NA,NA,-85.7734530938124,NA,NA,325,NA,NA,87,14,346.4,106.73,7.35,NA,NA,NA,"Jeremy","McNichols","WAS","RB",30,3
"weighted","17055","RB",28.4042914171657,14.3159050590518,0.500305529292291,16.8643219889245,43.8682097407388,-86.2691616766467,-84.9280844009178,-82.5035814419498,327,273,282,88,14,260.14,78.21,10.56,215.25,NA,111.75,"Jordan","James","SFO","RB",21,-5
"weighted","16752","RB",27.9039858878734,17.9652446818639,1.03033729464887,11.2076987991823,46.1337797413437,-86.769467205939,-90.58470759066,-80.238011441345,329,281,275,89,14,281.61,83.28,7.36,NA,NA,NA,"Isaiah","Davis","NYJ","RB",23,-4
"weighted","14805","RB",26.8736485932245,18.0721154169941,0.307151131295576,7.39177478101119,41.5500288267711,-87.7998045005879,-94.400631608831,-84.8217623559176,332,293,284,90,14,288.89,86.78,13.73,191.23,NA,140.77,"AJ","Dillon","PHI","RB",27,0
"weighted","15723","RB",26.5664974619289,NA,0.0647627051428117,NA,NA,-88.1069556318835,NA,NA,333,NA,NA,91,14,311.7,94.29,5.96,143,NA,190,"Ty","Chandler","MIN","RB",27,-2
"weighted","17256","RB",26.5017347567861,11.0230089122284,0.191405191701048,16.4916652722056,37.8519467876378,-88.1717183370263,-85.3007411176366,-88.5198443950508,334,274,291,92,14,256.83,78.56,16.04,166.175,33.175,167.825,"Jacory","Croskey-Merritt","WAS","RB",24,-5
"weighted","17060","RB",26.3103295650851,17.5084639799085,0.410329565085075,10.4592358812637,44.3702369571272,-88.3631235287273,-91.3331705085786,-82.0015542255614,335,282,280,93,14,219.82,68.79,11.37,187.78,4.59999999999999,147.22,"DJ","Giddens","IND","RB",22,-5
"weighted","17054","RB",25.9,NA,0.0191679049034228,NA,NA,-88.7734530938124,NA,NA,337,NA,NA,94,14,286.46,87.14,9.46,NA,NA,NA,"Damien","Martinez","SEA","RB",21,-5
"weighted","16385","RB",25.8808320950966,17.819090885901,0.280832095096574,13.3667670117563,37.8848878986582,-88.7926209987158,-88.425639378086,-88.4869032840304,338,277,290,95,14,335.11,101,11,NA,NA,NA,"Emari","Demercado","ARI","RB",26,-3
"weighted","17050","RB",25.6,NA,0.100000000000005,NA,NA,-89.0734530938124,NA,NA,339,NA,NA,96,14,335.33,101.17,4.65,NA,NA,NA,"Kalel","Mullings","TEN","RB",23,-5
"weighted","14803","RB",25.5,NA,0.399999999999999,NA,NA,-89.1734530938124,NA,NA,340,NA,NA,97,14,362.57,110.25,3.86,NA,NA,NA,"Clyde","Edwards-Helaire","NOS","RB",26,0
"weighted","17272","RB",25.1,NA,0.163203352594593,NA,NA,-89.5734530938124,NA,NA,341,NA,NA,98,14,NA,NA,NA,NA,NA,NA,"Amar","Johnson","GBP","RB",22,-5
"weighted","16432","RB",24.9367966474054,20.4797452612653,0.986796647405406,5.32936823864781,45.2486468666073,-89.736656446407,-96.4630381511944,-81.1231443160814,342,303,278,99,14,301.29,90.72,10.08,NA,NA,NA,"Emanuel","Wilson","GBP","RB",26,-3
"weighted","17049","RB",23.95,21.4253354699524,0.750000000000004,9.20879298830488,38.6912070116951,-90.7234530938124,-92.5836134015374,-87.6805841709935,344,286,288,100,14,248.35,78.35,16.41,189.943333333333,3.95722405509497,154.056666666667,"Brashard","Smith","KCC","RB",22,-5
"weighted","15720","RB",23.2,NA,0.0644873699851409,NA,NA,-91.4734530938124,NA,NA,345,NA,NA,101,14,363.5,117.17,5.64,NA,NA,NA,"Hassan","Haskins","LAC","RB",26,-2
"weighted","17059","RB",23.1355126300149,0.919238815542512,0.735512630014856,22.5162557830057,23.7810794795523,-91.5379404637975,-79.2761506068365,-102.590711703136,347,259,307,102,14,252.72,75.51,7.56,204.105,9.065,142.895,"Ollie","Gordon","MIA","RB",21,-5
"weighted","16757","RB",22.4,NA,0.199999999999999,NA,NA,-92.2734530938124,NA,NA,349,NA,NA,103,15,289.33,87.04,12.11,NA,NA,NA,"Kimani","Vidal","LAC","RB",24,-4
"weighted","16612","RB",22.2,NA,3.5527136788005e-15,NA,NA,-92.4734530938124,NA,NA,350,NA,NA,104,15,346.5,125.4,9.33,NA,NA,NA,"Carson","Steele","KCC","RB",23,-4
"weighted","16168","RB",22.2,NA,2.275,NA,NA,-92.4734530938124,NA,NA,350,NA,NA,105,15,NA,135,13.19,177.2,NA,172.8,"Israel","Abanikanda","GBP","RB",23,-3
"weighted","16390","RB",19.925,19.3393704654521,1.025,6.61899301089566,33.2310069891043,-94.7484530938124,-95.1734133789466,-93.1407841935843,352,296,297,106,15,238.63,72.66,11.13,146.67,NA,205.33,"Jaleel","McLaughlin","DEN","RB",25,-3
"weighted","15743","RB",18.9,NA,0.534918276374444,NA,NA,-95.7734530938124,NA,NA,355,NA,NA,107,15,284.76,84.96,10.59,NA,NA,NA,"Sincere","McCormick","LVR","RB",25,-2
"weighted","16387","RB",18.3650817236256,13.6471608769004,0.398697542834597,8.7808969574165,27.5586641446073,-96.3083713701868,-93.0115094324257,-98.8131270380813,356,288,304,108,15,309.48,93,4.66,NA,NA,NA,"Chris","Brooks","GBP","RB",25,-3
"weighted","14223","RB",17.966384180791,18.7615004321265,2.75075918079096,5.05796731572714,30.8748010458548,-96.7070689130214,-96.7344390741151,-95.4969901368338,358,304,300,109,15,283.4,84.06,7.25,NA,NA,NA,"Alexander","Mattison","MIA","RB",27,1
"weighted","13148","RB",15.215625,7.8002716799641,9.415625,9.8488283053544,20.5824216946456,-99.4578280938124,-91.9435780844878,-105.789369488043,361,284,309,110,15,350,130.2,10.34,NA,NA,NA,"Dare","Ogunbowale","HOU","RB",31,3
"weighted","15733","RB",5.8,NA,0.100000000000001,NA,NA,-108.873453093812,NA,NA,381,NA,NA,111,15,351.8,113,7.35,NA,NA,NA,"Pierre","Strong Jr.","CLE","RB",27,-2
"weighted","16391","RB",5.7,NA,0.3,NA,NA,-108.973453093812,NA,NA,382,NA,NA,112,15,NA,124,10.23,NA,NA,NA,"Hunter","Luepke","DAL","RB",25,-3
"weighted","15729","RB",5.4,NA,0,NA,NA,-109.273453093812,NA,NA,383,NA,NA,113,15,NA,NA,NA,NA,NA,NA,NA,NA,NA,NA,NA,NA
"weighted","15281","WR",231.193213572854,15.99641614238,31.8565069860279,214.882012312864,245.700095126945,108.254471057884,99.7723430895436,111.358516812665,7,8,9,1,1,2.08,1.03,0.17,3.60666666666667,1.86391761858964,3.39333333333333,"Ja'Marr","Chase","CIN","WR",25,-1
"weighted","14836","WR",199.336706586826,10.2371401738011,4.53950099800403,187.931418449675,205.646779334339,76.3979640718563,72.8217492263544,71.3052010200599,17,19,27,2,1,4.88,2.47,0.64,7.43833333333333,1.96755700185676,9.56166666666667,"Justin","Jefferson","MIN","WR",26,0
"weighted","14832","WR",194.797205588822,3.87902865721568,4.40000000000001,191.576325142862,198.850811793485,71.8584630738523,76.466655919542,64.509233479206,21,16,31,3,1,5.94,3.13,0.99,7.975,4.24547504212819,13.025,"CeeDee","Lamb","DAL","WR",26,0
"weighted","16211","WR",190.397205588822,12.4792153649923,4.08423153692613,176.773568377288,200.002719131537,67.4584630738523,61.6638991539676,65.6611408172575,25,24,30,4,2,9.92,5.52,1.76,15.3533333333333,4.81830421990513,9.64666666666667,"Puka","Nacua","LAR","WR",24,-3
"weighted","16618","WR",186.312974051896,20.1900430107226,0.483832335329339,173.892610736857,208.157755265813,63.3742315369262,58.7829415135371,73.8161769515332,28,26,24,5,2,10.63,6.27,1.3,33.7083333333333,35.039847515206,-5.70833333333334,"Brian","Thomas Jr.","JAC","WR",23,-4
"weighted","16615","WR",185.829141716567,20.7326233647141,0.789001996007983,163.587306368109,202.72510634286,62.8903992015968,48.4776371447885,68.383528028581,29,33,28,6,2,10.73,6.02,1.86,21.1433333333333,15.6471964119952,7.85666666666667,"Malik","Nabers","NYG","WR",22,-4
"weighted","15290","WR",185.040139720559,8.66576433923098,11.1263007318696,178.707265194372,194.328799518128,62.1013972055888,63.5975959710515,59.9872212038482,30,23,33,7,3,9.34,5.31,1.62,20.01,6.24204827493882,9.99,"Nico","Collins","HOU","WR",26,-1
"weighted","15287","WR",173.913838988689,10.7080809948879,1.66583499667328,167.347743125327,185.499664761702,50.9750964737192,52.2380739020067,51.1580864474228,35,32,40,8,3,13.97,7.63,1.99,14.9033333333333,5.4130110741517,20.0966666666667,"Amon-Ra","St. Brown","DET","WR",26,-1
"weighted","14104","WR",172.248003992016,10.7762606003679,3.09688622754493,160.252746818346,179.126431806173,49.3092614770459,45.1430775950256,44.7848534918938,38,36,45,9,3,17.41,9.19,1.43,23.0783333333333,7.85198364887639,14.9216666666667,"A.J.","Brown","PHI","WR",28,1
"weighted","16627","WR",169.151117764471,20.1064198839734,2.89822355289422,151.565695758887,189.77455027782,46.212375249501,36.4560265355665,55.4329719635411,40,45,38,10,3,23.2,11.59,1.79,43.4566666666667,35.8506520938679,-3.45666666666667,"Ladd","McConkey","LAC","WR",24,-4
"weighted","14835","WR",166.252894211577,15.0588488344978,0.0263473053892085,151.214997899145,180.292054937972,43.3141516966068,36.105328675825,45.9504766236927,42,46,42,11,3,27.52,13.25,2.42,42.02,14.1167075953755,-0.019999999999996,"Tee","Higgins","CIN","WR",26,0
"weighted","11675","WR",166.226546906188,28.3986417197036,1.02335329341315,136.876376323578,191.433372354373,43.2878043912176,21.7667071002572,57.0917940400939,43,61,35,12,3,33.34,15.58,3.28,40.4,12.4490192384782,2.6,"Davante","Adams","LAR","WR",33,6
"weighted","15751","WR",165.203193612774,5.6178200106076,1.08153692614772,159.144976832665,169.703876917909,42.2644510978044,44.0353076093445,35.3622986036294,44,37,52,13,4,19.23,9.98,2.11,25.1066666666667,3.37425382697996,18.8933333333333,"Drake","London","ATL","WR",24,-2
"weighted","11671","WR",164.121656686627,14.8597694557908,0.858383233532948,155.344729070969,180.196473746815,41.1829141716567,40.2350598476488,45.8548954325359,45,42,43,14,4,30.05,14.25,2.97,38.685,11.7696470493667,6.315,"Mike","Evans","TBB","WR",32,6
"weighted","14109","WR",163.263273453094,11.5092788866915,0.9598257838677,155.498050177531,175.683945537349,40.3245309381237,40.3883809542109,41.3423672230692,46,40,48,15,4,39.02,18.17,3.67,48.985,16.4553615882484,-2.98500000000001,"Terry","McLaurin","WAS","WR",30,1
"weighted","12801","WR",162.303447669226,6.45379787344334,5.04616224008439,155.349444163285,167.488545890549,39.364705154256,40.239774939965,33.1469675762693,47,41,55,16,4,31.58,14.72,2.47,32.1833333333333,14.6930081633711,14.8166666666667,"Tyreek","Hill","MIA","WR",31,4
"weighted","16620","WR",157.257285429142,16.6535978260146,2.79924151696608,138.979733096771,169.583930356558,34.3185429141717,23.8700638734502,35.2423520422786,51,59,53,17,4,54.72,25.13,5.22,67.83,19.3967969864443,-16.83,"Xavier","Worthy","KCC","WR",22,-4
"weighted","16614","WR",154.458043912176,2.83279127211081,3.17710578842315,151.874386551635,157.30427019067,31.5193013972056,36.7647173283146,22.9626918763908,54,44,62,18,5,39.98,18.63,3.92,37.4666666666667,9.43070811527722,16.5333333333333,"Marvin","Harrison Jr.","ARI","WR",23,-4
"weighted","14102","WR",151.280938123752,10.6320051232126,5.59476223154431,139.518723834554,158.691767324499,28.3421956087824,24.4090546112341,24.3501890102195,58,58,61,19,5,46.14,21.39,4.61,51.3983333333333,10.0507087920316,6.60166666666667,"DK","Metcalf","PIT","WR",28,1
"weighted","13635","WR",145.686175892208,10.4517577109462,1.36332160079101,135.961085871738,156.059736970543,22.7474333772381,20.8514166484173,21.7181586562639,61,62,64,20,5,49.86,23.31,3.73,52.0666666666667,9.55202887116426,8.93333333333334,"D.J.","Moore","CHI","WR",28,2
"weighted","16185","WR",144.322854291417,13.3580112701484,0.979740518962103,129.715408450238,154.413208830691,21.3841117764471,14.6057392269178,20.0716305164118,62,70,65,21,5,35.56,16.38,2.97,53.4516666666667,25.9746070978733,8.54833333333334,"Jaxon","Smith-Njigba","SEA","WR",23,-3
"weighted","15756","WR",143.343113772455,5.88605170889316,0.724318030605446,139.635401302262,149.897263948018,20.404371257485,24.5257320789414,15.5556856337385,64,57,73,22,5,48.05,22.47,5.31,73.46,23.1039354512025,-9.45999999999999,"Jameson","Williams","DET","WR",24,-2
"weighted","13629","WR",142.61879574185,10.8509009917411,0.560133067198933,133.402591617048,154.147513748967,19.6800532268796,18.2929223937274,19.8059354346879,65,66,66,23,5,61.3,27.72,4.37,74.6483333333333,12.4598761586498,-9.64833333333333,"Calvin","Ridley","TEN","WR",31,2
"weighted","13630","WR",142.058662674651,9.50333809800095,0.355768463073844,134.712484484517,152.424711934632,19.1199201596806,19.6028152611967,18.0831336203524,68,65,69,24,5,51.05,23.83,3.83,68.48,24.351396948293,-0.480000000000004,"Courtland","Sutton","DEN","WR",30,2
"weighted","15762","WR",141.702894211577,6.07159877635879,1.12349433364676,136.99823224569,148.322443238386,18.7641516966068,21.8885630223693,13.9808649241067,69,60,76,25,6,62.28,28.14,4.13,71.2616666666667,7.48213297722574,-2.26166666666667,"George","Pickens","DAL","WR",24,-2
"weighted","16190","WR",140.57939987793,15.5629948683003,2.65874119529536,124.02867103776,153.764223728478,17.64065736296,8.91900181443967,19.4226454141986,70,76,67,26,6,53.22,24.81,3.67,67.8033333333333,4.68348398334212,2.19666666666667,"Zay","Flowers","BAL","WR",25,-3
"weighted","15753","WR",137.920658682635,5.93576604863018,0.15023952095811,132.826057215486,144.162453786987,14.9819161676647,17.7163879921651,9.82087547270717,73,67,78,27,6,39.27,18.13,2.87,40.4433333333333,15.8256465551613,32.5566666666667,"Garrett","Wilson","NYJ","WR",25,-2
"weighted","15282","WR",137.770419161677,11.5479036649968,5.57756487025944,128.223988795721,149.853756438173,14.8316766467066,13.1143195724006,15.5121781238936,74,73,74,28,6,58.06,26.77,3.62,55.6916666666667,7.13305314870303,18.3083333333333,"DeVonta","Smith","PHI","WR",27,-1
"weighted","14833","WR",132.192854291417,3.1769911493469,1.02269461077844,128.920363951271,135.076088901147,9.25411177644712,13.8106947279503,0.734510586867373,79,72,93,29,6,83.19,35.86,4.48,94.828,22.1118768086293,-15.828,"Jerry","Jeudy","CLE","WR",26,0
"weighted","14136","WR",131.170159680639,9.3822593002532,2.75710699544862,121.913811002084,140.206767221055,8.23141716566867,6.80414177876358,5.86518890677559,81,80,85,30,7,93.48,39.22,5.57,79.9016666666667,27.7670850808811,1.09833333333331,"Deebo","Samuel","WAS","WR",29,1
"weighted","15284","WR",128.41305268519,10.1865436810983,1.50335208638771,118.786998595389,138.463685997341,5.47431017022005,3.67732937206868,4.12210768306161,82,84,88,31,7,65.78,29.48,4.97,80.845,22.4401179067015,1.15499999999999,"Jaylen","Waddle","MIA","WR",27,-1
"weighted","14127","WR",126.909700598802,11.2148421462712,1.14912175648703,115.10966922332,136.522766036324,3.97095808383234,0,2.18118772204446,85,94,91,32,7,96.66,40.42,4.57,104.896666666667,19.6090477982883,-19.8966666666667,"Jakobi","Meyers","LVR","WR",29,1
"weighted","16616","WR",125.760578842315,14.8212875752546,0.939291417165634,112.552059753769,141.042295234337,2.82183632734531,-2.55760946955183,6.70071692005726,86,101,84,33,7,81.38,35.23,4.56,91.5916666666667,10.0326374343384,-5.59166666666668,"Rome","Odunze","CHI","WR",23,-4
"weighted","14860","WR",124.82128742515,5.01990280670759,0.311606786427177,120.414084201526,130.041111326484,1.88254491017967,5.30441497820594,-4.3004669877954,88,81,98,34,7,92.22,38.91,6.44,100.766,20.7013155137542,-12.766,"Jauan","Jennings","SFO","WR",28,0
"weighted","13163","WR",124.509680638723,14.6178621153035,1.5709381237525,112.758346705673,139.919080081167,1.5709381237525,-2.35132251764743,5.57750176688785,89,99,86,35,7,95.5,39.89,6.99,87.175,10.3253680321817,1.825,"Chris","Godwin","TBB","WR",29,3
"weighted","17071","WR",122.93874251497,18.8253756284336,0.0770658682634604,102.638449958114,135.808252271553,0,-12.471219265206,1.4666739572732,94,116,92,36,7,67.06,29.7,7.01,69.568,11.1034398273688,24.432,"Tetairoa","McMillan","CAR","WR",22,-5
"weighted","16184","WR",122.861676646707,9.55471126589555,1.33238234275251,115.822274422618,133.092920625007,-0.0770658682634604,0.712605199297656,-1.24865768927245,95,92,95,37,7,87.81,37.44,5.04,101.248333333333,16.4705964440339,-6.24833333333333,"Jayden","Reed","GBP","WR",25,-3
"weighted","16186","WR",121.529294303954,7.8424379267744,1.39130615469207,115.510164801512,129.875662291728,-1.40944821101597,0.400495578191396,-4.46591602255103,97,93,100,38,7,82.55,35.55,4.94,92.2433333333333,12.7801834450406,4.75666666666667,"Jordan","Addison","MIN","WR",23,-3
"weighted","16080","WR",120.137988149262,2.29378741579966,0.638287550459609,117.68595438085,122.052704861764,-2.80075436570804,2.57628515752998,-12.2888734525153,101,87,122,39,7,130.97,51.83,4.52,153.51,9.7196116177551,-52.51,"Rashid","Shaheed","NOS","WR",27,-2
"weighted","16194","WR",119.499700598802,6.49359452934232,2.21330006653362,113.106359871333,125.612917965407,-3.43904191616765,-2.00330935198774,-8.72866034887281,102,98,112,40,8,66.22,29.53,7.79,59.84,11.6127636676202,42.16,"Rashee","Rice","KCC","WR",25,-3
"weighted","16617","WR",117.286400532269,15.3122914690024,0.475389221556867,102.027001757239,131.863555392697,-5.65234198270127,-13.0826674660811,-2.47802292158272,108,117,96,41,8,126.77,50.36,5.82,124.1,18.0522120528206,-16.1,"Keon","Coleman","BUF","WR",22,-4
"weighted","17075","WR",116.811011310712,15.7297627073682,2.29422089155024,107.36676181073,134.341578314279,-6.12773120425814,-7.74290741258993,0,111,106,94,42,8,121.42,49.32,12.35,105.756,16.0073128288292,5.244,"Matthew","Golden","GBP","WR",22,-5
"weighted","16622","WR",114.516790419162,3.92591401453949,1.80156087824352,112.213479171351,118.89231262041,-8.42195209580838,-2.89619005196926,-15.4492656938689,113,102,131,43,8,96.5,40.25,6.65,111.47,14.2679192596538,1.53,"Ricky","Pearsall","SFO","WR",25,-4
"weighted","14974","WR",112.715229540918,11.8049445251092,1.05870259481037,104.891131158532,125.46609390759,-10.2235129740519,-10.2185380647879,-8.8754844066895,117,111,114,44,8,120.02,48.05,5.05,135.152,11.8788171128274,-18.152,"Darnell","Mooney","ATL","WR",28,0
"weighted","15754","WR",111.656526946108,10.2027720219631,0.495149700598802,101.260330124278,120.712875498947,-11.2822155688623,-13.8493390990419,-13.6287028153319,120,119,125,45,8,79.55,34.28,4.88,90.836,16.2082554274049,29.164,"Chris","Olave","NOS","WR",25,-2
"weighted","13164","WR",111.161377245509,14.5897542543917,0.209849791941537,95.4384861286704,123.023102649341,-11.7773652694611,-19.67118309465,-11.3184756649384,121,137,120,46,8,121.41,48.67,5.69,93.7766666666667,30.2227390478685,27.2233333333333,"Cooper","Kupp","SEA","WR",32,3
"weighted","12186","WR",110.951527453567,5.14340070515921,0.891946615244095,105.517412534918,115.383239698481,-11.9872150614026,-9.59225668840261,-18.9583386157985,122,109,140,47,8,107.41,43.86,4.71,103.71,10.7421617936056,18.29,"Stefon","Diggs","NEP","WR",32,5
"weighted","15761","WR",110.059580838323,11.9958123224039,1.5120758483034,99.8615470955005,122.800333465321,-12.8791616766467,-15.2481221278199,-11.5412448489581,123,121,121,48,8,105.05,43.27,4.47,111.933333333333,13.1000682780239,11.0666666666667,"Khalil","Shakir","BUF","WR",25,-2
"weighted","16189","WR",108.54750499002,6.14701564798706,1.38972055888222,103.04771617017,114.870374445014,-14.3912375249501,-12.0619530531505,-19.4712038692655,125,114,143,49,8,149.56,57.88,5.72,145.264,22.26243526661,-20.264,"Marvin","Mims","DEN","WR",23,-3
"weighted","16188","WR",107.157784431138,23.1999806097976,1.30874251497006,85.2723574551335,129.965958533063,-15.7809580838323,-29.8373117681869,-4.37561978121681,129,150,99,50,9,162.81,61.91,7.51,149.856666666667,35.7081189025067,-20.8566666666667,"Quentin","Johnston","LAC","WR",24,-3
"weighted","15293","WR",105.849041916168,19.469824106485,2.83962075848304,91.3874564619397,126.675090944882,-17.0897005988024,-23.7222127613806,-7.66648736939693,133,143,108,51,9,141.95,55.19,4.9,150.6,21.2411758149119,-17.6,"Rashod","Bateman","BAL","WR",26,-1
"weighted","14842","WR",103.009421157685,4.47547741942244,1.14042914171657,98.1936188265991,106.621555348863,-19.9293213572854,-16.9160503967213,-27.7200229654165,141,127,162,52,9,126.17,50.36,3.76,108.873333333333,29.8282794601961,32.1266666666667,"Michael","Pittman","IND","WR",28,0
"weighted","14840","WR",101.868992015968,29.9135193766062,3.72604457751164,70.8773812567716,128.306654935966,-21.069750499002,-44.2322879665488,-6.03492337831284,143,173,104,53,9,123.95,49.3,8.55,117.628,11.1252818391266,25.372,"Brandon","Aiyuk","SFO","WR",27,0
"weighted","16187","WR",98.1429474384564,5.31818773970034,0.498020625415847,92.2340083185749,101.657910918914,-24.7957950765136,-22.8756609047455,-32.6836673953658,149,142,172,54,9,112.56,45.78,4.09,124.735,11.7308563910171,24.265,"Josh","Downs","IND","WR",24,-3
"weighted","17072","WR",97.6449268130406,7.92103854684837,3.68107074140008,90.2181500069311,105.516302860939,-25.2938157019295,-24.8915192163893,-28.8252754533403,151,145,164,55,10,158.39,60.55,7.41,145.4325,10.3389442763756,5.5675,"Tre","Harris","LAC","WR",23,-5
"weighted","17081","WR",93.9638560716405,4.28992603307096,0.191850083616544,90.4769250152106,98.5699108788762,-28.9748864433296,-24.6327442081098,-35.7716674354031,156,144,177,56,10,120.03,48.23,8.62,122.916,20.8730185646446,33.084,"Emeka","Egbuka","TBB","WR",23,-5
"weighted","17083","WR",93.772005988024,22.1458017222973,1.016876247505,69.8875571663192,108.875402401454,-29.1667365269461,-45.2221120570012,-25.4661759128252,158,177,156,57,10,165.23,63.32,13.28,137.15,10.5029360974285,20.85,"Jayden","Higgins","HOU","WR",23,-5
"weighted","14105","WR",92.755129740519,10.6854354417655,1.94824351297405,84.2770861440017,104.309350588582,-30.1836127744511,-30.8325830793187,-30.0322277256973,159,153,167,58,10,162.66,61.66,5.76,148.505,31.562121680901,10.495,"Marquise","Brown","KCC","WR",28,1
"weighted","13633","WR",90.8068862275449,20.7746452425969,0.283526280771795,70.2879798903203,110.416581639965,-32.1318562874251,-44.8216893330001,-23.9249966743146,164,175,150,59,10,148.11,57.22,6.09,158.765,17.0340959548783,5.23500000000001,"Christian","Kirk","HOU","WR",29,2
"weighted","11938","WR",90.5233599467731,6.11397303683977,3.09703925482368,83.7148451238298,94.3638796243453,-32.4153825681969,-31.3948240994905,-39.9776986899341,165,154,185,60,10,177.61,66.55,7.77,164.5875,21.3655860848702,0.412499999999994,"Adam","Thielen","CAR","WR",35,6
"weighted","16191","WR",87.4263206919494,7.81638717764613,2.85231869594146,80.021802305464,95.1203615605533,-35.5124218230206,-35.0878669178564,-39.221216753726,170,157,181,61,10,155.22,59.59,5.14,170.466666666667,13.2811704638141,-0.466666666666669,"Cedric","Tillman","CLE","WR",25,-3
"weighted","15779","WR",84.574001996008,17.5564581623261,1.20347455773384,70.2510292021041,103.012229492122,-38.3647405189621,-44.8586400212163,-31.3293488221571,173,176,169,62,10,165.06,62.36,4.52,166.4825,23.9952040781069,6.51750000000001,"Romeo","Doubs","GBP","WR",25,-2
"weighted","16639","WR",83.3705274382741,15.9791375411197,0.352513466218255,66.3136936414217,96.7661556576082,-39.5682150766959,-48.7959755818987,-37.5754226566712,175,189,179,63,10,189.11,70,6.55,160.995,18.950905651182,14.005,"Xavier","Legette","CAR","WR",24,-4
"weighted","15319","WR",83.0180139720559,13.5025515633798,1.34026946107784,68.90915294396,94.9451594143472,-39.9207285429142,-46.2005162793604,-39.3964188999321,178,182,183,64,11,188.33,70.16,9.21,190.235,0.00500000000000966,-12.235,"Joshua","Palmer","BUF","WR",26,-1
"weighted","16342","WR",81.677744510978,3.11697307344955,0.641317365269472,78.5120636607338,84.5207611919558,-41.260998003992,-36.5976055625866,-49.8208171223235,183,161,200,65,11,196.48,72.27,8.81,179.465,4.535,3.535,"Demario","Douglas","NEP","WR",25,-3
"weighted","15757","WR",81.0364271457086,12.9318524301935,1.30114867642989,69.1476252109743,93.9691960726375,-41.9023153692615,-45.9620440123461,-40.3723822416419,185,181,186,66,11,195.34,71.78,9.17,172.436666666667,11.2246761893409,12.5633333333334,"Wan'Dale","Robinson","NYG","WR",24,-2
"weighted","16206","WR",79.7352784692787,13.0614632580421,0.807933159897445,69.1724678201102,93.48387590377,-43.2034640456914,-45.9372014032102,-40.8577024105093,186,180,187,67,11,206.93,75.48,6.42,191.72,19.72,-5.72,"Michael","Wilson","ARI","WR",25,-3
"weighted","16628","WR",78.9273453093812,12.4066908709675,0.525748502994006,65.7173370215403,89.2597726536831,-44.0113972055888,-49.3923322017801,-45.0818056605962,189,191,193,68,11,169.55,64.03,10.03,170.413333333333,17.2008378348911,18.5866666666667,"Jalen","McMillan","TBB","WR",24,-4
"weighted","17070","WR",78.4015968063872,10.6192021025123,0.411876247504992,67.1401376607104,87.4656445706782,-44.5371457085828,-47.96953156261,-46.8759337436012,191,187,196,69,11,155.61,59.59,6.41,162.64,26.2199364352141,28.36,"Luther","Burden","CHI","WR",22,-5
"weighted","17078","WR",77.9897205588822,4.6749068631319,0.18273453093812,72.9098361645523,81.6274407524553,-44.9490219560878,-42.1998330587681,-52.7141375618241,192,171,204,70,11,204.8,75.49,11.41,159.123333333333,4.96156113424886,32.8766666666667,"Jack","Bech","LVR","WR",23,-5
"weighted","15768","WR",77.8069860279441,27.0619186042812,1.38708250166333,48.716525465197,99.7205905871905,-45.1317564870259,-66.3931437581234,-34.6209877270888,193,233,175,71,11,187.54,69.85,5.32,180.136666666667,16.0214030457871,12.8633333333333,"Alec","Pierce","IND","WR",25,-2
"weighted","17134","WR",76.4199035262808,9.78969547708925,1.11959014175042,69.698198131709,87.2716959314859,-46.5188389886893,-45.4114710916113,-47.0698823827934,194,178,197,72,11,176.97,67,11.9,169.843333333333,8.22461481705307,24.1566666666667,"Kyle","Williams","NEP","WR",23,-5
"weighted","15777","WR",75.3003133845304,30.0045489837067,4.50054957880847,54.1785148765233,107.58490868226,-47.6384291304397,-60.9311543467971,-26.7566696320198,195,214,159,73,12,226.87,82.32,10.74,188.93,47.93,6.06999999999999,"Calvin","Austin III","PIT","WR",26,-2
"weighted","14122","WR",70.7997638057219,6.64914706868176,2.35894544244844,63.6826886497402,75.7138263371695,-52.1389787092482,-51.4269805735802,-58.6277519771098,208,195,217,74,12,220.92,79.97,7.91,223,NA,-15,"Darius","Slayton","NYG","WR",28,1
"weighted","15109","WR",68.4408183632735,14.1266528431415,1.20567720428384,53.1713428164415,79.6648008920364,-54.4979241516966,-61.9383264068789,-54.6767774222429,210,218,208,75,12,249.27,89.18,7.81,NA,NA,NA,"Nick","Westbrook-Ikhine","MIA","WR",28,0
"weighted","13168","WR",67.2351411589896,8.87419010389117,1.09107928274209,61.2569308282476,73.4673442064468,-55.7036013559805,-53.8527383950728,-60.8742341078325,214,198,225,76,12,284.56,103.82,16.02,240.4,NA,-26.4,"Josh","Reynolds","NYJ","WR",30,3
"weighted","11232","WR",66.1440618762475,15.220341503294,1.00633732534932,56.3715686222944,82.6017462588952,-56.7946806387225,-58.738100601026,-51.7398320553842,218,205,202,77,12,187.94,69.83,8.71,167.896,35.1789406321452,50.104,"DeAndre","Hopkins","BAL","WR",33,7
"weighted","12187","WR",65.1377245508982,15.3228033934658,0.584191616766461,48.0599995194434,74.1462859172884,-57.8010179640719,-67.049669703877,-60.1952923969909,221,237,222,78,12,241.32,87.32,11.21,220,NA,1,"Tyler","Lockett","TEN","WR",33,5
"weighted","15292","WR",64.5535329341317,9.87694192100543,0.210046573519634,54.0136067394654,72.0107731818648,-58.3852095808383,-61.0960624838549,-62.3308051324145,224,217,231,79,12,255.19,91.7,11.46,224.235,26.435,-0.235000000000014,"Dyami","Brown","JAC","WR",26,-1
"weighted","11674","WR",64.3434863606121,11.3490028882459,0.708679736237087,51.9668608149983,73.0334332907878,-58.595256154358,-63.1428084083221,-61.3081450234915,226,223,227,80,12,257.02,91.98,11.73,NA,NA,NA,"Brandin","Cooks","NOS","WR",32,6
"weighted","15301","WR",63.634806624375,9.72700332346795,0.0773066243750193,54.1304952576081,72.917951549568,-59.303935890595,-60.9791739657122,-61.4236267647114,228,215,228,81,12,263.73,96.57,15.93,NA,NA,NA,"Tutu","Atwell","LAR","WR",26,-1
"weighted","14208","WR",63.5575,1.61573899501126,1.58444610778443,62.445828118095,64.6691718819051,-59.3812425149701,-52.6638411052254,-69.6724064323743,229,196,245,82,12,244.27,88.14,12.58,221.11,NA,7.88999999999999,"Diontae","Johnson","CLE","WR",29,1
"weighted","15788","WR",61.9730538922156,27.84489885653,1.27305389221556,42.0639628032455,91.8907293185863,-60.9656886227545,-73.0457064200749,-42.4508489956931,233,252,188,83,12,248.45,89.27,8.18,188.4,34.4,44.6,"Jalen","Tolbert","DAL","WR",26,-2
"weighted","16193","WR",60.7,0,1.0496319977747,60.7,60.7,-62.23874251497,-54.4096692233204,-73.6415783142793,236,199,258,84,13,255.37,91.46,11.17,NA,NA,NA,"Kayshon","Boutte","NEP","WR",23,-3
"weighted","13641","WR",59.6503680022253,16.3467134133042,0.22648244001639,43.559901167719,75.1361032451608,-63.2883745127448,-71.5497680556014,-59.2054750691186,239,247,219,85,13,279.19,102.04,18,216.85,10.15,22.15,"Ray-Ray","McCloud","ATL","WR",29,2
"weighted","13793","WR",59.4238855622089,14.7149030432471,0.00729540918164417,43.2725884241656,70.3094835902054,-63.5148569527611,-71.8370807991548,-64.0320947240739,241,248,234,86,13,284.82,104.21,12.32,NA,NA,NA,"Marquez","Valdes-Scantling","SEA","WR",31,2
"weighted","16809","WR",59.4165901530273,11.5126109813637,0.341852645793217,46.6866654185587,67.4803123843247,-63.5221523619428,-68.4230038047617,-66.8612659299546,242,240,240,87,13,211.62,77.33,9.96,219.88,NA,22.12,"Jalen","Coker","CAR","WR",24,-4
"weighted","16287","WR",59.074737507234,25.8489260386091,0.323340301645239,39.0510181859899,86.5388436498363,-63.864005007736,-76.0586510373304,-47.802734664443,243,253,198,88,13,277.13,99.79,8.3,231.33,NA,11.67,"Tre","Tucker","LVR","WR",24,-3
"weighted","16207","WR",58.7513972055888,13.0750259216387,3.42115768463074,48.3713275571191,72.5743654341016,-64.1873453093812,-66.7383416662013,-61.7672128801778,244,236,229,89,13,220.15,80.1,6.67,223.75,NA,20.25,"Andrei","Iosivas","CIN","WR",26,-3
"weighted","15789","WR",55.3302395209581,36.7316191265484,0.505239520958078,33.2360885735665,95.0717493512239,-67.608502994012,-81.8735806497539,-39.2698289630555,259,269,182,90,13,274.22,98.4,11.04,200.105,33.605,58.895,"Christian","Watson","GBP","WR",26,-2
"weighted","15981","WR",54.825,8.59134739141655,1.54815369261477,48.9139219408549,60.7360780591451,-68.11374251497,-66.1957472824654,-73.6055002551342,264,232,257,91,13,283.76,103.17,17.57,NA,NA,NA,"KaVontae","Turpin","DAL","WR",29,-2
"weighted","13632","WR",53.2768463073852,14.3655214143585,0.850399201596808,42.8245925722104,68.682893143794,-69.6618962075848,-72.28507665111,-65.6586851704853,277,249,238,92,13,325.77,119.8,19.47,NA,NA,NA,"Allen","Lazard","NYJ","WR",30,2
"weighted","16195","WR",52.4264471057884,32.2218984912365,0.176447105788419,16.9349953002152,75.7184642253061,-70.5122954091816,-98.1746739231051,-58.6231140889733,283,310,216,93,13,217.35,78.83,7.28,NA,NA,NA,"Dontayvion","Wicks","GBP","WR",24,-3
"weighted","17082","WR",52.25,11.667261889578,0.22564870259481,44.2226100431363,60.2773899568637,-70.68874251497,-70.887059180184,-74.0641883574156,285,244,259,94,13,235.93,85.75,11.51,195.12,5.68000000000001,89.88,"Pat","Bryant","DEN","WR",23,-5
"weighted","13172","WR",52.0243512974052,9.35189815046742,0.974351297405192,44.9806034459587,62.007683597433,-70.9143912175649,-70.1290657773617,-72.3338947168463,287,242,254,95,13,289.8,105.23,16.52,264.4,NA,22.6,"Noah","Brown","WAS","WR",29,3
"weighted","16633","WR",51.05,18.5969083452062,0.550000000000004,38.2548269172415,63.8451730827585,-71.8887425149701,-76.8548423060789,-70.4964052315209,293,255,246,96,13,294.3,107.31,12.55,NA,NA,NA,"Jordan","Whittington","LAR","WR",25,-4
"weighted","17080","WR",50.5,11.7379725676967,0.298993288590601,42.4239591949129,58.5760408050871,-72.4387425149701,-72.6857100284075,-75.7655375091922,295,250,262,97,13,227.61,83.28,10.46,188.045,10.835,106.955,"Jaylin","Noel","HOU","WR",23,-5
"weighted","16626","WR",50.2010067114094,0.14284506116587,0.351006711409383,50.1027254676829,50.2992879551359,-72.7377358035607,-65.0069437556375,-84.0422903591434,296,229,283,98,13,216.17,78.67,9.22,211,NA,85,"Adonai","Mitchell","IND","WR",23,-4
"weighted","17087","WR",49.85,15.9099025766973,0.0178642714570927,38.9035591497314,60.7964408502687,-73.08874251497,-76.206110073589,-73.5451374640107,297,254,256,99,13,256.19,94.05,17.95,193.105,3.105,103.895,"Dont'e","Thornton","LVR","WR",23,-5
"weighted","12785","WR",49.8321357285429,16.4724859243236,2.54305180488696,35.3847815673334,66.7079847186213,-73.1066067864271,-79.724887655987,-67.633593595658,298,261,241,100,14,300.68,108.81,10.12,NA,NA,NA,"Demarcus","Robinson","SFO","WR",31,4
"weighted","14108","WR",47.289083923656,16.3587204723231,0.676583923655961,31.1408504237249,62.7397899552549,-75.6496585913141,-83.9688187995955,-71.6017883590245,301,270,252,101,14,320.82,118,14.23,NA,NA,NA,"Greg","Dortch","ARI","WR",27,1
"weighted","17073","WR",46.6125,22.8925820409145,0.512499999999996,30.861787887669,62.363212112331,-76.3262425149701,-84.2478813356514,-71.9783662019483,304,271,253,102,14,242.61,87.84,9.86,199.33,NA,104.67,"Elic","Ayomanor","TEN","WR",22,-5
"weighted","15786","WR",46.1,16.5462986797652,0.999999999999993,34.7157015157206,57.4842984842794,-76.83874251497,-80.3939677075998,-76.8572798299999,306,264,267,103,14,282.94,101.4,8.23,NA,NA,NA,"Jalen","Nailor","MIN","WR",26,-2
"weighted","16619","WR",45.1,16.8291413922398,0.900000000000006,33.5210981228269,56.6789018771731,-77.83874251497,-81.5885711004934,-77.6626764371063,308,268,271,104,14,312.13,112.64,12.07,222.17,NA,85.83,"Troy","Franklin","DEN","WR",22,-4
"weighted","16632","WR",44.2,14.2835569799683,0.613675039000498,34.3725286588699,54.0274713411301,-78.73874251497,-80.7371405644505,-80.3141069731493,309,265,276,105,14,292.49,106.36,9.68,242,NA,67,"Jermaine","Burton","CIN","WR",24,-4
"weighted","13157","WR",43.5863249609995,23.7472532452717,0.486358227799236,25.2165291791724,68.8240090328433,-79.3524175539706,-89.893140044148,-65.517569281436,311,280,237,106,14,340.53,122.37,9.8,NA,NA,NA,"Curtis","Samuel","BUF","WR",29,3
"weighted","16788","WR",43.0999667332003,21.5390020474294,0.619128409846972,22.0728198189263,63.6738719042463,-79.8387757817698,-93.0368494043941,-70.6677064100331,313,289,247,107,14,249.95,90.03,7.25,249.2,NA,63.8,"Devaughn","Vele","DEN","WR",28,-4
"weighted","17098","WR",42.4808383233533,40.2545570809283,1.03083832335329,1.95949312582,79.6403509825942,-80.4579041916168,-113.1501760975,-54.7012273316851,314,321,209,108,14,298.72,107.47,9.05,216.56,NA,97.44,"Tory","Horton","SEA","WR",23,-5
"weighted","16629","WR",41.45,22.5567063198509,0.46521739130435,25.9303794167302,56.9696205832698,-81.48874251497,-89.1792898065902,-77.3719577310095,317,279,269,109,14,255.35,91.3,10.41,237.12,NA,79.88,"Roman","Wilson","PIT","WR",24,-4
"weighted","16684","WR",40.9847826086957,9.73655293920781,1.0344111376704,34.2857723337583,47.683792883633,-81.9539599062744,-80.8238968895621,-86.6577854306463,319,266,286,110,14,276.83,98.72,7.64,NA,NA,NA,"Malik","Washington","MIA","WR",24,-4
"weighted","15283","WR",39.9503714710253,31.749094475276,1.487147102526,17.6534856677721,61.3385502638791,-82.9883710439448,-97.4561835555483,-73.0030280504002,320,308,255,111,14,353,154.5,15.41,NA,NA,NA,"Rondale","Moore","MIN","WR",25,-1
"weighted","16751","WR",38.4632243684993,21.4606908090117,2.26322436849925,23.3917213812223,52.9204899890586,-84.4755181464708,-91.7179478420981,-81.4210883252207,321,283,279,112,15,296.5,147.89,13.01,NA,NA,NA,"Bub","Means","NOS","WR",24,-4
"weighted","17171","WR",36.2,13.5764501987817,0.100000000000001,26.8590371411041,45.5409628588959,-86.73874251497,-88.2506320822163,-88.8006154553834,328,276,292,113,15,319.53,115.76,13.1,NA,NA,NA,"Chimere","Dike","TEN","WR",24,-5
"weighted","17086","WR",36.1,28.2842712474619,0.849999999999994,16.6396607106335,55.5603392893665,-86.83874251497,-98.4700085126869,-78.7812390249128,330,311,273,114,15,251.71,91.27,12.04,195.07,NA,134.93,"Jalen","Royals","KCC","WR",22,-5
"weighted","13377","WR",35.25,2.3334523779156,0.750000000000007,33.6445220086273,36.8554779913727,-87.68874251497,-81.4651472146931,-97.4861003229066,331,267,303,115,15,274.39,98.5,8.94,NA,NA,NA,"Tim","Patrick","DET","WR",32,3
"weighted","16192","WR",34.5,6.22253967444162,1.8,30.2187253563394,38.7812746436606,-88.4387425149701,-84.890943866981,-95.5603036706187,336,272,301,116,15,293.44,105.71,8.42,NA,NA,NA,"Parker","Washington","JAC","WR",23,-3
"weighted","17097","WR",32.7,17.6776695296637,1.28829787234042,20.5372879441459,44.8627120558541,-90.23874251497,-94.5723812791744,-89.4788662584253,343,294,293,117,15,313.25,112.93,9.01,NA,NA,NA,"Tai","Felton","MIN","WR",22,-5
"weighted","16636","WR",31.4117021276596,18.1184829060204,0.711702127659581,18.9456986137319,43.8777056415873,-91.5270403873105,-96.1639706095885,-90.463872672692,346,300,294,118,15,357,138.29,10.52,NA,NA,NA,"Malachi","Corley","NYJ","WR",23,-4
"weighted","14858","WR",30.7,13.5764501987817,0.996835443037977,21.3590371411041,40.0409628588959,-92.23874251497,-93.7506320822163,-94.3006154553834,348,292,299,119,15,343.64,124.31,13.34,NA,NA,NA,"Van","Jefferson","TEN","WR",29,0
"weighted","16299","WR",29.703164556962,2.39968769665966,1.75316455696202,28.052114884975,31.3542142289491,-93.235577958008,-87.0575543383454,-102.98736408533,351,275,308,120,15,351.2,142.29,16.71,NA,NA,NA,"Derius","Davis","LAC","WR",25,-3
"weighted","13289","WR",27.95,9.54594154601839,0.671794871794873,21.3821354898388,34.5178645101612,-94.98874251497,-93.7275337334816,-99.8237138041181,353,291,305,121,15,328.44,117.95,8.6,NA,NA,NA,"Mack","Hollins","NEP","WR",32,3
"weighted","17096","WR",27.2782051282051,15.8083692952962,0.77820512820513,16.4016219061547,38.1547883502555,-95.6605373867649,-98.7080473171657,-96.1867899640238,354,312,302,122,15,304.11,111.85,11.06,NA,NA,NA,"Savion","Williams","GBP","WR",24,-5
"weighted","11228","WR",26.5,0.282842712474618,1.025,26.3053966071063,26.6946033928937,-96.4387425149701,-88.804272616214,-107.646974921386,357,278,310,123,15,335.9,130.21,23.08,NA,NA,NA,"Robert","Woods","PIT","WR",33,7
"weighted","17175","WR",25.475,21.814244199605,1.775,10.4662133230761,40.4837866769239,-97.46374251497,-104.643455900244,-93.8577916373554,359,313,298,124,16,356.38,129.89,9.33,NA,NA,NA,"Arian","Smith","NYJ","WR",24,-5
"weighted","17157","WR",23.7,27.5771644662754,0.250000000000004,4.72616919286767,42.6738308071323,-99.23874251497,-110.383500030453,-91.667747507147,360,318,296,125,16,290.1,107.11,12.6,210.605,9.845,149.395,"Isaac","TeSlaa","DET","WR",23,-5
"weighted","13066","WR",23.45,2.61629509039023,1.15,21.6499186157336,25.2500813842664,-99.48874251497,-93.4597506075868,-109.091496930013,362,290,311,126,16,355.8,139.7,9.49,NA,NA,NA,"Kalif","Raymond","DET","WR",31,4
"weighted","17079","WR",22.3,NA,0.819999999999993,NA,NA,-100.63874251497,NA,NA,363,NA,NA,127,16,300.97,111.95,18.75,NA,NA,NA,"Tez","Johnson","TBB","WR",23,-5
"weighted","13418","WR",21.48,17.9322279708909,0.562500000000004,9.14214489054164,33.8178551094584,-101.45874251497,-105.967524332779,-100.523723204821,364,315,306,128,16,356.44,135,9.63,NA,NA,NA,"Kendrick","Bourne","NEP","WR",30,3
"weighted","15755","WR",20.9175,4.21789194977776,0.217499999999998,18.0154769034732,23.8195230965268,-102.02124251497,-97.0941923198472,-110.522055217753,365,306,312,129,16,342.91,123.46,10.62,NA,NA,NA,"Jahan","Dotson","PHI","WR",25,-2
"weighted","13963","WR",20.7,3.39411254969543,0.150000000000006,18.364759285276,23.035240714724,-102.23874251497,-96.7449099380444,-111.306337599555,366,305,313,130,16,352.5,132.55,13.79,NA,NA,NA,"KhaDarel","Hodge","ATL","WR",30,2
"weighted","13156","WR",20.55,1.34350288425444,0.199999999999996,19.6256338837551,21.4743661162449,-102.38874251497,-95.4840353395653,-112.867212198034,367,298,315,131,16,359,135.21,9.59,NA,NA,NA,"JuJu","Smith-Schuster","KCC","WR",29,3
"weighted","16635","WR",20.35,1.76776695296637,0.250000000000004,19.1337287944146,21.5662712055854,-102.58874251497,-95.9759404289058,-112.775307108694,368,299,314,132,16,295.43,106.88,9.24,263,NA,105,"Luke","McCaffrey","WAS","WR",24,-4
"weighted","16204","WR",20.1,NA,0.599999999999998,NA,NA,-102.83874251497,NA,NA,369,NA,NA,133,16,306.53,111.31,14.92,138.855,70.255,230.145,"Tank","Dell","HOU","WR",26,-3
"weighted","13668","WR",19.5,NA,0.0999999999999979,NA,NA,-103.43874251497,NA,NA,370,NA,NA,134,16,NA,147,19.03,NA,NA,NA,"D.J.","Chark","ATL","WR",29,2
"weighted","17077","WR",19.4,NA,0.350000000000001,NA,NA,-103.53874251497,NA,NA,371,NA,NA,135,16,279.23,102.22,18.85,229.2,NA,141.8,"Xavier","Restrepo","TEN","WR",23,-5
"weighted","13176","WR",19.05,0.212132034355965,0.0500000000000007,18.9040474553297,19.1959525446702,-103.88874251497,-96.2056217679906,-115.145625769609,372,302,320,136,16,356.43,134.18,11.54,NA,NA,NA,"Zay","Jones","ARI","WR",30,3
"weighted","17184","WR",19,NA,0.199999999999999,NA,NA,-103.93874251497,NA,NA,373,NA,NA,137,16,323.93,117.56,12.72,NA,NA,NA,"Jaylin","Lane","WAS","WR",23,-5
"weighted","16631","WR",18.8,NA,0.199999999999999,NA,NA,-104.13874251497,NA,NA,374,NA,NA,138,16,344,134.33,14.37,NA,NA,NA,"Ja'Lynn","Polk","NEP","WR",23,-4
"weighted","14118","WR",18.6,NA,0.1175,NA,NA,-104.33874251497,NA,NA,375,NA,NA,139,16,NA,NA,NA,NA,NA,NA,"Lil'Jordan","Humphrey","NYG","WR",27,1
"weighted","16393","WR",18.6,1.13137084989848,0,17.8215864284253,19.3784135715747,-104.33874251497,-97.288082794895,-114.963164742705,375,307,319,139,16,330.67,146,11.29,NA,NA,NA,"Jake","Bobo","SEA","WR",27,-3
"weighted","15288","WR",18.4825,1.53088618126888,1.4825,17.429209135963,19.535790864037,-104.45624251497,-97.6804600873573,-114.805787450242,376,309,318,140,16,264.66,94.45,10.3,NA,NA,NA,"Elijah","Moore","BUF","WR",25,-1
"weighted","16637","WR",17,NA,0.5,NA,NA,-105.93874251497,NA,NA,377,NA,NA,141,16,330,142.25,22.8,NA,NA,NA,"Javon","Baker","NEP","WR",23,-4
"weighted","15759","WR",16.5,NA,0.399999999999999,NA,NA,-106.43874251497,NA,NA,378,NA,NA,142,16,320.24,117.68,16.33,NA,NA,NA,"John","Metchie","HOU","WR",25,-2
"weighted","12658","WR",16.1,NA,3.3,NA,NA,-106.83874251497,NA,NA,379,NA,NA,143,17,NA,154.2,5.64,NA,NA,NA,"Sterling","Shepard","TBB","WR",32,4
"weighted","14592","WR",12.8,8.76812408671319,0.0499999999999989,6.76729482029639,18.8327051797036,-110.13874251497,-108.342374403024,-115.508873134576,384,317,321,144,17,370.43,136.86,8.25,NA,NA,NA,"Olamide","Zaccheaus","CHI","WR",28,1
"weighted","17205","WR",12.75,12.3743686707646,0.449999999999999,4.23610156090216,21.2638984390978,-110.18874251497,-110.873567662418,-113.077679875181,385,320,316,145,17,331.56,128.14,21.01,232.5,NA,152.5,"KeAndre","Lambert-Smith","LAC","WR",24,-5
"weighted","16183","WR",12.3,11.5965512114594,0.35,4.32126089135974,20.2787391086403,-110.63874251497,-110.788408331961,-114.062839205639,386,319,317,146,17,359.8,131.38,9.24,NA,NA,NA,"Jalin","Hyatt","NYG","WR",24,-3
"weighted","13776","WR",11.95,7.28319984622144,3.55,6.93896263298813,16.9610373670119,-110.98874251497,-108.170706590332,-117.380540947267,387,316,322,147,17,NA,156.25,14.96,NA,NA,NA,"Justin","Watson","HOU","WR",29,2
"weighted","13634","WR",8.4,NA,1.6,NA,NA,-114.53874251497,NA,NA,388,NA,NA,148,17,NA,NA,NA,NA,NA,NA,"Dante","Pettis","NOS","WR",30,2
"weighted","16197","WR",8.4,NA,0,NA,NA,-114.53874251497,NA,NA,388,NA,NA,148,17,371.33,140.69,7.32,NA,NA,NA,"Jonathan","Mingo","DAL","WR",24,-3
"weighted","17238","WR",6.8,NA,1.4,NA,NA,-116.13874251497,NA,NA,389,NA,NA,149,17,NA,NA,NA,NA,NA,NA,"Tommy","Mellott","LVR","WR",NA,-5
"weighted","15752","WR",5.4,NA,1.4,NA,NA,-117.53874251497,NA,NA,390,NA,NA,150,17,348.5,147.8,6.31,NA,NA,NA,"Treylon","Burks","TEN","WR",25,-2
"weighted","16120","WR",4,NA,0.0999999999999996,NA,NA,-118.93874251497,NA,NA,391,NA,NA,151,17,NA,153.5,1.5,NA,NA,NA,"Austin","Trammell","JAC","WR",27,-1
"weighted","14280","WR",3.9,NA,0.1,NA,NA,-119.03874251497,NA,NA,392,NA,NA,152,17,NA,144.5,8.5,NA,NA,NA,"Scotty","Miller","PIT","WR",28,1
"weighted","13646","WR",3.8,NA,0.1,NA,NA,-119.13874251497,NA,NA,393,NA,NA,153,17,291.5,146.83,13.61,NA,NA,NA,"Michael","Gallup","WAS","WR",29,2
"weighted","13308","WR",3.7,NA,3.05,NA,NA,-119.23874251497,NA,NA,394,NA,NA,154,18,NA,NA,NA,NA,NA,NA,"Jamal","Agnew","ATL","WR",30,3
"weighted","15434","WR",0.65,NA,0,NA,NA,-122.28874251497,NA,NA,395,NA,NA,155,18,NA,169,6,NA,NA,NA,"Ihmir","Smith-Marsette","NYG","WR",26,-1
"weighted","13299","TE",151.903992015968,20.1158478643059,3.63502994011978,136.312706681832,173.274572688663,65.1205588822355,55.311325860662,75.3216331995722,27,29,22,1,1,21.13,1.72,0.56,44.0666666666667,5.36210054197254,-17.0666666666667,"George","Kittle","SFO","TE",32,3
"weighted","16641","TE",148.268962075848,9.11742499529005,7.63782435129738,138.232927874525,154.890060298417,61.4855289421158,57.2315470533553,56.9371208093256,31,27,37,2,2,21.58,1.58,0.81,40.7433333333333,31.8627884669388,-9.74333333333333,"Brock","Bowers","LVR","TE",23,-4
"weighted","15794","TE",140.631137724551,4.0569398642261,24.3695608782435,136.275411507075,143.552799485984,53.8477045908184,55.2740306859046,45.5998599968932,33,30,44,3,3,31.98,2.75,0.51,38.5933333333333,10.393898316908,-5.59333333333333,"Trey","McBride","ARI","TE",26,-2
"weighted","16214","TE",116.261576846307,7.5012607920931,1.91766467065868,111.25991374442,124.361707248784,29.4781437125749,30.2585329232503,26.4087677596933,56,52,60,4,3,59.64,4.3,0.63,53.1466666666667,12.0778939481278,2.85333333333333,"Sam","LaPorta","DET","TE",24,-3
"weighted","13671","TE",114.343912175649,12.2780215497452,10.9329341317365,106.758419120023,127.627924166242,27.5604790419162,25.7570382988534,29.6749846771507,59,55,57,5,4,68.7,5.7,1.97,71.2583333333333,16.2100096819493,-12.2583333333333,"Mark","Andrews","BAL","TE",30,2
"weighted","11244","TE",103.410978043912,10.5601140082043,1.95728542914172,95.3548293200966,114.661217674598,16.6275449101797,14.3534484989267,16.7082781855066,71,71,71,6,5,88.59,8.15,2.47,66.8133333333333,21.0199918067433,4.18666666666667,"Travis","Kelce","KCC","TE",36,7
"weighted","14138","TE",101.45369261477,0.762557926938709,4.03103792415169,100.633372840534,101.991888228476,14.6702594810379,19.6319920193641,4.03894873938495,75,64,89,7,5,77.31,6.34,1.57,78.234,16.0244558097927,-3.23400000000001,"T.J.","Hockenson","MIN","TE",28,1
"weighted","13192","TE",97.4226546906188,7.09014889872535,2.37135728542916,89.8050506651081,103.173707794777,10.6392215568862,8.8036698439382,5.22076830568602,78,77,87,8,6,93.91,9.09,2.51,101.584,7.04566987588831,-23.584,"David","Njoku","CLE","TE",29,3
"weighted","13674","TE",95.0512974051896,11.218509077385,4.24051896207584,85.7218437338152,106.76925786357,8.26786427145709,4.72046291264532,8.81631837447917,80,82,80,9,6,118.75,13.4,2.47,129.652,18.6022422304409,-49.652,"Dallas","Goedert","PHI","TE",30,2
"weighted","16222","TE",90.8107784431138,9.05713102582044,3.74570858283433,81.0013808211699,97.9529394890911,4.02734530938125,0,0,84,94,94,10,7,94.2,9.36,1.47,115.22,10.0283458257083,-31.22,"Tucker","Kraft","GBP","TE",25,-3
"weighted","11247","TE",87.0650698602795,17.8482278659471,0.271556886227557,73.0413655032074,105.97593434387,0.281636726546921,-7.96001531796246,8.02299485477856,92,107,81,11,7,169.84,19.7,3.15,143.963333333333,21.1699548627032,-51.9633333333333,"Zach","Ertz","WAS","TE",35,7
"weighted","17102","TE",86.7935129740519,4.49171694796206,0.0100798403193636,83.8335366032817,91.6463056816775,0.0100798403193636,2.83215578211187,-6.30663380741358,93,85,107,12,7,111.7,12.28,3.67,115.44,15.8907381829794,-22.44,"Tyler","Warren","IND","TE",23,-5
"weighted","15329","TE",86.7834331337325,3.43922440434489,0.883333333333326,83.5919237018036,90.2310496636823,0,2.59054288063372,-7.72188982540881,94,86,109,13,7,131.44,14.64,3.03,120.366,29.3771847527975,-26.366,"Kyle","Pitts","ATL","TE",25,-1
"weighted","13189","TE",85.9000998003992,3.19415102752318,0.579740518962083,82.3581730285124,88.0709936515614,-0.883333333333326,1.35679220734251,-9.88194583752974,96,90,115,14,7,99.28,10.25,3.19,111.378,23.7427533365446,-15.378,"Evan","Engram","DEN","TE",31,3
"weighted","12263","TE",85.3203592814371,21.2614400925304,1.2817365269461,64.7162319754336,105.769398266936,-1.46307385229541,-16.2851488457363,7.81645877784457,98,125,82,15,7,243,29.8,6.14,168.2525,35.7143783195228,-70.2525,"Darren","Waller","MIA","TE",33,5
"weighted","16213","TE",84.038622754491,5.45544976637053,1.23562874251496,80.0664610743917,90.0414409296638,-2.74481037924151,-0.934919746778192,-7.9114985594273,100,97,111,16,7,117.13,12.87,2.52,136.926,9.82926975924458,-36.926,"Dalton","Kincaid","BUF","TE",26,-3
"weighted","12676","TE",82.802994011976,4.17256102252869,0.179640718562879,78.6437178564945,86.7739206204816,-3.98043912175648,-2.35766296467534,-11.1790188686095,103,100,119,17,7,155.13,18.04,3.06,151.402,9.41616142597396,-48.402,"Hunter","Henry","NEP","TE",31,4
"weighted","17104","TE",82.6233532934132,11.3853474120562,0.711477045908183,71.3664084506559,93.2776624129782,-4.16007984031936,-9.63497237051398,-4.67527707611285,104,110,101,18,7,134.17,15.47,3.27,110.4325,10.7067183931399,-6.4325,"Colston","Loveland","CHI","TE",21,-5
"weighted","15799","TE",81.911876247505,1.32780750224892,0.836127744510989,80.5481172449815,83.0695408347794,-4.87155688622754,-0.453263576188334,-14.8833986543116,106,95,129,19,7,137.33,15.85,2.94,135.488,8.18951378288113,-29.488,"Jake","Ferguson","DAL","TE",26,-2
"weighted","13193","TE",81.075748502994,22.6285547412007,4.12485029940117,62.8058254501297,104.904425436413,-5.70768463073853,-18.1955553710402,6.95148594732163,109,130,83,20,8,142.59,16.23,4.78,125.594,28.1818832585759,-16.594,"Jonnu","Smith","PIT","TE",30,3
"weighted","13672","TE",76.9508982035928,3.070575935907,0.744610778443132,74.4562368275491,80.179212099602,-9.8325349301397,-6.54514399362075,-17.7737273894891,116,105,135,21,8,208.65,24.54,5.25,169.733333333333,30.7984895012005,-53.7333333333333,"Mike","Gesicki","CIN","TE",30,2
"weighted","15802","TE",76.2062874251497,12.20933682084,0.514670658682633,62.6021531831816,83.1697754799205,-10.5771457085828,-18.3992276379882,-14.7831640091706,118,131,128,22,8,208.7,24.17,3.47,162.006,16.0101825098904,-44.006,"Cade","Otton","TBB","TE",26,-2
"weighted","15798","TE",75.6916167664671,11.8850517153812,2.9001996007984,65.2768816037444,87.8723255181254,-11.0918163672655,-15.7244992174254,-10.0806139709657,119,123,116,23,9,164.56,19.13,4.51,143.246,19.1381719085183,-24.246,"Isaiah","Likely","BAL","TE",25,-2
"weighted","16269","TE",72.7914171656687,9.12138750032966,3.16107784431138,63.3027673558199,80.7931887171713,-13.9920159680639,-17.69861346535,-17.1597507719198,124,129,133,24,9,187.86,22.25,5.25,178.463333333333,4.94570745416894,-54.4633333333333,"Brenton","Strange","JAC","TE",25,-3
"weighted","13772","TE",69.6303393213573,9.80752926506735,0.815568862275441,61.8645190181313,80.0048077096611,-17.1530938123752,-19.1368618030386,-17.94813177943,135,134,137,25,9,235.03,27.77,3.71,206.305,6.905,-71.305,"Dalton","Schultz","HOU","TE",29,2
"weighted","15889","TE",68.8147704590818,8.86936104735834,0.237125748503004,62.3169304355528,78.577335963527,-17.9686626746507,-18.684450385617,-19.3756035255641,136,132,142,26,9,222.6,25.9,3.65,189.86,7.80999999999999,-53.86,"Chigoziem","Okonkwo","TEN","TE",26,-2
"weighted","16649","TE",68.5776447105788,4.3649386344143,0.0216566866267414,64.022053633582,72.4426207819972,-18.2057884231537,-16.9793271875878,-25.5103187070939,137,128,157,27,9,260.39,32.41,4.95,205,NA,-68,"Theo","Johnson","NYG","TE",24,-4
"weighted","15331","TE",68.5559880239521,17.6217898601733,0.416766467065855,50.9077899751925,84.927424471528,-18.2274451097804,-30.0935908459773,-13.0255150175631,138,152,124,28,9,203.14,23.87,3.8,155.818,23.1850049816686,-17.818,"Pat","Freiermuth","PIT","TE",27,-1
"weighted","14861","TE",68.1392215568862,8.2075393428784,2.78323353293415,62.1976401831668,76.9462825301004,-18.6442115768463,-18.8037406380031,-21.0066569589907,140,133,146,29,10,247.53,29.65,3.98,227.82,NA,-87.82,"Juwan","Johnson","NOS","TE",29,0
"weighted","12678","TE",65.3559880239521,21.5014590984619,0.34730538922156,41.9260686967142,81.8803299048619,-21.4274451097804,-39.0753121244557,-16.0726095842292,144,165,132,30,10,292.53,38.7,4.87,224.44,NA,-80.44,"Tyler","Higbee","LAR","TE",32,4
"weighted","17106","TE",65.0086826347305,7.14277901347916,2.10868263473053,59.1330521246338,72.6476167785886,-21.774750499002,-21.8683286965361,-25.3053227105025,145,139,154,31,10,225.34,26.37,4.2,162.9,17.63,-17.9,"Mason","Taylor","NYJ","TE",21,-5
"weighted","17215","TE",62.9,NA,5.149500998004,NA,NA,-23.8834331337325,NA,NA,146,NA,NA,32,11,NA,81,10.26,NA,NA,NA,"Robbie","Ouzts","SEA","TE",23,-5
"weighted","16643","TE",57.750499001996,6.54312259506132,2.67864271457085,52.4183077201862,64.7699641722852,-29.0329341317365,-28.5830731009836,-33.1829753168059,157,148,173,33,11,255.17,30.44,3.02,187,NA,-30,"Ja'Tavion","Sanders","CAR","TE",22,-4
"weighted","17108","TE",55.0718562874252,26.2137469846158,2.29986520272976,27.8819629116057,77.344874488766,-31.7115768463074,-53.1194179095642,-20.6080650003251,162,197,145,34,11,234.17,27.78,5.04,172.04,11.5,-10.04,"Elijah","Arroyo","SEA","TE",22,-5
"weighted","14239","TE",52.7719910846954,18.8443957186215,1.28876038964686,39.5378706691787,65.4667564483826,-34.0114420490371,-41.4635101519911,-32.4861830407085,166,169,171,35,11,347.46,47.6,4.41,NA,NA,NA,"Foster","Moreau","NOS","TE",28,1
"weighted","14137","TE",51.4832306950485,12.2425147150456,1.5122726112162,41.7111646106438,64.4102496332945,-35.300202438684,-39.2902162105261,-33.5426898557966,169,166,174,36,12,288.22,37.76,5.76,NA,NA,NA,"Noah","Fant","CIN","TE",28,1
"weighted","13675","TE",49.9709580838323,16.4649838510501,2.87095808383233,36.2757972520761,67.1679508855664,-36.8124750499002,-44.7255835690937,-30.7849886035247,172,174,168,37,12,303.19,40,4.25,NA,NA,NA,"Tyler","Conklin","LAC","TE",30,2
"weighted","15626","TE",47.1,NA,0.898403193612786,NA,NA,-39.6834331337325,NA,NA,177,NA,NA,38,12,373,70.8,6.43,NA,NA,NA,"Brock","Wright","DET","TE",27,-1
"weighted","15337","TE",46.2015968063872,6.76538270510319,0.0429786786011945,38.8116627864186,51.39411944497,-40.5818363273453,-42.1897180347513,-46.5588200441211,180,170,195,39,12,273.1,34.19,3.77,217.7,NA,-37.7,"Noah","Gray","KCC","TE",26,-1
"weighted","13424","TE",46.158618127786,17.9958675811976,0.94883768866427,33.5204055733808,58.2817617865417,-40.6248150059465,-47.4809752477891,-39.6711777025494,181,186,184,40,12,261.3,33.64,7.05,149.9,57.1,31.1,"Taysom","Hill","NOS","TE",35,3
"weighted","13763","TE",45.2097804391218,16.3652562639892,1.80978043912175,33.0189067616616,62.7080269148421,-41.5736526946108,-47.9824740595083,-35.244912574249,184,188,176,41,12,303.74,40.5,4.41,NA,NA,NA,"Will","Dissly","LAC","TE",29,2
"weighted","15916","TE",43.4,NA,0.282035928143721,NA,NA,-43.3834331337325,NA,NA,187,NA,NA,42,13,NA,75.2,9.7,NA,NA,NA,"Andrew","Ogletree","IND","TE",27,-2
"weighted","16723","TE",43.1179640718563,1.13817506468737,4.11796407185629,42.0798874537819,44.2615371301799,-43.6654690618762,-38.921493367388,-53.6914023589111,188,164,205,43,13,316.81,43.35,6.54,NA,NA,NA,"AJ","Barner","SEA","TE",23,-4
"weighted","15330","TE",39,NA,0.301996007984037,NA,NA,-47.7834331337325,NA,NA,196,NA,NA,44,13,374,65.71,8.05,NA,NA,NA,"Brevin","Jordan","HOU","TE",25,-1
"weighted","14867","TE",38.698003992016,20.1207158298702,0.401297405189617,21.9955624116052,59.7259307870045,-48.0854291417166,-59.0058184095647,-38.2270087020866,198,207,180,45,13,254.42,31.43,5.65,198.64,NA,-0.639999999999986,"Cole","Kmet","CHI","TE",26,0
"weighted","16212","TE",38.2967065868263,6.20088489260424,0.89670658682634,31.7481996573597,43.2432695976084,-48.4867265469062,-49.2531811638102,-54.7096698914827,199,190,210,46,13,334.5,45.35,2.9,257.4,NA,-58.4,"Michael","Mayer","LVR","TE",24,-3
"weighted","15800","TE",37.4,NA,2,NA,NA,-49.3834331337325,NA,NA,203,NA,NA,47,14,NA,88.67,16.05,NA,NA,NA,"Connor","Heyward","PIT","TE",26,-2
"weighted","15840","TE",35.4,NA,3.20888223552895,NA,NA,-51.3834331337325,NA,NA,206,NA,NA,48,14,NA,72,9.67,NA,NA,NA,"Jelani","Woods","IND","TE",27,-2
"weighted","17107","TE",32.1911177644711,1.82574320476736,0.443013972055891,30.2728671068592,33.7610114467694,-54.5923153692615,-50.7285137143107,-64.1919280423217,211,193,235,49,14,270.63,33.82,4.8,160.53,NA,50.47,"Terrance","Ferguson","LAR","TE",22,-5
"weighted","12677","TE",31.7481037924152,9.43193700121491,0.948103792415168,21.5199990213552,39.149364719104,-55.0353293413174,-59.4813817998147,-58.8035747699871,212,208,218,50,14,340.94,46.67,5.32,NA,NA,NA,"Austin","Hooper","NEP","TE",31,4
"weighted","17099","TE",30.8,7.63675323681471,0.122654690618763,25.545708391871,36.054291608129,-55.9834331337325,-55.4556724292988,-61.8986478809621,215,200,230,51,14,280.44,36.94,11.24,230.57,NA,-15.57,"Oronde","Gadsden","LAC","TE",22,-5
"weighted","17103","TE",30.6773453093812,11.7832191146576,0.577345309381236,23.178957071241,43.7948283656368,-56.1060878243513,-57.8224237499289,-54.1581111234543,216,203,206,52,14,283.34,36.53,4.37,177.18,NA,38.82,"Harold","Fannin","CLE","TE",21,-5
"weighted","16474","TE",30.1,NA,0.364471057884231,NA,NA,-56.6834331337325,NA,NA,217,NA,NA,53,14,NA,84.75,8.93,NA,NA,NA,"Nate","Adkins","DEN","TE",26,-3
"weighted","14143","TE",29.7355289421158,6.25666056108191,0.729141716566868,23.5056795570961,35.5282970104565,-57.0479041916168,-57.4957012640738,-62.4246424786346,219,202,232,54,14,320.1,42.65,4.04,NA,NA,NA,"Dawson","Knox","BUF","TE",29,1
"weighted","15332","TE",29.0063872255489,10.2665258772862,0.415868263473055,18.3001295869098,37.9704598276872,-57.7770459081836,-62.7012512342601,-59.9824796614039,220,221,221,55,14,358.38,50.38,4.58,NA,NA,NA,"Tommy","Tremble","CAR","TE",25,-1
"weighted","16644","TE",28.5905189620758,10.267025814505,1.09051896207585,17.4818838130123,34.8091928650899,-58.1929141716567,-63.5194970081576,-63.1437466240012,223,225,233,56,15,300.83,38.81,4.91,199.14,NA,23.86,"Ben","Sinnott","WAS","TE",23,-4
"weighted","15334","TE",27.5,NA,0.549101796407186,NA,NA,-59.2834331337325,NA,NA,227,NA,NA,57,15,351.5,72.2,9.43,NA,NA,NA,"Hunter","Long","JAC","TE",27,-1
"weighted","14209","TE",26.9508982035928,4.41896556188981,0.811776447105785,22.1059436249156,30.241368779819,-59.8325349301397,-58.8954371962543,-67.7115707092721,230,206,242,58,15,367.44,53.7,3.07,NA,NA,NA,"Josh","Oliver","MIN","TE",28,1
"weighted","16215","TE",26.139121756487,6.54021069606089,0.0143074919996593,20.4490566709675,32.8623082308429,-60.6443113772455,-60.5523241502024,-65.0906312582482,231,211,236,59,15,335.88,45.96,4.42,NA,NA,NA,"Luke","Musgrave","GBP","TE",25,-3
"weighted","16312","TE",26.1248142644874,7.91959594928933,0.824814264487369,20.5630075607806,31.4599501771814,-60.6586188692452,-60.4383732603893,-66.4929893119097,232,210,239,60,15,357.67,62,8.16,NA,NA,NA,"Josh","Whyle","TEN","TE",26,-3
"weighted","15796","TE",25.3,NA,0.397473997028236,NA,NA,-61.4834331337325,NA,NA,234,NA,NA,61,15,373.86,58.83,4.06,NA,NA,NA,"Jeremy","Ruckert","NYJ","TE",25,-2
"weighted","16216","TE",24.9025260029718,6.50538238691624,0.402526002971765,20.333899067784,29.2849590741133,-61.8809071307608,-60.6674817533858,-68.6679804149778,235,213,244,62,15,348.2,60.8,10.26,NA,NA,NA,"Darnell","Washington","PIT","TE",24,-3
"weighted","16218","TE",24.5,NA,0.599999999999998,NA,NA,-62.2834331337325,NA,NA,237,NA,NA,63,15,NA,69.44,8.42,NA,NA,NA,"Payne","Durham","TBB","TE",25,-3
"weighted","15905","TE",23.9,NA,0.500000000000007,NA,NA,-62.8834331337325,NA,NA,238,NA,NA,64,15,NA,93.5,8.5,NA,NA,NA,"Teagan","Quitoriano","ATL","TE",25,-2
"weighted","15041","TE",23.4,NA,0.999999999999993,NA,NA,-63.3834331337325,NA,NA,240,NA,NA,65,15,NA,NA,NA,NA,NA,NA,"Lawrence","Cager","WAS","TE",28,0
"weighted","14871","TE",22.4,NA,0.0463595839524551,NA,NA,-64.3834331337325,NA,NA,246,NA,NA,66,15,354,68.38,8.69,NA,NA,NA,"Colby","Parkinson","LAR","TE",26,0
"weighted","14870","TE",22.3536404160475,6.57609306503489,0.938670356167307,17.7353544924339,26.7837086292667,-64.429792717685,-63.266026328736,-71.1692308598244,247,224,249,67,15,386,62.13,3.48,NA,NA,NA,"Adam","Trautman","DEN","TE",28,0
"weighted","16333","TE",21.4149700598802,1.05629172693408,0.514970059880241,20.3383798232479,22.3735417097028,-65.3684630738523,-60.663000997922,-75.5793977793883,248,212,261,68,15,376.33,56.6,3.8,NA,NA,NA,"Elijah","Higgins","ARI","TE",25,-3
"weighted","15804","TE",20.9,NA,0.799999999999997,NA,NA,-65.8834331337325,NA,NA,250,NA,NA,69,16,365.22,58.36,5.93,NA,NA,NA,"Grant","Calcaterra","PHI","TE",27,-2
"weighted","15873","TE",20.1,NA,0.17604790419162,NA,NA,-66.6834331337325,NA,NA,251,NA,NA,70,16,NA,70.57,4.59,NA,NA,NA,"Daniel","Bellinger","NYG","TE",25,-2
"weighted","16221","TE",19.9239520958084,2.34628935690223,0.023952095808383,17.3176974730065,21.4810376472861,-66.8594810379242,-63.6836833481634,-76.471901841805,252,226,265,71,16,354,50.5,4.26,NA,NA,NA,"Luke","Schoonmaker","DAL","TE",27,-3
"weighted","15795","TE",19.9,NA,0.199999999999996,NA,NA,-66.8834331337325,NA,NA,253,NA,NA,72,16,NA,76.25,6.98,NA,NA,NA,"Charlie","Kolar","BAL","TE",26,-2
"weighted","16765","TE",19.7,NA,0.0821693907875236,NA,NA,-67.0834331337325,NA,NA,254,NA,NA,73,16,NA,84.67,15.15,NA,NA,NA,"Tanner","McLachlan","CIN","TE",26,-4
"weighted","16796","TE",19.6178306092125,1.13137084989847,0.397072126178543,18.8232867943972,20.3799928824545,-67.16560252452,-62.1780940267727,-77.5729466066366,255,220,270,74,16,NA,89,3.16,NA,NA,NA,"Devin","Culp","TBB","TE",25,-4
"weighted","16642","TE",19.2207584830339,2.80521094683517,0.0207584830339336,16.3057528022773,21.5915857671302,-67.5626746506986,-64.6956280188926,-76.3613537219609,257,228,264,75,16,363.89,56.91,4.52,NA,NA,NA,"Cade","Stover","HOU","TE",25,-4
"weighted","15054","TE",19.2,NA,0.100000000000001,NA,NA,-67.5834331337325,NA,NA,258,NA,NA,76,16,NA,NA,NA,NA,NA,NA,"Giovanni","Ricci","MIN","TE",29,0
"weighted","17231","TE",19.1,NA,0.100000000000001,NA,NA,-67.6834331337325,NA,NA,260,NA,NA,77,16,NA,89.33,6.94,NA,NA,NA,"Gavin","Bartholomew","MIN","TE",22,-5
"weighted","15970","TE",19,NA,0.100000000000001,NA,NA,-67.7834331337325,NA,NA,262,NA,NA,78,16,NA,86.25,18.17,NA,NA,NA,"Lucas","Krull","DEN","TE",27,-2
"weighted","13988","TE",18.9,NA,0.399999999999999,NA,NA,-67.8834331337325,NA,NA,263,NA,NA,79,16,NA,NA,NA,NA,NA,NA,"Ross","Dwelley","SFO","TE",30,2
"weighted","16647","TE",18.5,NA,0.186327345309383,NA,NA,-68.2834331337325,NA,NA,265,NA,NA,80,16,NA,75.2,15.43,NA,NA,NA,"Brevyn","Spann-Ford","DAL","TE",26,-4
"weighted","17105","TE",18.3136726546906,5.18722098561349,0.0870010350769483,13.4478854807189,23.433890383481,-68.4697604790419,-67.553495340451,-74.5190491056101,266,239,260,81,16,346.22,47.78,4.34,NA,NA,NA,"Gunnar","Helm","TEN","TE",23,-5
"weighted","16113","TE",18.2266716196137,0.106066017177981,0.108692421991083,18.1521831369747,18.2981243327301,-68.5567615141189,-62.8491976841951,-79.654815156361,267,222,274,82,16,374.67,59,10.97,NA,NA,NA,"Stone","Smartt","NYJ","TE",27,-2
"weighted","13940","TE",18.1179791976226,4.31335136523794,0.0179791976225836,15.0887809036394,21.0237228643577,-68.6654539361099,-65.9125999175305,-76.9292166247334,268,231,268,83,16,NA,70.25,4.12,NA,NA,NA,"Johnny","Mundt","JAC","TE",31,3
"weighted","16979","TE",18.1,NA,0.100000000000001,NA,NA,-68.6834331337325,NA,NA,269,NA,NA,84,16,NA,NA,NA,NA,NA,NA,"Cam","Grandy","CIN","TE",26,-4
"weighted","17268","TE",18.1,NA,0,NA,NA,-68.6834331337325,NA,NA,269,NA,NA,84,16,NA,68.5,4.72,NA,NA,NA,"Jake","Briningstool","KCC","TE",23,-5
"weighted","16648","TE",18,NA,0.299999999999997,NA,NA,-68.7834331337325,NA,NA,270,NA,NA,85,16,NA,87,7.8,NA,NA,NA,"Jared","Wiley","KCC","TE",25,-4
"weighted","15797","TE",17.7,NA,0.100000000000005,NA,NA,-69.0834331337325,NA,NA,272,NA,NA,86,16,334.8,66.44,26.26,NA,NA,NA,"Greg","Dulcich","NYG","TE",25,-2
"weighted","14370","TE",17.6,NA,0.299999999999997,NA,NA,-69.1834331337325,NA,NA,273,NA,NA,87,16,383.33,67.86,8.39,NA,NA,NA,"Tanner","Hudson","CIN","TE",31,2
"weighted","17111","TE",17.3,NA,0.0331352154531963,NA,NA,-69.4834331337325,NA,NA,274,NA,NA,88,16,333,68.43,20.47,NA,NA,NA,"Luke","Lachey","HOU","TE",24,-5
"weighted","16425","TE",17.2668647845468,4.24264068711928,0.166864784546803,14.2873254789896,20.1249733092043,-69.5165683491857,-66.7140553421803,-77.8279661798868,275,234,272,89,16,354.4,63.3,10.13,NA,NA,NA,"Julian","Hill","MIA","TE",25,-3
"weighted","16447","TE",17.1,NA,0.100000000000001,NA,NA,-69.6834331337325,NA,NA,278,NA,NA,90,16,NA,NA,NA,NA,NA,NA,"Travis","Vokolek","ARI","TE",27,-3
"weighted","17213","TE",17.1,NA,0,NA,NA,-69.6834331337325,NA,NA,278,NA,NA,90,16,NA,91,12.33,NA,NA,NA,"Jackson","Hawes","BUF","TE",25,-5
"weighted","13427","TE",17,NA,0.100000000000001,NA,NA,-69.7834331337325,NA,NA,279,NA,NA,91,16,NA,NA,NA,NA,NA,NA,"Robert","Tonyan","KCC","TE",31,3
"weighted","16367","TE",16.9,NA,0.399999999999999,NA,NA,-69.8834331337325,NA,NA,280,NA,NA,92,16,NA,101,11,NA,NA,NA,"Brayden","Willis","SFO","TE",26,-3
"weighted","15335","TE",16.5,NA,0.182169390787521,NA,NA,-70.2834331337325,NA,NA,281,NA,NA,93,16,NA,80.2,13.96,NA,NA,NA,"Luke","Farrell","SFO","TE",28,-1
"weighted","14146","TE",16.3178306092125,1.13137084989848,0.117830609212476,15.5232867943972,17.0799928824545,-70.46560252452,-65.4780940267727,-80.8729466066366,282,230,277,94,16,NA,67,6.4,NA,NA,NA,"Drew","Sample","CIN","TE",29,1
"weighted","17259","TE",16.2,NA,0.300000000000002,NA,NA,-70.5834331337325,NA,NA,284,NA,NA,95,16,NA,103.33,8.22,NA,NA,NA,"Moliki","Matavao","NOS","TE",22,-5
"weighted","16940","TE",15.9,NA,0.4,NA,NA,-70.8834331337325,NA,NA,286,NA,NA,96,16,NA,NA,NA,NA,NA,NA,"Blake","Whiteheart","CLE","TE",25,-3
"weighted","13678","TE",15.5,NA,0.299999999999999,NA,NA,-71.2834331337325,NA,NA,288,NA,NA,97,16,NA,81.67,1.25,NA,NA,NA,"Ian","Thomas","LVR","TE",29,2
"weighted","16706","TE",15.5,NA,0,NA,NA,-71.2834331337325,NA,NA,288,NA,NA,97,16,NA,88.75,8.87,NA,NA,NA,"Tip","Reiman","ARI","TE",24,-4
"weighted","17109","TE",15.2,NA,0.200000000000003,NA,NA,-71.5834331337325,NA,NA,289,NA,NA,98,16,359.83,60.3,20.1,NA,NA,NA,"Mitchell","Evans","CAR","TE",22,-5
"weighted","15341","TE",15,NA,0.0999999999999979,NA,NA,-71.7834331337325,NA,NA,290,NA,NA,99,16,NA,NA,NA,NA,NA,NA,"Quintin","Morris","JAC","TE",26,-1
"weighted","16220","TE",14.9,NA,0.300000000000001,NA,NA,-71.8834331337325,NA,NA,292,NA,NA,100,16,NA,89.8,16.83,NA,NA,NA,"Will","Mallory","IND","TE",26,-3
"weighted","13676","TE",14.6,NA,0,NA,NA,-72.1834331337325,NA,NA,294,NA,NA,101,16,NA,93,8.75,NA,NA,NA,"Durham","Smythe","CHI","TE",30,2
